{
"type": "FeatureCollection",
"name": "nodes_from_geopackage",
"crs": { "type": "name", "properties": { "name": "urn:ogc:def:crs:OGC:1.3:CRS84" } },
"features": [
{ "type": "Feature", "properties": { "fid": 1, "OBJECTID": 1.0, "CalSim_ID": "EMD001", "Riv_Mi": 1.24, "Riv_Name": "Natomas East Main Drainage Canal", "Comment": "Conceptual inflow from RFS22", "C2VSIM_GW": null, "C2VSIM_SW": null, "CalSim2_ID": null, "Type": "CH", "Sub_Type": "CNL", "Nrest_Gage": null, "Strm_Code": "EMD", "RM_II": 1, "HR": "SAC" }, "geometry": { "type": "Point", "coordinates": [ -121.492882721330403, 38.608038104968422 ] } },
{ "type": "Feature", "properties": { "fid": 2, "OBJECTID": 2.0, "CalSim_ID": "SAC232", "Riv_Mi": 231.83, "Riv_Name": "Sacramento River", "Comment": "Antelope Creek Confluence", "C2VSIM_GW": "079", "C2VSIM_SW": "232", "CalSim2_ID": null, "Type": "CH", "Sub_Type": "STM", "Nrest_Gage": null, "Strm_Code": "SAC", "RM_II": 232, "HR": "SAC" }, "geometry": { "type": "Point", "coordinates": [ -122.116209879680781, 40.082858699213922 ] } },
{ "type": "Feature", "properties": { "fid": 3, "OBJECTID": 3.0, "CalSim_ID": "SAC228", "Riv_Mi": 228.02, "Riv_Name": "Sacramento River", "Comment": "Elder Creek/Mill Creek Confluences (Elder Creek actually 0.5mi upstream)??", "C2VSIM_GW": "086", "C2VSIM_SW": "236", "CalSim2_ID": null, "Type": "CH", "Sub_Type": "STM", "Nrest_Gage": null, "Strm_Code": "SAC", "RM_II": 228, "HR": "SAC" }, "geometry": { "type": "Point", "coordinates": [ -122.118061748560521, 40.036601245928445 ] } },
{ "type": "Feature", "properties": { "fid": 4, "OBJECTID": 4.0, "CalSim_ID": "SAC224", "Riv_Mi": 224.0, "Riv_Name": "Sacramento River", "Comment": "Thomes Creek Confluence", "C2VSIM_GW": "094", "C2VSIM_SW": "247", "CalSim2_ID": "113", "Type": "CH", "Sub_Type": "STM", "Nrest_Gage": null, "Strm_Code": "SAC", "RM_II": 224, "HR": "SAC" }, "geometry": { "type": "Point", "coordinates": [ -122.095303346297456, 39.990781358554827 ] } },
{ "type": "Feature", "properties": { "fid": 5, "OBJECTID": 5.0, "CalSim_ID": "SAC218", "Riv_Mi": 218.23, "Riv_Name": "Sacramento River", "Comment": "Deer Creek Confluence", "C2VSIM_GW": "099", "C2VSIM_SW": "255", "CalSim2_ID": null, "Type": "CH", "Sub_Type": "STM", "Nrest_Gage": null, "Strm_Code": "SAC", "RM_II": 218, "HR": "SAC" }, "geometry": { "type": "Point", "coordinates": [ -122.085127320656895, 39.921520503305629 ] } },
{ "type": "Feature", "properties": { "fid": 6, "OBJECTID": 6.0, "CalSim_ID": "SAC214", "Riv_Mi": 214.0, "Riv_Name": "Sacramento River", "Comment": "C2VSIM Node", "C2VSIM_GW": "105", "C2VSIM_SW": "260", "CalSim2_ID": null, "Type": "CH", "Sub_Type": "STM", "Nrest_Gage": null, "Strm_Code": "SAC", "RM_II": 214, "HR": "SAC" }, "geometry": { "type": "Point", "coordinates": [ -122.062843296627605, 39.874823193897114 ] } },
{ "type": "Feature", "properties": { "fid": 7, "OBJECTID": 7.0, "CalSim_ID": "SAC207", "Riv_Mi": 206.55, "Riv_Name": "Sacramento River", "Comment": "Glenn-Colusa Canal Diversion", "C2VSIM_GW": "113", "C2VSIM_SW": "261", "CalSim2_ID": "114", "Type": "CH", "Sub_Type": "STM", "Nrest_Gage": null, "Strm_Code": "SAC", "RM_II": 207, "HR": "SAC" }, "geometry": { "type": "Point", "coordinates": [ -122.0525681439116, 39.802385250981388 ] } },
{ "type": "Feature", "properties": { "fid": 8, "OBJECTID": 8.0, "CalSim_ID": "SAC196", "Riv_Mi": 195.71, "Riv_Name": "Sacramento River", "Comment": "Big Chico Creek Confluence", "C2VSIM_GW": "129", "C2VSIM_SW": "262", "CalSim2_ID": null, "Type": "CH", "Sub_Type": "STM", "Nrest_Gage": null, "Strm_Code": "SAC", "RM_II": 196, "HR": "SAC" }, "geometry": { "type": "Point", "coordinates": [ -121.942632603754063, 39.69656442924537 ] } },
{ "type": "Feature", "properties": { "fid": 9, "OBJECTID": 9.0, "CalSim_ID": "SAC193", "Riv_Mi": 192.56, "Riv_Name": "Sacramento River", "Comment": "Stoney Creek Confluence", "C2VSIM_GW": "140", "C2VSIM_SW": "274", "CalSim2_ID": "115", "Type": "CH", "Sub_Type": "STM", "Nrest_Gage": null, "Strm_Code": "SAC", "RM_II": 193, "HR": "SAC" }, "geometry": { "type": "Point", "coordinates": [ -121.974536866373043, 39.675778732433798 ] } },
{ "type": "Feature", "properties": { "fid": 10, "OBJECTID": 10.0, "CalSim_ID": "SAC185", "Riv_Mi": 185.36, "Riv_Name": "Sacramento River", "Comment": "Closure Term (Ord Ferry) C2VSIM Node (Ord Ferry actually 0.5mi upstream) near USGS Gage - 11388700", "C2VSIM_GW": null, "C2VSIM_SW": null, "CalSim2_ID": null, "Type": "CH", "Sub_Type": "SG", "Nrest_Gage": "11388700 / DWR A0-2570 (ORD)", "Strm_Code": "SAC", "RM_II": 185, "HR": "SAC" }, "geometry": { "type": "Point", "coordinates": [ -121.99208099299841, 39.628938661153022 ] } },
{ "type": "Feature", "properties": { "fid": 11, "OBJECTID": 11.0, "CalSim_ID": "SAC182", "Riv_Mi": 182.0, "Riv_Name": "Sacramento River", "Comment": "C2VSIM Node", "C2VSIM_GW": "155", "C2VSIM_SW": "276", "CalSim2_ID": "116", "Type": "CH", "Sub_Type": "STM", "Nrest_Gage": null, "Strm_Code": "SAC", "RM_II": 182, "HR": "SAC" }, "geometry": { "type": "Point", "coordinates": [ -121.999124612267892, 39.596559112009125 ] } },
{ "type": "Feature", "properties": { "fid": 12, "OBJECTID": 12.0, "CalSim_ID": "SAC178", "Riv_Mi": 178.0, "Riv_Name": "Sacramento River", "Comment": "C2VSIM Node. Sidds Landing Pump Station.", "C2VSIM_GW": "171", "C2VSIM_SW": "277", "CalSim2_ID": "117", "Type": "CH", "Sub_Type": "STM", "Nrest_Gage": null, "Strm_Code": "SAC", "RM_II": 178, "HR": "SAC" }, "geometry": { "type": "Point", "coordinates": [ -122.002016930545594, 39.553935308611464 ] } },
{ "type": "Feature", "properties": { "fid": 13, "OBJECTID": 13.0, "CalSim_ID": "SAC174", "Riv_Mi": 174.0, "Riv_Name": "Sacramento River", "Comment": "C2VSIM Node", "C2VSIM_GW": "186", "C2VSIM_SW": "278", "CalSim2_ID": null, "Type": "CH", "Sub_Type": "STM", "Nrest_Gage": null, "Strm_Code": "SAC", "RM_II": 174, "HR": "SAC" }, "geometry": { "type": "Point", "coordinates": [ -121.99405292502172, 39.508391825770168 ] } },
{ "type": "Feature", "properties": { "fid": 14, "OBJECTID": 14.0, "CalSim_ID": "SAC168", "Riv_Mi": 168.0, "Riv_Name": "Sacramento River", "Comment": "C2VSIM Node (Should probably be located at real RM159.5 [Maxwell Pump Station])??", "C2VSIM_GW": "202", "C2VSIM_SW": "279", "CalSim2_ID": "122", "Type": "CH", "Sub_Type": "STM", "Nrest_Gage": null, "Strm_Code": "SAC", "RM_II": 168, "HR": "SAC" }, "geometry": { "type": "Point", "coordinates": [ -121.996831601390809, 39.440441419343699 ] } },
{ "type": "Feature", "properties": { "fid": 15, "OBJECTID": 15.0, "CalSim_ID": "SAC162", "Riv_Mi": 162.0, "Riv_Name": "Sacramento River", "Comment": "C2VSIM Node", "C2VSIM_GW": "221", "C2VSIM_SW": "280", "CalSim2_ID": "123", "Type": "CH", "Sub_Type": "STM", "Nrest_Gage": null, "Strm_Code": "SAC", "RM_II": 162, "HR": "SAC" }, "geometry": { "type": "Point", "coordinates": [ -122.011054793629597, 39.369861979704638 ] } },
{ "type": "Feature", "properties": { "fid": 16, "OBJECTID": 16.0, "CalSim_ID": "SAC159", "Riv_Mi": 159.34, "Riv_Name": "Sacramento River", "Comment": "Maxwell Pump Station - Diversion to 8NS. SACTO R AT MOULTON WEIR (CREST 76.8')'", "C2VSIM_GW": null, "C2VSIM_SW": null, "CalSim2_ID": "124", "Type": "CH", "Sub_Type": "SG", "Nrest_Gage": "11389350 / DWR A0-2986 (MLW)", "Strm_Code": "SAC", "RM_II": 159, "HR": "SAC" }, "geometry": { "type": "Point", "coordinates": [ -122.030081136515292, 39.339954553352769 ] } },
{ "type": "Feature", "properties": { "fid": 17, "OBJECTID": 17.0, "CalSim_ID": "SAC154", "Riv_Mi": 154.0, "Riv_Name": "Sacramento River", "Comment": "C2VSIM Node", "C2VSIM_GW": "240", "C2VSIM_SW": "281", "CalSim2_ID": null, "Type": "CH", "Sub_Type": "STM", "Nrest_Gage": null, "Strm_Code": "SAC", "RM_II": 154, "HR": "SAC" }, "geometry": { "type": "Point", "coordinates": [ -122.014603801811091, 39.288659491374901 ] } },
{ "type": "Feature", "properties": { "fid": 18, "OBJECTID": 18.0, "CalSim_ID": "SAC141", "Riv_Mi": 140.63, "Riv_Name": "Sacramento River", "Comment": "Butte Creek Confluence", "C2VSIM_GW": "262", "C2VSIM_SW": "294", "CalSim2_ID": null, "Type": "CH", "Sub_Type": "STM", "Nrest_Gage": null, "Strm_Code": "SAC", "RM_II": 141, "HR": "SAC" }, "geometry": { "type": "Point", "coordinates": [ -121.937387278280696, 39.193870815642306 ] } },
{ "type": "Feature", "properties": { "fid": 19, "OBJECTID": 19.0, "CalSim_ID": "SAC134", "Riv_Mi": 134.0, "Riv_Name": "Sacramento River", "Comment": "C2VSIM Node", "C2VSIM_GW": "269", "C2VSIM_SW": "295", "CalSim2_ID": null, "Type": "CH", "Sub_Type": "STM", "Nrest_Gage": null, "Strm_Code": "SAC", "RM_II": 134, "HR": "SAC" }, "geometry": { "type": "Point", "coordinates": [ -121.935511657673274, 39.130839429146292 ] } },
{ "type": "Feature", "properties": { "fid": 20, "OBJECTID": 20.0, "CalSim_ID": "SAC129", "Riv_Mi": 129.0, "Riv_Name": "Sacramento River", "Comment": "C2VSIM Node", "C2VSIM_GW": "277", "C2VSIM_SW": "296", "CalSim2_ID": null, "Type": "CH", "Sub_Type": "STM", "Nrest_Gage": null, "Strm_Code": "SAC", "RM_II": 129, "HR": "SAC" }, "geometry": { "type": "Point", "coordinates": [ -121.891681384945869, 39.082900305667586 ] } },
{ "type": "Feature", "properties": { "fid": 21, "OBJECTID": 21.0, "CalSim_ID": "SAC148", "Riv_Mi": 148.0, "Riv_Name": "Sacramento River", "Comment": "Colusa Weir. Colusa Weir Spill to Butte Basin near Colusa.", "C2VSIM_GW": "254", "C2VSIM_SW": "282", "CalSim2_ID": null, "Type": "CH", "Sub_Type": "SG", "Nrest_Gage": "11389470 / DWR A0-2981", "Strm_Code": "SAC", "RM_II": 148, "HR": "SAC" }, "geometry": { "type": "Point", "coordinates": [ -121.998302746115357, 39.232121361624664 ] } },
{ "type": "Feature", "properties": { "fid": 22, "OBJECTID": 22.0, "CalSim_ID": "SAC122", "Riv_Mi": 121.76, "Riv_Name": "Sacramento River", "Comment": "Tisdale Weir", "C2VSIM_GW": "291", "C2VSIM_SW": "297", "CalSim2_ID": "126", "Type": "CH", "Sub_Type": "STM", "Nrest_Gage": null, "Strm_Code": "SAC", "RM_II": 122, "HR": "SAC" }, "geometry": { "type": "Point", "coordinates": [ -121.822414974841138, 39.02399236170659 ] } },
{ "type": "Feature", "properties": { "fid": 23, "OBJECTID": 23.0, "CalSim_ID": "SAC121", "Riv_Mi": 120.87, "Riv_Name": "Sacramento River", "Comment": "Diversion to RD108 at Wilkins Slough", "C2VSIM_GW": null, "C2VSIM_SW": null, "CalSim2_ID": "127", "Type": "CH", "Sub_Type": "STM", "Nrest_Gage": "11390500", "Strm_Code": "SAC", "RM_II": 121, "HR": "SAC" }, "geometry": { "type": "Point", "coordinates": [ -121.826503802136543, 39.0124579834957 ] } },
{ "type": "Feature", "properties": { "fid": 24, "OBJECTID": 24.0, "CalSim_ID": "SAC115", "Riv_Mi": 114.72, "Riv_Name": "Sacramento River", "Comment": "C2VSIM Node (Pelger Pump Station)", "C2VSIM_GW": "303", "C2VSIM_SW": "298", "CalSim2_ID": "128", "Type": "CH", "Sub_Type": "STM", "Nrest_Gage": null, "Strm_Code": "SAC", "RM_II": 115, "HR": "SAC" }, "geometry": { "type": "Point", "coordinates": [ -121.832183561285376, 38.960201617512709 ] } },
{ "type": "Feature", "properties": { "fid": 25, "OBJECTID": 25.0, "CalSim_ID": "SAC106", "Riv_Mi": 106.0, "Riv_Name": "Sacramento River", "Comment": "C2VSIM Node", "C2VSIM_GW": "315", "C2VSIM_SW": "299", "CalSim2_ID": "129", "Type": "CH", "Sub_Type": "STM", "Nrest_Gage": null, "Strm_Code": "SAC", "RM_II": 106, "HR": "SAC" }, "geometry": { "type": "Point", "coordinates": [ -121.805527183036247, 38.893571807202086 ] } },
{ "type": "Feature", "properties": { "fid": 26, "OBJECTID": 26.0, "CalSim_ID": "SAC097", "Riv_Mi": 97.0, "Riv_Name": "Sacramento River", "Comment": "C2VSIM Node (State Ranch Bend  Pump Station??)", "C2VSIM_GW": "327", "C2VSIM_SW": "300", "CalSim2_ID": null, "Type": "CH", "Sub_Type": "STM", "Nrest_Gage": null, "Strm_Code": "SAC", "RM_II": 97, "HR": "SAC" }, "geometry": { "type": "Point", "coordinates": [ -121.727927118583267, 38.852985557731131 ] } },
{ "type": "Feature", "properties": { "fid": 27, "OBJECTID": 27.0, "CalSim_ID": "SAC092", "Riv_Mi": 92.45, "Riv_Name": "Sacramento River", "Comment": "Gage on Sacramento River at Knights Landing.", "C2VSIM_GW": "339", "C2VSIM_SW": "301", "CalSim2_ID": "134", "Type": "CH", "Sub_Type": "SG", "Nrest_Gage": "11391000 / DWR (KNL)", "Strm_Code": "SAC", "RM_II": 92, "HR": "SAC" }, "geometry": { "type": "Point", "coordinates": [ -121.715008369430734, 38.802369868931208 ] } },
{ "type": "Feature", "properties": { "fid": 28, "OBJECTID": 28.0, "CalSim_ID": "SAC085", "Riv_Mi": 85.49, "Riv_Name": "Sacramento River", "Comment": "Closure Term (Knights Landing [actullay several miles upstream]) Sutter Bypass Return and Yolo Bypass begin (Fremont Weir)", "C2VSIM_GW": "349", "C2VSIM_SW": "331", "CalSim2_ID": null, "Type": "CH", "Sub_Type": "STM", "Nrest_Gage": null, "Strm_Code": "SAC", "RM_II": 85, "HR": "SAC" }, "geometry": { "type": "Point", "coordinates": [ -121.651342971233717, 38.764494518086515 ] } },
{ "type": "Feature", "properties": { "fid": 29, "OBJECTID": 29.0, "CalSim_ID": "SAC083", "Riv_Mi": 82.67, "Riv_Name": "Sacramento River", "Comment": "Feather River Confluence. Schematic indicates spill from here to YBP050 C2VSIM Node.", "C2VSIM_GW": "350", "C2VSIM_SW": "332", "CalSim2_ID": "160", "Type": "CH", "Sub_Type": "STM", "Nrest_Gage": null, "Strm_Code": "SAC", "RM_II": 83, "HR": "SAC" }, "geometry": { "type": "Point", "coordinates": [ -121.621761444831833, 38.784869143642972 ] } },
{ "type": "Feature", "properties": { "fid": 30, "OBJECTID": 30.0, "CalSim_ID": "SAC082", "Riv_Mi": 81.69, "Riv_Name": "Sacramento River", "Comment": "Cross Canal (includes Auburn Ravine) confluence", "C2VSIM_GW": "351", "C2VSIM_SW": "368", "CalSim2_ID": null, "Type": "CH", "Sub_Type": "STM", "Nrest_Gage": null, "Strm_Code": "SAC", "RM_II": 82, "HR": "SAC" }, "geometry": { "type": "Point", "coordinates": [ -121.60516407666519, 38.779545048647485 ] } },
{ "type": "Feature", "properties": { "fid": 31, "OBJECTID": 31.0, "CalSim_ID": "SAC081", "Riv_Mi": 81.16, "Riv_Name": "Sacramento River", "Comment": "C2VSIM Node. Sacramento River at Verona. USGS11425500/DWRA02150", "C2VSIM_GW": "363", "C2VSIM_SW": "369", "CalSim2_ID": null, "Type": "CH", "Sub_Type": "SG", "Nrest_Gage": "11425500", "Strm_Code": "SAC", "RM_II": 81, "HR": "SAC" }, "geometry": { "type": "Point", "coordinates": [ -121.599073558659285, 38.773510402602732 ] } },
{ "type": "Feature", "properties": { "fid": 32, "OBJECTID": 32.0, "CalSim_ID": "SAC077", "Riv_Mi": 77.0, "Riv_Name": "Sacramento River", "Comment": "SRWRS diversion (Future)", "C2VSIM_GW": null, "C2VSIM_SW": null, "CalSim2_ID": null, "Type": "CH", "Sub_Type": "STM", "Nrest_Gage": null, "Strm_Code": "SAC", "RM_II": 77, "HR": "SAC" }, "geometry": { "type": "Point", "coordinates": [ -121.607298825015519, 38.716438516385708 ] } },
{ "type": "Feature", "properties": { "fid": 33, "OBJECTID": 33.0, "CalSim_ID": "SAC078", "Riv_Mi": 78.0, "Riv_Name": "Sacramento River", "Comment": "Natomas Central MWC diversion point (Pritchard Lake Pump Station)", "C2VSIM_GW": "362", "C2VSIM_SW": "370", "CalSim2_ID": "162", "Type": "CH", "Sub_Type": "STM", "Nrest_Gage": null, "Strm_Code": "SAC", "RM_II": 78, "HR": "SAC" }, "geometry": { "type": "Point", "coordinates": [ -121.604302478143282, 38.730565853100018 ] } },
{ "type": "Feature", "properties": { "fid": 34, "OBJECTID": 34.0, "CalSim_ID": "SAC074", "Riv_Mi": 73.63, "Riv_Name": "Sacramento River", "Comment": "RD2035 Diversion/Pump Station", "C2VSIM_GW": null, "C2VSIM_SW": null, "CalSim2_ID": null, "Type": "CH", "Sub_Type": "STM", "Nrest_Gage": null, "Strm_Code": "SAC", "RM_II": 74, "HR": "SAC" }, "geometry": { "type": "Point", "coordinates": [ -121.629845113153692, 38.676649085219758 ] } },
{ "type": "Feature", "properties": { "fid": 35, "OBJECTID": 35.0, "CalSim_ID": "SAC066", "Riv_Mi": 66.0, "Riv_Name": "Sacramento River", "Comment": "Sacramento Weir spill to Yolo Bypass. USGS11426000/DWRA02903", "C2VSIM_GW": "372", "C2VSIM_SW": "372", "CalSim2_ID": "165", "Type": "CH", "Sub_Type": "SG", "Nrest_Gage": "11426000", "Strm_Code": "SAC", "RM_II": 66, "HR": "SAC" }, "geometry": { "type": "Point", "coordinates": [ -121.555463476640611, 38.604740910468728 ] } },
{ "type": "Feature", "properties": { "fid": 36, "OBJECTID": 36.0, "CalSim_ID": "SAC063", "Riv_Mi": 62.9, "Riv_Name": "Sacramento River", "Comment": "American River confluence", "C2VSIM_GW": "373", "C2VSIM_SW": "373", "CalSim2_ID": "166", "Type": "CH", "Sub_Type": "STM", "Nrest_Gage": null, "Strm_Code": "SAC", "RM_II": 63, "HR": "SAC" }, "geometry": { "type": "Point", "coordinates": [ -121.508752771470256, 38.59711300428755 ] } },
{ "type": "Feature", "properties": { "fid": 37, "OBJECTID": 37.0, "CalSim_ID": "SAC062", "Riv_Mi": 62.51, "Riv_Name": "Sacramento River", "Comment": "Sacramento WTP diversion", "C2VSIM_GW": null, "C2VSIM_SW": null, "CalSim2_ID": null, "Type": "CH", "Sub_Type": "STM", "Nrest_Gage": null, "Strm_Code": "SAC", "RM_II": 62, "HR": "SAC" }, "geometry": { "type": "Point", "coordinates": [ -121.507074426313011, 38.591673574030622 ] } },
{ "type": "Feature", "properties": { "fid": 38, "OBJECTID": 38.0, "CalSim_ID": "SAC057", "Riv_Mi": 57.0, "Riv_Name": "Sacramento River", "Comment": "C2VSIM Node", "C2VSIM_GW": "416", "C2VSIM_SW": "382", "CalSim2_ID": "167", "Type": "CH", "Sub_Type": "STM", "Nrest_Gage": null, "Strm_Code": "SAC", "RM_II": 57, "HR": "SAC" }, "geometry": { "type": "Point", "coordinates": [ -121.528789893363196, 38.525569122849696 ] } },
{ "type": "Feature", "properties": { "fid": 39, "OBJECTID": 39.0, "CalSim_ID": "SAC053", "Riv_Mi": 53.0, "Riv_Name": "Sacramento River", "Comment": "C2VSIM Node", "C2VSIM_GW": "435", "C2VSIM_SW": "383", "CalSim2_ID": "168", "Type": "CH", "Sub_Type": "STM", "Nrest_Gage": null, "Strm_Code": "SAC", "RM_II": 53, "HR": "SAC" }, "geometry": { "type": "Point", "coordinates": [ -121.55223399469746, 38.488385714341241 ] } },
{ "type": "Feature", "properties": { "fid": 40, "OBJECTID": 40.0, "CalSim_ID": "SAC048", "Riv_Mi": 48.0, "Riv_Name": "Sacramento River", "Comment": "C2VSIM Node.", "C2VSIM_GW": "451", "C2VSIM_SW": "384", "CalSim2_ID": "169", "Type": "CH", "Sub_Type": "STM", "Nrest_Gage": null, "Strm_Code": "SAC", "RM_II": 48, "HR": "SAC" }, "geometry": { "type": "Point", "coordinates": [ -121.501714508217759, 38.443453157036849 ] } },
{ "type": "Feature", "properties": { "fid": 41, "OBJECTID": 41.0, "CalSim_ID": "WTPEDH", "Riv_Mi": null, "Riv_Name": null, "Comment": "El Dorado Hills Water Treatment Plant", "C2VSIM_GW": null, "C2VSIM_SW": null, "CalSim2_ID": null, "Type": "WTP", "Sub_Type": "NA", "Nrest_Gage": null, "Strm_Code": null, "RM_II": null, "HR": "SAC" }, "geometry": { "type": "Point", "coordinates": [ -121.086898021453123, 38.723254366353373 ] } },
{ "type": "Feature", "properties": { "fid": 42, "OBJECTID": 42.0, "CalSim_ID": "ELDID", "Riv_Mi": null, "Riv_Name": null, "Comment": "El Dorado ID (Off-Model Node)", "C2VSIM_GW": null, "C2VSIM_SW": null, "CalSim2_ID": null, "Type": "OM", "Sub_Type": "OMD", "Nrest_Gage": null, "Strm_Code": null, "RM_II": null, "HR": "SAC" }, "geometry": { "type": "Point", "coordinates": [ -121.060110371757787, 38.68325496544324 ] } },
{ "type": "Feature", "properties": { "fid": 43, "OBJECTID": 43.0, "CalSim_ID": "EDWWTP", "Riv_Mi": null, "Riv_Name": null, "Comment": "El Dorado Hills Wastewater Treatment Facility", "C2VSIM_GW": null, "C2VSIM_SW": null, "CalSim2_ID": null, "Type": "WWTP", "Sub_Type": "NA", "Nrest_Gage": null, "Strm_Code": null, "RM_II": null, "HR": "SAC" }, "geometry": { "type": "Point", "coordinates": [ -121.059431903481837, 38.637221409137808 ] } },
{ "type": "Feature", "properties": { "fid": 44, "OBJECTID": 44.0, "CalSim_ID": "26N_NU3", "Riv_Mi": null, "Riv_Name": null, "Comment": "City of Sacramento north of American River", "C2VSIM_GW": null, "C2VSIM_SW": null, "CalSim2_ID": null, "Type": "PR", "Sub_Type": "U", "Nrest_Gage": null, "Strm_Code": null, "RM_II": null, "HR": "SAC" }, "geometry": { "type": "Point", "coordinates": [ -121.456997556926567, 38.646903899399852 ] } },
{ "type": "Feature", "properties": { "fid": 45, "OBJECTID": 45.0, "CalSim_ID": "BRR023", "Riv_Mi": 23.22, "Riv_Name": "Bear River", "Comment": "Garden Bar Proposed Damsite", "C2VSIM_GW": null, "C2VSIM_SW": null, "CalSim2_ID": null, "Type": "CH", "Sub_Type": "STM", "Nrest_Gage": null, "Strm_Code": "BRR", "RM_II": 23, "HR": "SAC" }, "geometry": { "type": "Point", "coordinates": [ -121.239761450365336, 39.022208015712465 ] } },
{ "type": "Feature", "properties": { "fid": 46, "OBJECTID": 46.0, "CalSim_ID": "BRR028", "Riv_Mi": 28.0, "Riv_Name": "Bear River", "Comment": "Conceptual CalSimII node representation", "C2VSIM_GW": null, "C2VSIM_SW": null, "CalSim2_ID": "288", "Type": "CH", "Sub_Type": "STM", "Nrest_Gage": null, "Strm_Code": "BRR", "RM_II": 28, "HR": "SAC" }, "geometry": { "type": "Point", "coordinates": [ -121.174441766307595, 39.018861951341002 ] } },
{ "type": "Feature", "properties": { "fid": 47, "OBJECTID": 47.0, "CalSim_ID": "SAC041", "Riv_Mi": 41.0, "Riv_Name": "Sacramento River", "Comment": "C2VSIM Node at Hood. DWR 'SRD\" gage at Hood.  USGS11447810 at MP38.8", "C2VSIM_GW": "463", "C2VSIM_SW": "385", "CalSim2_ID": "400", "Type": "CH", "Sub_Type": "SG", "Nrest_Gage": "11447810", "Strm_Code": "SAC", "RM_II": 41, "HR": "SAC" }, "geometry": { "type": "Point", "coordinates": [ -121.521252752538331, 38.367414365727569 ] } },
{ "type": "Feature", "properties": { "fid": 48, "OBJECTID": 48.0, "CalSim_ID": "SAC036", "Riv_Mi": 36.0, "Riv_Name": "Sacramento River", "Comment": "C2VSIM Node", "C2VSIM_GW": "475", "C2VSIM_SW": "386", "CalSim2_ID": null, "Type": "CH", "Sub_Type": "STM", "Nrest_Gage": null, "Strm_Code": "SAC", "RM_II": 36, "HR": "SAC" }, "geometry": { "type": "Point", "coordinates": [ -121.577526044833533, 38.317890281796295 ] } },
{ "type": "Feature", "properties": { "fid": 49, "OBJECTID": 49.0, "CalSim_ID": "SAC030", "Riv_Mi": 29.72, "Riv_Name": "Sacramento River", "Comment": "Delta Cross Channel diversion", "C2VSIM_GW": "476", "C2VSIM_SW": "387", "CalSim2_ID": "415", "Type": "CH", "Sub_Type": "STM", "Nrest_Gage": null, "Strm_Code": "SAC", "RM_II": 30, "HR": "SAC" }, "geometry": { "type": "Point", "coordinates": [ -121.510648297645631, 38.247059443812056 ] } },
{ "type": "Feature", "properties": { "fid": 50, "OBJECTID": 50.0, "CalSim_ID": "SAC022", "Riv_Mi": 22.0, "Riv_Name": "Sacramento River", "Comment": "C2VSIM Node", "C2VSIM_GW": "493", "C2VSIM_SW": "388", "CalSim2_ID": null, "Type": "CH", "Sub_Type": "STM", "Nrest_Gage": null, "Strm_Code": "SAC", "RM_II": 22, "HR": "SAC" }, "geometry": { "type": "Point", "coordinates": [ -121.586887169931643, 38.181650689512033 ] } },
{ "type": "Feature", "properties": { "fid": 51, "OBJECTID": 51.0, "CalSim_ID": "SAC017", "Riv_Mi": 16.75, "Riv_Name": "Sacramento River", "Comment": "Yolo Bypass/Lindsey-Barker Slough confluence??", "C2VSIM_GW": "492", "C2VSIM_SW": "389", "CalSim2_ID": "402404", "Type": "CH", "Sub_Type": "STM", "Nrest_Gage": null, "Strm_Code": "SAC", "RM_II": 17, "HR": "SAC" }, "geometry": { "type": "Point", "coordinates": [ -121.667472149723963, 38.175750470974727 ] } },
{ "type": "Feature", "properties": { "fid": 52, "OBJECTID": 52.0, "CalSim_ID": "SAC007", "Riv_Mi": 7.0, "Riv_Name": "Sacramento River", "Comment": "C2VSIM Node", "C2VSIM_GW": "526", "C2VSIM_SW": "415", "CalSim2_ID": null, "Type": "CH", "Sub_Type": "STM", "Nrest_Gage": null, "Strm_Code": "SAC", "RM_II": 7, "HR": "SAC" }, "geometry": { "type": "Point", "coordinates": [ -121.775110561943436, 38.070682556098632 ] } },
{ "type": "Feature", "properties": { "fid": 53, "OBJECTID": 53.0, "CalSim_ID": "SAC003", "Riv_Mi": 3.0, "Riv_Name": "Sacramento River", "Comment": "C2VSIM Node", "C2VSIM_GW": "525", "C2VSIM_SW": "416", "CalSim2_ID": null, "Type": "CH", "Sub_Type": "STM", "Nrest_Gage": null, "Strm_Code": "SAC", "RM_II": 3, "HR": "SAC" }, "geometry": { "type": "Point", "coordinates": [ -121.84284147475536, 38.066372968260772 ] } },
{ "type": "Feature", "properties": { "fid": 54, "OBJECTID": 54.0, "CalSim_ID": "SAC000", "Riv_Mi": 0.0, "Riv_Name": "San Joaquin River", "Comment": "Sacramento/San Joaquin confluence??", "C2VSIM_GW": "531", "C2VSIM_SW": "204", "CalSim2_ID": "Update", "Type": "CH", "Sub_Type": "STM", "Nrest_Gage": null, "Strm_Code": "SAC", "RM_II": 0, "HR": "SAC" }, "geometry": { "type": "Point", "coordinates": [ -121.890585593528954, 38.045975463733683 ] } },
{ "type": "Feature", "properties": { "fid": 55, "OBJECTID": 55.0, "CalSim_ID": "OMR027", "Riv_Mi": 27.26, "Riv_Name": "Old/Middle Rivers", "Comment": "Conceptual common diversion for Banks and Jones (formerly Tracy) Pumping Stations", "C2VSIM_GW": null, "C2VSIM_SW": null, "CalSim2_ID": "Update", "Type": "CH", "Sub_Type": "STM", "Nrest_Gage": null, "Strm_Code": "OMR", "RM_II": 27, "HR": "SAC" }, "geometry": { "type": "Point", "coordinates": [ -121.552334011986986, 37.829580579563299 ] } },
{ "type": "Feature", "properties": { "fid": 56, "OBJECTID": 56.0, "CalSim_ID": "CAA000", "Riv_Mi": 0.0, "Riv_Name": "California Aqueduct", "Comment": "Clifton Court Forebay", "C2VSIM_GW": null, "C2VSIM_SW": null, "CalSim2_ID": "800", "Type": "CH", "Sub_Type": "CNL", "Nrest_Gage": null, "Strm_Code": "CAA", "RM_II": 0, "HR": "SAC" }, "geometry": { "type": "Point", "coordinates": [ -121.593925321992458, 37.837650689892669 ] } },
{ "type": "Feature", "properties": { "fid": 57, "OBJECTID": 57.0, "CalSim_ID": "DMC003", "Riv_Mi": 2.52, "Riv_Name": "Delta-Mendota Canal", "Comment": "C2VSIM node. C.W. \"Bill\" Jones (formerly Tracy) Pumping Plant", "C2VSIM_GW": "590", "C2VSIM_SW": null, "CalSim2_ID": "S5", "Type": "CH", "Sub_Type": "CNL", "Nrest_Gage": null, "Strm_Code": "DMC", "RM_II": 3, "HR": "SJR" }, "geometry": { "type": "Point", "coordinates": [ -121.585366536308882, 37.796673616311793 ] } },
{ "type": "Feature", "properties": { "fid": 58, "OBJECTID": 58.0, "CalSim_ID": "CLR009", "Riv_Mi": 9.0, "Riv_Name": "Clear Creek", "Comment": "Return from 2_PA", "C2VSIM_GW": null, "C2VSIM_SW": null, "CalSim2_ID": null, "Type": "CH", "Sub_Type": "STM", "Nrest_Gage": null, "Strm_Code": "CLR", "RM_II": 9, "HR": "SAC" }, "geometry": { "type": "Point", "coordinates": [ -122.501470699524987, 40.501405941243867 ] } },
{ "type": "Feature", "properties": { "fid": 59, "OBJECTID": 59.0, "CalSim_ID": "WTPTAB", "Riv_Mi": null, "Riv_Name": null, "Comment": "Travis AFB Water Treatment Plant", "C2VSIM_GW": null, "C2VSIM_SW": null, "CalSim2_ID": null, "Type": "WTP", "Sub_Type": "NA", "Nrest_Gage": null, "Strm_Code": null, "RM_II": null, "HR": "SAC" }, "geometry": { "type": "Point", "coordinates": [ -121.949130591740811, 38.283757751570882 ] } },
{ "type": "Feature", "properties": { "fid": 60, "OBJECTID": 60.0, "CalSim_ID": "TVAFB", "Riv_Mi": null, "Riv_Name": null, "Comment": "Travis Air Force Base", "C2VSIM_GW": null, "C2VSIM_SW": null, "CalSim2_ID": null, "Type": "OM", "Sub_Type": "OMD", "Nrest_Gage": null, "Strm_Code": null, "RM_II": null, "HR": "SAC" }, "geometry": { "type": "Point", "coordinates": [ -121.948440074103047, 38.257927513928401 ] } },
{ "type": "Feature", "properties": { "fid": 61, "OBJECTID": 61.0, "CalSim_ID": "FRFLD", "Riv_Mi": null, "Riv_Name": null, "Comment": "City of Fairfield", "C2VSIM_GW": null, "C2VSIM_SW": null, "CalSim2_ID": null, "Type": "OM", "Sub_Type": "OMD", "Nrest_Gage": null, "Strm_Code": null, "RM_II": null, "HR": "SAC" }, "geometry": { "type": "Point", "coordinates": [ -122.047032545788284, 38.271745774070503 ] } },
{ "type": "Feature", "properties": { "fid": 62, "OBJECTID": 62.0, "CalSim_ID": "SUISN", "Riv_Mi": null, "Riv_Name": null, "Comment": "Suisun City", "C2VSIM_GW": null, "C2VSIM_SW": null, "CalSim2_ID": null, "Type": "OM", "Sub_Type": "OMD", "Nrest_Gage": null, "Strm_Code": null, "RM_II": null, "HR": "SAC" }, "geometry": { "type": "Point", "coordinates": [ -122.018533746844454, 38.280224791497204 ] } },
{ "type": "Feature", "properties": { "fid": 63, "OBJECTID": 63.0, "CalSim_ID": "NAPA", "Riv_Mi": null, "Riv_Name": null, "Comment": "Napa, Yountville, Calistoga", "C2VSIM_GW": null, "C2VSIM_SW": null, "CalSim2_ID": null, "Type": "OM", "Sub_Type": "OMD", "Nrest_Gage": null, "Strm_Code": null, "RM_II": null, "HR": "SAC" }, "geometry": { "type": "Point", "coordinates": [ -122.286312521463032, 38.270542694183199 ] } },
{ "type": "Feature", "properties": { "fid": 64, "OBJECTID": 64.0, "CalSim_ID": "AMCYN", "Riv_Mi": null, "Riv_Name": null, "Comment": "City of American Canyon", "C2VSIM_GW": null, "C2VSIM_SW": null, "CalSim2_ID": null, "Type": "OM", "Sub_Type": "OMD", "Nrest_Gage": null, "Strm_Code": null, "RM_II": null, "HR": "SAC" }, "geometry": { "type": "Point", "coordinates": [ -122.256622021527988, 38.182641419194475 ] } },
{ "type": "Feature", "properties": { "fid": 65, "OBJECTID": 65.0, "CalSim_ID": "VLLJO", "Riv_Mi": null, "Riv_Name": null, "Comment": "City of Vallejo", "C2VSIM_GW": null, "C2VSIM_SW": null, "CalSim2_ID": null, "Type": "OM", "Sub_Type": "OMD", "Nrest_Gage": null, "Strm_Code": null, "RM_II": null, "HR": "SAC" }, "geometry": { "type": "Point", "coordinates": [ -122.240982535574304, 38.115236740804093 ] } },
{ "type": "Feature", "properties": { "fid": 66, "OBJECTID": 66.0, "CalSim_ID": "CLR011", "Riv_Mi": 10.61, "Riv_Name": "Clear Creek", "Comment": "Near USGS Gage - 11372000", "C2VSIM_GW": null, "C2VSIM_SW": null, "CalSim2_ID": null, "Type": "CH", "Sub_Type": "SG", "Nrest_Gage": "11372000", "Strm_Code": "CLR", "RM_II": 11, "HR": "SAC" }, "geometry": { "type": "Point", "coordinates": [ -122.525012458261557, 40.512462172083232 ] } },
{ "type": "Feature", "properties": { "fid": 67, "OBJECTID": 67.0, "CalSim_ID": "WKYTN", "Riv_Mi": 18.0, "Riv_Name": "Clear Creek", "Comment": "Whiskeytown Dam", "C2VSIM_GW": null, "C2VSIM_SW": null, "CalSim2_ID": "S3", "Type": "STR", "Sub_Type": "SIM", "Nrest_Gage": null, "Strm_Code": null, "RM_II": null, "HR": "SAC" }, "geometry": { "type": "Point", "coordinates": [ -122.539710143206364, 40.599675818405572 ] } },
{ "type": "Feature", "properties": { "fid": 68, "OBJECTID": 68.0, "CalSim_ID": "COW003", "Riv_Mi": 3.0, "Riv_Name": "Cow Creek", "Comment": "C2VSIM Node near USGS Gage - 11374000", "C2VSIM_GW": "017", "C2VSIM_SW": "213", "CalSim2_ID": null, "Type": "CH", "Sub_Type": "SG", "Nrest_Gage": "11374000", "Strm_Code": "COW", "RM_II": 3, "HR": "SAC" }, "geometry": { "type": "Point", "coordinates": [ -122.233030978573808, 40.503306081740661 ] } },
{ "type": "Feature", "properties": { "fid": 69, "OBJECTID": 69.0, "CalSim_ID": "COW007", "Riv_Mi": 7.48, "Riv_Name": "Cow Creek", "Comment": "Confluence of Cow Creek and Little Cow Creek downstream of Little Cow Creek USGS Gage - 11373500", "C2VSIM_GW": "011", "C2VSIM_SW": "212", "CalSim2_ID": null, "Type": "CH", "Sub_Type": "STM", "Nrest_Gage": "11373500", "Strm_Code": "COW", "RM_II": 7, "HR": "SAC" }, "geometry": { "type": "Point", "coordinates": [ -122.231260588078001, 40.555428006224624 ] } },
{ "type": "Feature", "properties": { "fid": 70, "OBJECTID": 70.0, "CalSim_ID": "COW014", "Riv_Mi": 14.0, "Riv_Name": "Cow Creek", "Comment": "C2VSIM Node downstream of USGS Gage - 11372200", "C2VSIM_GW": "012", "C2VSIM_SW": "211", "CalSim2_ID": null, "Type": "CH", "Sub_Type": "STM", "Nrest_Gage": "11372200", "Strm_Code": "COW", "RM_II": 14, "HR": "SAC" }, "geometry": { "type": "Point", "coordinates": [ -122.146041502603566, 40.543004331519654 ] } },
{ "type": "Feature", "properties": { "fid": 71, "OBJECTID": 71.0, "CalSim_ID": "CWD004", "Riv_Mi": 4.0, "Riv_Name": "Cottonwood Creek", "Comment": "C2VSIM Node downstream of USGS Gage - 11375970", "C2VSIM_GW": "036", "C2VSIM_SW": "218", "CalSim2_ID": "I_108", "Type": "CH", "Sub_Type": "STM", "Nrest_Gage": null, "Strm_Code": "CWD", "RM_II": 4, "HR": "SAC" }, "geometry": { "type": "Point", "coordinates": [ -122.258537646668287, 40.378734414067935 ] } },
{ "type": "Feature", "properties": { "fid": 72, "OBJECTID": 72.0, "CalSim_ID": "CWD009", "Riv_Mi": 8.5, "Riv_Name": "Cottonwood Creek", "Comment": "Confluence South Fork Cottonwood Creek downstream of USGS Gage - 11375815", "C2VSIM_GW": null, "C2VSIM_SW": null, "CalSim2_ID": null, "Type": "CH", "Sub_Type": "STM", "Nrest_Gage": "11375815", "Strm_Code": "CWD", "RM_II": 9, "HR": "SAC" }, "geometry": { "type": "Point", "coordinates": [ -122.327858605364767, 40.372856454816578 ] } },
{ "type": "Feature", "properties": { "fid": 73, "OBJECTID": 73.0, "CalSim_ID": "PYN001", "Riv_Mi": 0.45, "Riv_Name": "Paynes Creek", "Comment": "C2VSIM Node near USGS Gage - 11377500", "C2VSIM_GW": "046", "C2VSIM_SW": "225", "CalSim2_ID": "I_110", "Type": "CH", "Sub_Type": "SG", "Nrest_Gage": "11377500", "Strm_Code": "PYN", "RM_II": 1, "HR": "SAC" }, "geometry": { "type": "Point", "coordinates": [ -122.186585916633277, 40.263535443883484 ] } },
{ "type": "Feature", "properties": { "fid": 74, "OBJECTID": 74.0, "CalSim_ID": "ANT010", "Riv_Mi": 10.0, "Riv_Name": "Antelope Creek", "Comment": "C2VSIM Node near USGS Gage - 11379000. About 0.5mi upstream of diversion dam", "C2VSIM_GW": "073", "C2VSIM_SW": "233", "CalSim2_ID": null, "Type": "CH", "Sub_Type": "STM", "Nrest_Gage": "11379000", "Strm_Code": "ANT", "RM_II": 10, "HR": "SAC" }, "geometry": { "type": "Point", "coordinates": [ -122.133339961667431, 40.194981486644984 ] } },
{ "type": "Feature", "properties": { "fid": 75, "OBJECTID": 75.0, "CalSim_ID": "MLC004", "Riv_Mi": 4.0, "Riv_Name": "Mill Creek", "Comment": "C2VSIM Node", "C2VSIM_GW": "087", "C2VSIM_SW": "244", "CalSim2_ID": null, "Type": "CH", "Sub_Type": "STM", "Nrest_Gage": null, "Strm_Code": "MLC", "RM_II": 4, "HR": "SAC" }, "geometry": { "type": "Point", "coordinates": [ -122.054429762788587, 40.051905396388641 ] } },
{ "type": "Feature", "properties": { "fid": 76, "OBJECTID": 76.0, "CalSim_ID": "MLC006", "Riv_Mi": 5.68, "Riv_Name": "Mill Creek", "Comment": "C2VSIM Node above USGS Gage - 11381500", "C2VSIM_GW": "088", "C2VSIM_SW": "243", "CalSim2_ID": null, "Type": "CH", "Sub_Type": "SG", "Nrest_Gage": "11381500", "Strm_Code": "MLC", "RM_II": 6, "HR": "SAC" }, "geometry": { "type": "Point", "coordinates": [ -122.024175150043106, 40.054679159912418 ] } },
{ "type": "Feature", "properties": { "fid": 77, "OBJECTID": 77.0, "CalSim_ID": "ELD005", "Riv_Mi": 5.0, "Riv_Name": "Elder Creek", "Comment": "C2VSIM Node", "C2VSIM_GW": "085", "C2VSIM_SW": "241", "CalSim2_ID": null, "Type": "CH", "Sub_Type": "STM", "Nrest_Gage": null, "Strm_Code": "ELD", "RM_II": 5, "HR": "SAC" }, "geometry": { "type": "Point", "coordinates": [ -122.185216418238639, 40.051049534497544 ] } },
{ "type": "Feature", "properties": { "fid": 78, "OBJECTID": 78.0, "CalSim_ID": "ELD012", "Riv_Mi": 12.0, "Riv_Name": "Elder Creek", "Comment": "C2VSIM Node near USGS Gage - 11380000", "C2VSIM_GW": "084", "C2VSIM_SW": "240", "CalSim2_ID": null, "Type": "CH", "Sub_Type": "STM", "Nrest_Gage": "11380000", "Strm_Code": "ELD", "RM_II": 12, "HR": "SAC" }, "geometry": { "type": "Point", "coordinates": [ -122.290900598941846, 40.031680982615811 ] } },
{ "type": "Feature", "properties": { "fid": 79, "OBJECTID": 79.0, "CalSim_ID": "DEE023", "Riv_Mi": 22.92, "Riv_Name": "Deer Creek (South)", "Comment": null, "C2VSIM_GW": null, "C2VSIM_SW": null, "CalSim2_ID": null, "Type": "CH", "Sub_Type": "SG", "Nrest_Gage": "11335700", "Strm_Code": "DEE", "RM_II": 23, "HR": "SJR" }, "geometry": { "type": "Point", "coordinates": [ -121.110102203829911, 38.551317272998283 ] } },
{ "type": "Feature", "properties": { "fid": 80, "OBJECTID": 80.0, "CalSim_ID": "02_SA", "Riv_Mi": null, "Riv_Name": null, "Comment": null, "C2VSIM_GW": null, "C2VSIM_SW": null, "CalSim2_ID": null, "Type": "S", "Sub_Type": "A", "Nrest_Gage": null, "Strm_Code": null, "RM_II": null, "HR": "SAC" }, "geometry": { "type": "Point", "coordinates": [ -122.252173852850163, 40.41636438206767 ] } },
{ "type": "Feature", "properties": { "fid": 81, "OBJECTID": 81.0, "CalSim_ID": "SHSTA", "Riv_Mi": 309.52, "Riv_Name": "Sacramento River", "Comment": "Shasta Dam. Also represents historic flows from Sacramento River at Kennett. USGS11369500/DWRA2160", "C2VSIM_GW": null, "C2VSIM_SW": null, "CalSim2_ID": "S4", "Type": "STR", "Sub_Type": "SIM", "Nrest_Gage": "11369500", "Strm_Code": null, "RM_II": null, "HR": "SAC" }, "geometry": { "type": "Point", "coordinates": [ -122.41882126379987, 40.718189672556242 ] } },
{ "type": "Feature", "properties": { "fid": 82, "OBJECTID": 82.0, "CalSim_ID": "KSWCK", "Riv_Mi": 299.39, "Riv_Name": "Sacramento River", "Comment": "Keswick Dam", "C2VSIM_GW": null, "C2VSIM_SW": null, "CalSim2_ID": null, "Type": "STR", "Sub_Type": "SIM", "Nrest_Gage": null, "Strm_Code": null, "RM_II": null, "HR": "SAC" }, "geometry": { "type": "Point", "coordinates": [ -122.44610283161866, 40.612011470731211 ] } },
{ "type": "Feature", "properties": { "fid": 83, "OBJECTID": 83.0, "CalSim_ID": "SAC296", "Riv_Mi": 295.77, "Riv_Name": "Sacramento River", "Comment": "ACID Diversion Dam", "C2VSIM_GW": "001", "C2VSIM_SW": "205", "CalSim2_ID": null, "Type": "CH", "Sub_Type": "STM", "Nrest_Gage": null, "Strm_Code": "SAC", "RM_II": 296, "HR": "SAC" }, "geometry": { "type": "Point", "coordinates": [ -122.394336550936387, 40.592425135576327 ] } },
{ "type": "Feature", "properties": { "fid": 84, "OBJECTID": 84.0, "CalSim_ID": "SAC294", "Riv_Mi": 293.54, "Riv_Name": "Sacramento River", "Comment": "BVWD Wintu Pump Station", "C2VSIM_GW": "005", "C2VSIM_SW": "206", "CalSim2_ID": "103", "Type": "CH", "Sub_Type": "STM", "Nrest_Gage": null, "Strm_Code": "SAC", "RM_II": 294, "HR": "SAC" }, "geometry": { "type": "Point", "coordinates": [ -122.369903280220342, 40.592142040416611 ] } },
{ "type": "Feature", "properties": { "fid": 85, "OBJECTID": 85.0, "CalSim_ID": "SAC287", "Riv_Mi": 286.55, "Riv_Name": "Sacramento River", "Comment": "Clear Creek Confluence", "C2VSIM_GW": "015", "C2VSIM_SW": "208", "CalSim2_ID": "105", "Type": "CH", "Sub_Type": "STM", "Nrest_Gage": null, "Strm_Code": "SAC", "RM_II": 287, "HR": "SAC" }, "geometry": { "type": "Point", "coordinates": [ -122.365126124773226, 40.505500162167735 ] } },
{ "type": "Feature", "properties": { "fid": 86, "OBJECTID": 86.0, "CalSim_ID": "SAC281", "Riv_Mi": 281.0, "Riv_Name": "Sacramento River", "Comment": "C2VSIM Node", "C2VSIM_GW": "022", "C2VSIM_SW": "209", "CalSim2_ID": null, "Type": "CH", "Sub_Type": "STM", "Nrest_Gage": null, "Strm_Code": "SAC", "RM_II": 281, "HR": "SAC" }, "geometry": { "type": "Point", "coordinates": [ -122.288036348362084, 40.470317159254641 ] } },
{ "type": "Feature", "properties": { "fid": 87, "OBJECTID": 87.0, "CalSim_ID": "SAC277", "Riv_Mi": 277.39, "Riv_Name": "Sacramento River", "Comment": "Cow Creek Confluence", "C2VSIM_GW": "023", "C2VSIM_SW": "210", "CalSim2_ID": null, "Type": "CH", "Sub_Type": "STM", "Nrest_Gage": null, "Strm_Code": "SAC", "RM_II": 277, "HR": "SAC" }, "geometry": { "type": "Point", "coordinates": [ -122.230868146630868, 40.463440139091638 ] } },
{ "type": "Feature", "properties": { "fid": 88, "OBJECTID": 88.0, "CalSim_ID": "SAC275", "Riv_Mi": 274.88, "Riv_Name": "Sacramento River", "Comment": "Bear Creek Confluence", "C2VSIM_GW": "029", "C2VSIM_SW": "216", "CalSim2_ID": null, "Type": "CH", "Sub_Type": "STM", "Nrest_Gage": null, "Strm_Code": "SAC", "RM_II": 275, "HR": "SAC" }, "geometry": { "type": "Point", "coordinates": [ -122.203871880561266, 40.435211063362296 ] } },
{ "type": "Feature", "properties": { "fid": 89, "OBJECTID": 89.0, "CalSim_ID": "SAC269", "Riv_Mi": 268.54, "Riv_Name": "Sacramento River", "Comment": "Cottonwood Creek/Battle Creek Confluences (Cottonwood actually 2mi upstream)??", "C2VSIM_GW": "037", "C2VSIM_SW": "217", "CalSim2_ID": "108", "Type": "CH", "Sub_Type": "STM", "Nrest_Gage": null, "Strm_Code": "SAC", "RM_II": 269, "HR": "SAC" }, "geometry": { "type": "Point", "coordinates": [ -122.176067599642366, 40.354685448379811 ] } },
{ "type": "Feature", "properties": { "fid": 90, "OBJECTID": 90.0, "CalSim_ID": "SAC265", "Riv_Mi": 265.0, "Riv_Name": "Sacramento River", "Comment": "C2VSIM Node", "C2VSIM_GW": "045", "C2VSIM_SW": "223", "CalSim2_ID": "109", "Type": "CH", "Sub_Type": "STM", "Nrest_Gage": null, "Strm_Code": "SAC", "RM_II": 265, "HR": "SAC" }, "geometry": { "type": "Point", "coordinates": [ -122.207731071798818, 40.321820765048521 ] } },
{ "type": "Feature", "properties": { "fid": 91, "OBJECTID": 91.0, "CalSim_ID": "SAC259", "Riv_Mi": 259.0, "Riv_Name": "Sacramento River", "Comment": "C2VSIM Node", "C2VSIM_GW": "056", "C2VSIM_SW": "224", "CalSim2_ID": null, "Type": "CH", "Sub_Type": "STM", "Nrest_Gage": null, "Strm_Code": "SAC", "RM_II": 259, "HR": "SAC" }, "geometry": { "type": "Point", "coordinates": [ -122.161780149702579, 40.301731246274848 ] } },
{ "type": "Feature", "properties": { "fid": 92, "OBJECTID": 92.0, "CalSim_ID": "SAC250", "Riv_Mi": 249.87, "Riv_Name": "Sacramento River", "Comment": "Paynes Creek Confluence", "C2VSIM_GW": "067", "C2VSIM_SW": "229", "CalSim2_ID": "110", "Type": "CH", "Sub_Type": "STM", "Nrest_Gage": null, "Strm_Code": "SAC", "RM_II": 250, "HR": "SAC" }, "geometry": { "type": "Point", "coordinates": [ -122.187205975184582, 40.259086489605281 ] } },
{ "type": "Feature", "properties": { "fid": 93, "OBJECTID": 93.0, "CalSim_ID": "SAC247", "Riv_Mi": 247.25, "Riv_Name": "Sacramento River", "Comment": "C2VSIM Node", "C2VSIM_GW": "068", "C2VSIM_SW": "230", "CalSim2_ID": null, "Type": "CH", "Sub_Type": "SG", "Nrest_Gage": "11378000", "Strm_Code": "SAC", "RM_II": 247, "HR": "SAC" }, "geometry": { "type": "Point", "coordinates": [ -122.182257852835889, 40.231997100958502 ] } },
{ "type": "Feature", "properties": { "fid": 94, "OBJECTID": 94.0, "CalSim_ID": "SAC240", "Riv_Mi": 240.0, "Riv_Name": "Sacramento River", "Comment": "Red Bluff Diversion Dam to TCC and CCL near USGS Gage - 11378930", "C2VSIM_GW": "072", "C2VSIM_SW": "231", "CalSim2_ID": "112", "Type": "CH", "Sub_Type": "STM", "Nrest_Gage": "11378930", "Strm_Code": "SAC", "RM_II": 240, "HR": "SAC" }, "geometry": { "type": "Point", "coordinates": [ -122.20310726813868, 40.153325002089595 ] } },
{ "type": "Feature", "properties": { "fid": 95, "OBJECTID": 95.0, "CalSim_ID": "03_PU3", "Riv_Mi": null, "Riv_Name": null, "Comment": "City of Redding \"Buckeye\"", "C2VSIM_GW": null, "C2VSIM_SW": null, "CalSim2_ID": null, "Type": "PR", "Sub_Type": "U", "Nrest_Gage": null, "Strm_Code": null, "RM_II": null, "HR": "SAC" }, "geometry": { "type": "Point", "coordinates": [ -122.396011463375473, 40.640393925580575 ] } },
{ "type": "Feature", "properties": { "fid": 96, "OBJECTID": 96.0, "CalSim_ID": "BCN005", "Riv_Mi": 5.0, "Riv_Name": "Bear Creek", "Comment": null, "C2VSIM_GW": null, "C2VSIM_SW": null, "CalSim2_ID": null, "Type": "CH", "Sub_Type": "STM", "Nrest_Gage": null, "Strm_Code": "BCN", "RM_II": 5, "HR": "SAC" }, "geometry": { "type": "Point", "coordinates": [ -122.155577549022595, 40.481228207975008 ] } },
{ "type": "Feature", "properties": { "fid": 97, "OBJECTID": 97.0, "CalSim_ID": "CWD003", "Riv_Mi": 2.72, "Riv_Name": "Cottonwood Creek", "Comment": null, "C2VSIM_GW": null, "C2VSIM_SW": null, "CalSim2_ID": null, "Type": "CH", "Sub_Type": "SG", "Nrest_Gage": "11376000", "Strm_Code": "CWD", "RM_II": 3, "HR": "SAC" }, "geometry": { "type": "Point", "coordinates": [ -122.239227064287633, 40.386792876880854 ] } },
{ "type": "Feature", "properties": { "fid": 98, "OBJECTID": 98.0, "CalSim_ID": "ELD017", "Riv_Mi": 17.0, "Riv_Name": "Elder Creek", "Comment": "C2VSIM Node", "C2VSIM_GW": "083", "C2VSIM_SW": "239", "CalSim2_ID": null, "Type": "CH", "Sub_Type": "STM", "Nrest_Gage": null, "Strm_Code": "ELD", "RM_II": 17, "HR": "SAC" }, "geometry": { "type": "Point", "coordinates": [ -122.373036132560017, 40.018265724261035 ] } },
{ "type": "Feature", "properties": { "fid": 99, "OBJECTID": 99.0, "CalSim_ID": "ELD022", "Riv_Mi": 22.0, "Riv_Name": "Elder Creek", "Comment": "C2VSIM Node", "C2VSIM_GW": "082", "C2VSIM_SW": "238", "CalSim2_ID": null, "Type": "CH", "Sub_Type": "STM", "Nrest_Gage": null, "Strm_Code": "ELD", "RM_II": 22, "HR": "SAC" }, "geometry": { "type": "Point", "coordinates": [ -122.441536454123167, 40.019060032770348 ] } },
{ "type": "Feature", "properties": { "fid": 100, "OBJECTID": 100.0, "CalSim_ID": "ELD027", "Riv_Mi": 26.69, "Riv_Name": "Elder Creek", "Comment": "Elder Creek Nr Pakenta", "C2VSIM_GW": "081", "C2VSIM_SW": "237", "CalSim2_ID": null, "Type": "CH", "Sub_Type": "SG", "Nrest_Gage": "11379500", "Strm_Code": "ELD", "RM_II": 27, "HR": "SAC" }, "geometry": { "type": "Point", "coordinates": [ -122.510461309581885, 40.024644706580737 ] } },
{ "type": "Feature", "properties": { "fid": 101, "OBJECTID": 101.0, "CalSim_ID": "THM005", "Riv_Mi": 5.0, "Riv_Name": "Thomes Creek", "Comment": "C2VSIM/CalSIM2 Node near USGS Gage - 11382100", "C2VSIM_GW": "093", "C2VSIM_SW": "252", "CalSim2_ID": "l_113", "Type": "CH", "Sub_Type": "STM", "Nrest_Gage": "11382100", "Strm_Code": "THM", "RM_II": 5, "HR": "SAC" }, "geometry": { "type": "Point", "coordinates": [ -122.178204697841636, 39.978457398023082 ] } },
{ "type": "Feature", "properties": { "fid": 102, "OBJECTID": 102.0, "CalSim_ID": "THM012", "Riv_Mi": 12.0, "Riv_Name": "Thomes Creek", "Comment": "C2VSIM Node", "C2VSIM_GW": "092", "C2VSIM_SW": "251", "CalSim2_ID": null, "Type": "CH", "Sub_Type": "STM", "Nrest_Gage": null, "Strm_Code": "THM", "RM_II": 12, "HR": "SAC" }, "geometry": { "type": "Point", "coordinates": [ -122.287887837640156, 39.967681268515257 ] } },
{ "type": "Feature", "properties": { "fid": 103, "OBJECTID": 103.0, "CalSim_ID": "THM017", "Riv_Mi": 17.0, "Riv_Name": "Thomes Creek", "Comment": "C2VSIM Node", "C2VSIM_GW": "091", "C2VSIM_SW": "250", "CalSim2_ID": null, "Type": "CH", "Sub_Type": "STM", "Nrest_Gage": null, "Strm_Code": "THM", "RM_II": 17, "HR": "SAC" }, "geometry": { "type": "Point", "coordinates": [ -122.366344715221373, 39.949702685299322 ] } },
{ "type": "Feature", "properties": { "fid": 104, "OBJECTID": 104.0, "CalSim_ID": "THM021", "Riv_Mi": 21.0, "Riv_Name": "Thomes Creek", "Comment": "C2VSIM Node", "C2VSIM_GW": "101", "C2VSIM_SW": "249", "CalSim2_ID": null, "Type": "CH", "Sub_Type": "STM", "Nrest_Gage": null, "Strm_Code": "THM", "RM_II": 21, "HR": "SAC" }, "geometry": { "type": "Point", "coordinates": [ -122.424301691039346, 39.921354387082708 ] } },
{ "type": "Feature", "properties": { "fid": 105, "OBJECTID": 105.0, "CalSim_ID": "THM028", "Riv_Mi": 27.8, "Riv_Name": "Thomes Creek", "Comment": "Thomes Creek at Pakenta", "C2VSIM_GW": null, "C2VSIM_SW": null, "CalSim2_ID": null, "Type": "CH", "Sub_Type": "SG", "Nrest_Gage": "11382000", "Strm_Code": "THM", "RM_II": 28, "HR": "SAC" }, "geometry": { "type": "Point", "coordinates": [ -122.527682561025145, 39.887189904814946 ] } },
{ "type": "Feature", "properties": { "fid": 106, "OBJECTID": 106.0, "CalSim_ID": "DRC012", "Riv_Mi": 12.0, "Riv_Name": "Deer Creek", "Comment": "Deer Creek near Vina", "C2VSIM_GW": null, "C2VSIM_SW": null, "CalSim2_ID": null, "Type": "CH", "Sub_Type": "SG", "Nrest_Gage": "11383500", "Strm_Code": "DRC", "RM_II": 12, "HR": "SAC" }, "geometry": { "type": "Point", "coordinates": [ -121.945937657258455, 40.013663449373475 ] } },
{ "type": "Feature", "properties": { "fid": 107, "OBJECTID": 107.0, "CalSim_ID": "BCC004", "Riv_Mi": 4.0, "Riv_Name": "Big Chico Creek", "Comment": "C2VSIM Node", "C2VSIM_GW": "130", "C2VSIM_SW": "271", "CalSim2_ID": null, "Type": "CH", "Sub_Type": "STM", "Nrest_Gage": null, "Strm_Code": "BCC", "RM_II": 4, "HR": "SAC" }, "geometry": { "type": "Point", "coordinates": [ -121.893655769103617, 39.724603644329193 ] } },
{ "type": "Feature", "properties": { "fid": 108, "OBJECTID": 108.0, "CalSim_ID": "BCC006", "Riv_Mi": 6.0, "Riv_Name": "Big Chico Creek", "Comment": "C2VSIM Node near USGS Gage - 11384200", "C2VSIM_GW": "131", "C2VSIM_SW": "270", "CalSim2_ID": null, "Type": "CH", "Sub_Type": "STM", "Nrest_Gage": "11384200", "Strm_Code": "BCC", "RM_II": 6, "HR": "SAC" }, "geometry": { "type": "Point", "coordinates": [ -121.861001864265518, 39.727062754116638 ] } },
{ "type": "Feature", "properties": { "fid": 109, "OBJECTID": 109.0, "CalSim_ID": "BCC012", "Riv_Mi": 12.0, "Riv_Name": "Big Chico Creek", "Comment": "C2VSIM Node near USGS Gage - 11384004", "C2VSIM_GW": "132", "C2VSIM_SW": "269", "CalSim2_ID": null, "Type": "CH", "Sub_Type": "SG", "Nrest_Gage": "11384004 / DWR A0-4250 (BIC)", "Strm_Code": "BCC", "RM_II": 12, "HR": "SAC" }, "geometry": { "type": "Point", "coordinates": [ -121.77893272475329, 39.767168802815092 ] } },
{ "type": "Feature", "properties": { "fid": 110, "OBJECTID": 110.0, "CalSim_ID": "STN004", "Riv_Mi": 3.69, "Riv_Name": "Stony Creek", "Comment": "Glenn-Colusa Canal crossing C2VSIM Node", "C2VSIM_GW": "128", "C2VSIM_SW": "267", "CalSim2_ID": null, "Type": "CH", "Sub_Type": "STM", "Nrest_Gage": null, "Strm_Code": "STN", "RM_II": 4, "HR": "SAC" }, "geometry": { "type": "Point", "coordinates": [ -122.007809202212016, 39.710925993932022 ] } },
{ "type": "Feature", "properties": { "fid": 111, "OBJECTID": 111.0, "CalSim_ID": "STN009", "Riv_Mi": 9.0, "Riv_Name": "Stony Creek", "Comment": "C2VSIM Node", "C2VSIM_GW": "127", "C2VSIM_SW": "266", "CalSim2_ID": null, "Type": "CH", "Sub_Type": "STM", "Nrest_Gage": null, "Strm_Code": "STN", "RM_II": 9, "HR": "SAC" }, "geometry": { "type": "Point", "coordinates": [ -122.084566985652273, 39.739687570515351 ] } },
{ "type": "Feature", "properties": { "fid": 112, "OBJECTID": 112.0, "CalSim_ID": "STN014", "Riv_Mi": 14.0, "Riv_Name": "Stony Creek", "Comment": "0.6mi upstream of Tehama-Colusa Canal crossing. C2VSIM Node", "C2VSIM_GW": "126", "C2VSIM_SW": "265", "CalSim2_ID": null, "Type": "CH", "Sub_Type": "STM", "Nrest_Gage": null, "Strm_Code": "STN", "RM_II": 14, "HR": "SAC" }, "geometry": { "type": "Point", "coordinates": [ -122.164293718339835, 39.75735996516115 ] } },
{ "type": "Feature", "properties": { "fid": 113, "OBJECTID": 113.0, "CalSim_ID": "STN021", "Riv_Mi": 20.92, "Riv_Name": "Stony Creek", "Comment": "North Canal diversion. C2VSIM/CalSim2 Node", "C2VSIM_GW": "125", "C2VSIM_SW": "264", "CalSim2_ID": "65", "Type": "CH", "Sub_Type": "STM", "Nrest_Gage": null, "Strm_Code": "STN", "RM_II": 21, "HR": "SAC" }, "geometry": { "type": "Point", "coordinates": [ -122.263825696799671, 39.797992797088398 ] } },
{ "type": "Feature", "properties": { "fid": 114, "OBJECTID": 114.0, "CalSim_ID": "STN026", "Riv_Mi": 25.63, "Riv_Name": "Stony Creek", "Comment": "South Canal diversion. C2VSIM/CalSim2 Node", "C2VSIM_GW": "124", "C2VSIM_SW": "263", "CalSim2_ID": "60", "Type": "CH", "Sub_Type": "SG", "Nrest_Gage": "11388000", "Strm_Code": "STN", "RM_II": 26, "HR": "SAC" }, "geometry": { "type": "Point", "coordinates": [ -122.332129714952174, 39.814045889208771 ] } },
{ "type": "Feature", "properties": { "fid": 115, "OBJECTID": 115.0, "CalSim_ID": "BLKBT", "Riv_Mi": 26.0, "Riv_Name": "Stony Creek", "Comment": "Black Butte Reservoir", "C2VSIM_GW": null, "C2VSIM_SW": null, "CalSim2_ID": null, "Type": "STR", "Sub_Type": "SIM", "Nrest_Gage": null, "Strm_Code": null, "RM_II": null, "HR": "SAC" }, "geometry": { "type": "Point", "coordinates": [ -122.338998414598137, 39.814382095838226 ] } },
{ "type": "Feature", "properties": { "fid": 116, "OBJECTID": 116.0, "CalSim_ID": "SGRGE", "Riv_Mi": 49.0, "Riv_Name": "Stony Creek", "Comment": "Stony Gorge Reservoir", "C2VSIM_GW": null, "C2VSIM_SW": null, "CalSim2_ID": null, "Type": "STR", "Sub_Type": "SIM", "Nrest_Gage": null, "Strm_Code": null, "RM_II": null, "HR": "SAC" }, "geometry": { "type": "Point", "coordinates": [ -122.532424149900407, 39.585790523136239 ] } },
{ "type": "Feature", "properties": { "fid": 117, "OBJECTID": 117.0, "CalSim_ID": "EPARK", "Riv_Mi": 66.93, "Riv_Name": "Stony Creek", "Comment": "East Park Reservoir", "C2VSIM_GW": null, "C2VSIM_SW": null, "CalSim2_ID": null, "Type": "STR", "Sub_Type": "SIM", "Nrest_Gage": null, "Strm_Code": null, "RM_II": null, "HR": "SAC" }, "geometry": { "type": "Point", "coordinates": [ -122.515505787680823, 39.356909683798364 ] } },
{ "type": "Feature", "properties": { "fid": 118, "OBJECTID": 118.0, "CalSim_ID": "BSL001", "Riv_Mi": 0.61, "Riv_Name": "Butte Slough", "Comment": "Actually Butte Slough.  C2VSIM Node", "C2VSIM_GW": "263", "C2VSIM_SW": "292", "CalSim2_ID": null, "Type": "CH", "Sub_Type": "STM", "Nrest_Gage": null, "Strm_Code": "BSL", "RM_II": 1, "HR": "SAC" }, "geometry": { "type": "Point", "coordinates": [ -121.928491827549706, 39.198733660623084 ] } },
{ "type": "Feature", "properties": { "fid": 119, "OBJECTID": 119.0, "CalSim_ID": "BTC003", "Riv_Mi": 3.39, "Riv_Name": "Butte Creek", "Comment": "C2VSIM Node.  Schematic shows BGD drain conluence here, but it should be at BTC007", "C2VSIM_GW": "255", "C2VSIM_SW": "291", "CalSim2_ID": "136", "Type": "CH", "Sub_Type": "STM", "Nrest_Gage": null, "Strm_Code": "BTC", "RM_II": 3, "HR": "SAC" }, "geometry": { "type": "Point", "coordinates": [ -121.94694959372093, 39.23927813176774 ] } },
{ "type": "Feature", "properties": { "fid": 120, "OBJECTID": 120.0, "CalSim_ID": "BTC007", "Riv_Mi": 7.27, "Riv_Name": "Butte Creek", "Comment": "Actual confluence with Cherokee Canal/Biggs-West Gridley Drain", "C2VSIM_GW": "242", "C2VSIM_SW": "290", "CalSim2_ID": "135", "Type": "CH", "Sub_Type": "STM", "Nrest_Gage": null, "Strm_Code": "BTC", "RM_II": 7, "HR": "SAC" }, "geometry": { "type": "Point", "coordinates": [ -121.921730514197804, 39.285502514616404 ] } },
{ "type": "Feature", "properties": { "fid": 121, "OBJECTID": 121.0, "CalSim_ID": "BTC012", "Riv_Mi": 12.31, "Riv_Name": "Butte Creek", "Comment": "Confluence with Angel Slough.", "C2VSIM_GW": null, "C2VSIM_SW": null, "CalSim2_ID": null, "Type": "CH", "Sub_Type": "STM", "Nrest_Gage": null, "Strm_Code": "BTC", "RM_II": 12, "HR": "SAC" }, "geometry": { "type": "Point", "coordinates": [ -121.896224460589508, 39.337799742458095 ] } },
{ "type": "Feature", "properties": { "fid": 122, "OBJECTID": 122.0, "CalSim_ID": "BTC018", "Riv_Mi": 18.0, "Riv_Name": "Butte Creek", "Comment": "C2VSIM Node", "C2VSIM_GW": "204", "C2VSIM_SW": "288", "CalSim2_ID": null, "Type": "CH", "Sub_Type": "STM", "Nrest_Gage": null, "Strm_Code": "BTC", "RM_II": 18, "HR": "SAC" }, "geometry": { "type": "Point", "coordinates": [ -121.884926464546339, 39.403180221707785 ] } },
{ "type": "Feature", "properties": { "fid": 123, "OBJECTID": 123.0, "CalSim_ID": "BTC024", "Riv_Mi": 24.0, "Riv_Name": "Butte Creek", "Comment": "Schematic incorrectly calls this the confluence with Western Canal??.  Actually Western Canal confluence occurs at ~ mile 31.5.  C2VSIM Node", "C2VSIM_GW": "188", "C2VSIM_SW": "287", "CalSim2_ID": null, "Type": "CH", "Sub_Type": "STM", "Nrest_Gage": null, "Strm_Code": "BTC", "RM_II": 24, "HR": "SAC" }, "geometry": { "type": "Point", "coordinates": [ -121.871824045443958, 39.472062641725699 ] } },
{ "type": "Feature", "properties": { "fid": 124, "OBJECTID": 124.0, "CalSim_ID": "BTC029", "Riv_Mi": 29.0, "Riv_Name": "Butte Creek", "Comment": "C2VSIM Node.  Around 2.5mi downstream of actual confluence with Western Canal??", "C2VSIM_GW": "173", "C2VSIM_SW": "286", "CalSim2_ID": null, "Type": "CH", "Sub_Type": "STM", "Nrest_Gage": null, "Strm_Code": "BTC", "RM_II": 29, "HR": "SAC" }, "geometry": { "type": "Point", "coordinates": [ -121.856919379830373, 39.532090051049359 ] } },
{ "type": "Feature", "properties": { "fid": 125, "OBJECTID": 125.0, "CalSim_ID": "BTC032", "Riv_Mi": 31.58, "Riv_Name": "Butte Creek", "Comment": "C2VSIM/CalSim2 Node.  Return flow from Durham ID (or is it Dayton MWC). Gage Butte Creek below Western Canal.", "C2VSIM_GW": "157", "C2VSIM_SW": "285", "CalSim2_ID": "221", "Type": "CH", "Sub_Type": "SG", "Nrest_Gage": "DWR A0-4158", "Strm_Code": "BTC", "RM_II": 32, "HR": "SAC" }, "geometry": { "type": "Point", "coordinates": [ -121.829047817574406, 39.562278019297075 ] } },
{ "type": "Feature", "properties": { "fid": 126, "OBJECTID": 126.0, "CalSim_ID": "BTC036", "Riv_Mi": 36.12, "Riv_Name": "Butte Creek", "Comment": "Adams and Gorrill Dams. C2VSIM/CalSim2 Node.", "C2VSIM_GW": "147", "C2VSIM_SW": "285", "CalSim2_ID": "217", "Type": "CH", "Sub_Type": "STM", "Nrest_Gage": null, "Strm_Code": "BTC", "RM_II": 36, "HR": "SAC" }, "geometry": { "type": "Point", "coordinates": [ -121.779421842398975, 39.613116841536616 ] } },
{ "type": "Feature", "properties": { "fid": 127, "OBJECTID": 127.0, "CalSim_ID": "BTC048", "Riv_Mi": 47.61, "Riv_Name": "Butte Creek", "Comment": "Butte Creek near Chicol", "C2VSIM_GW": null, "C2VSIM_SW": null, "CalSim2_ID": null, "Type": "CH", "Sub_Type": "SG", "Nrest_Gage": "11390000", "Strm_Code": "BTC", "RM_II": 48, "HR": "SAC" }, "geometry": { "type": "Point", "coordinates": [ -121.708429071046751, 39.725784173094254 ] } },
{ "type": "Feature", "properties": { "fid": 128, "OBJECTID": 128.0, "CalSim_ID": "FTR003", "Riv_Mi": 3.0, "Riv_Name": "Feather River", "Comment": "C2VSIM Node", "C2VSIM_GW": "340", "C2VSIM_SW": "365", "CalSim2_ID": null, "Type": "CH", "Sub_Type": "STM", "Nrest_Gage": null, "Strm_Code": "FTR", "RM_II": 3, "HR": "SAC" }, "geometry": { "type": "Point", "coordinates": [ -121.64106193430068, 38.824219135848807 ] } },
{ "type": "Feature", "properties": { "fid": 129, "OBJECTID": 129.0, "CalSim_ID": "FTR008", "Riv_Mi": 8.0, "Riv_Name": "Feather River", "Comment": "Miscelaneous Riparian Diverters. C2VSIM Node near USGS Gage - 11425000", "C2VSIM_GW": "329", "C2VSIM_SW": "363", "CalSim2_ID": "223", "Type": "CH", "Sub_Type": "SG", "Nrest_Gage": "11425000", "Strm_Code": "FTR", "RM_II": 8, "HR": "SAC" }, "geometry": { "type": "Point", "coordinates": [ -121.607339391322483, 38.889257693576759 ] } },
{ "type": "Feature", "properties": { "fid": 130, "OBJECTID": 130.0, "CalSim_ID": "FTR012", "Riv_Mi": 12.42, "Riv_Name": "Feather River", "Comment": "Confluence with Bear River. C2VSIM Node", "C2VSIM_GW": "330", "C2VSIM_SW": "356", "CalSim2_ID": "205", "Type": "CH", "Sub_Type": "STM", "Nrest_Gage": null, "Strm_Code": "FTR", "RM_II": 12, "HR": "SAC" }, "geometry": { "type": "Point", "coordinates": [ -121.580173765875216, 38.940243751515894 ] } },
{ "type": "Feature", "properties": { "fid": 131, "OBJECTID": 131.0, "CalSim_ID": "FTR014", "Riv_Mi": 13.53, "Riv_Name": "Feather River", "Comment": "Garden Highway MWC Pumps.", "C2VSIM_GW": null, "C2VSIM_SW": null, "CalSim2_ID": null, "Type": "CH", "Sub_Type": "STM", "Nrest_Gage": null, "Strm_Code": "FTR", "RM_II": 14, "HR": "SAC" }, "geometry": { "type": "Point", "coordinates": [ -121.580062993947237, 38.955834581224941 ] } },
{ "type": "Feature", "properties": { "fid": 132, "OBJECTID": 132.0, "CalSim_ID": "FTR016", "Riv_Mi": 15.72, "Riv_Name": "Feather River", "Comment": "Feather Water District Pump Station #2. C2VSIM Node.", "C2VSIM_GW": "318", "C2VSIM_SW": "355", "CalSim2_ID": null, "Type": "CH", "Sub_Type": "STM", "Nrest_Gage": null, "Strm_Code": "FTR", "RM_II": 16, "HR": "SAC" }, "geometry": { "type": "Point", "coordinates": [ -121.588877062609072, 38.985904700176697 ] } },
{ "type": "Feature", "properties": { "fid": 133, "OBJECTID": 133.0, "CalSim_ID": "FTR018", "Riv_Mi": 18.37, "Riv_Name": "Feather River", "Comment": "Tudor MWC Pumps", "C2VSIM_GW": null, "C2VSIM_SW": null, "CalSim2_ID": null, "Type": "CH", "Sub_Type": "STM", "Nrest_Gage": null, "Strm_Code": "FTR", "RM_II": 18, "HR": "SAC" }, "geometry": { "type": "Point", "coordinates": [ -121.596937926154112, 39.01110503312178 ] } },
{ "type": "Feature", "properties": { "fid": 134, "OBJECTID": 134.0, "CalSim_ID": "FTR021", "Riv_Mi": 21.26, "Riv_Name": "Feather River", "Comment": "Feather WD Pump Station #1", "C2VSIM_GW": "307", "C2VSIM_SW": "354", "CalSim2_ID": null, "Type": "CH", "Sub_Type": "STM", "Nrest_Gage": null, "Strm_Code": "FTR", "RM_II": 21, "HR": "SAC" }, "geometry": { "type": "Point", "coordinates": [ -121.609143519245919, 39.045346779120266 ] } },
{ "type": "Feature", "properties": { "fid": 135, "OBJECTID": 135.0, "CalSim_ID": "FTR025", "Riv_Mi": 25.09, "Riv_Name": "Feather River", "Comment": "C2VSIM Node", "C2VSIM_GW": "295", "C2VSIM_SW": "353", "CalSim2_ID": null, "Type": "CH", "Sub_Type": "STM", "Nrest_Gage": "A-0-5125", "Strm_Code": "FTR", "RM_II": 25, "HR": "SAC" }, "geometry": { "type": "Point", "coordinates": [ -121.592898886524935, 39.094997868602796 ] } },
{ "type": "Feature", "properties": { "fid": 136, "OBJECTID": 136.0, "CalSim_ID": "FTR031", "Riv_Mi": 30.38, "Riv_Name": "Feather River", "Comment": null, "C2VSIM_GW": null, "C2VSIM_SW": null, "CalSim2_ID": null, "Type": "CH", "Sub_Type": "STM", "Nrest_Gage": "11407700", "Strm_Code": "FTR", "RM_II": 31, "HR": "SAC" }, "geometry": { "type": "Point", "coordinates": [ -121.611804170044593, 39.161651433415834 ] } },
{ "type": "Feature", "properties": { "fid": 137, "OBJECTID": 137.0, "CalSim_ID": "FTR028", "Riv_Mi": 27.73, "Riv_Name": "Feather River", "Comment": "Confluence with Yuba River.", "C2VSIM_GW": null, "C2VSIM_SW": null, "CalSim2_ID": null, "Type": "CH", "Sub_Type": "STM", "Nrest_Gage": null, "Strm_Code": "FTR", "RM_II": 28, "HR": "SAC" }, "geometry": { "type": "Point", "coordinates": [ -121.598134033435414, 39.127046762656803 ] } },
{ "type": "Feature", "properties": { "fid": 138, "OBJECTID": 138.0, "CalSim_ID": "FTR036", "Riv_Mi": 36.0, "Riv_Name": "Feather River", "Comment": "C2VSIM Node", "C2VSIM_GW": "246", "C2VSIM_SW": "347", "CalSim2_ID": null, "Type": "CH", "Sub_Type": "STM", "Nrest_Gage": null, "Strm_Code": "FTR", "RM_II": 36, "HR": "SAC" }, "geometry": { "type": "Point", "coordinates": [ -121.614193952022902, 39.214193093112812 ] } },
{ "type": "Feature", "properties": { "fid": 139, "OBJECTID": 139.0, "CalSim_ID": "FTR045", "Riv_Mi": 44.81, "Riv_Name": "Feather River", "Comment": "Confluence with Honcut Creek. C2VSIM Node.", "C2VSIM_GW": "232", "C2VSIM_SW": "346", "CalSim2_ID": null, "Type": "CH", "Sub_Type": "STM", "Nrest_Gage": null, "Strm_Code": "FTR", "RM_II": 45, "HR": "SAC" }, "geometry": { "type": "Point", "coordinates": [ -121.62477337962909, 39.294617656045439 ] } },
{ "type": "Feature", "properties": { "fid": 140, "OBJECTID": 140.0, "CalSim_ID": "FTR039", "Riv_Mi": 39.36, "Riv_Name": "Feather River", "Comment": "Sunset Pumps", "C2VSIM_GW": null, "C2VSIM_SW": null, "CalSim2_ID": null, "Type": "CH", "Sub_Type": "STM", "Nrest_Gage": null, "Strm_Code": "FTR", "RM_II": 39, "HR": "SAC" }, "geometry": { "type": "Point", "coordinates": [ -121.635887804274788, 39.247786275350059 ] } },
{ "type": "Feature", "properties": { "fid": 141, "OBJECTID": 141.0, "CalSim_ID": "FTR048", "Riv_Mi": 48.0, "Riv_Name": "Feather River", "Comment": "C2VSIM Node", "C2VSIM_GW": "208", "C2VSIM_SW": "345", "CalSim2_ID": null, "Type": "CH", "Sub_Type": "STM", "Nrest_Gage": null, "Strm_Code": "FTR", "RM_II": 48, "HR": "SAC" }, "geometry": { "type": "Point", "coordinates": [ -121.632248877392342, 39.331910597855043 ] } },
{ "type": "Feature", "properties": { "fid": 142, "OBJECTID": 142.0, "CalSim_ID": "BTC043", "Riv_Mi": 42.92, "Riv_Name": "Butte Creek", "Comment": "Durham Mutual Dam", "C2VSIM_GW": "143", "C2VSIM_SW": "283", "CalSim2_ID": null, "Type": "CH", "Sub_Type": "STM", "Nrest_Gage": null, "Strm_Code": "BTC", "RM_II": 43, "HR": "SAC" }, "geometry": { "type": "Point", "coordinates": [ -121.776039417425736, 39.702272417600014 ] } },
{ "type": "Feature", "properties": { "fid": 143, "OBJECTID": 143.0, "CalSim_ID": "FTR053", "Riv_Mi": 53.0, "Riv_Name": "Feather River", "Comment": "C2VSIM Node", "C2VSIM_GW": "192", "C2VSIM_SW": "344", "CalSim2_ID": null, "Type": "CH", "Sub_Type": "STM", "Nrest_Gage": null, "Strm_Code": "FTR", "RM_II": 53, "HR": "SAC" }, "geometry": { "type": "Point", "coordinates": [ -121.633129440242683, 39.38207217883209 ] } },
{ "type": "Feature", "properties": { "fid": 144, "OBJECTID": 144.0, "CalSim_ID": "FTR059", "Riv_Mi": 59.16, "Riv_Name": "Feather River", "Comment": "Thermalito Afterbay Outlet. C2VSIM/CalSim2 Node near USGS Gages - 11406920/11406870", "C2VSIM_GW": "177", "C2VSIM_SW": "343", "CalSim2_ID": "203", "Type": "CH", "Sub_Type": "STM", "Nrest_Gage": null, "Strm_Code": "FTR", "RM_II": 59, "HR": "SAC" }, "geometry": { "type": "Point", "coordinates": [ -121.636385310271024, 39.45503253542099 ] } },
{ "type": "Feature", "properties": { "fid": 145, "OBJECTID": 145.0, "CalSim_ID": "FTR063", "Riv_Mi": 63.0, "Riv_Name": "Feather River", "Comment": "Return flow from Oroville WWTP. C2VSIM Node", "C2VSIM_GW": "161", "C2VSIM_SW": "342", "CalSim2_ID": null, "Type": "CH", "Sub_Type": "STM", "Nrest_Gage": null, "Strm_Code": "FTR", "RM_II": 63, "HR": "SAC" }, "geometry": { "type": "Point", "coordinates": [ -121.579858035903541, 39.480188634107662 ] } },
{ "type": "Feature", "properties": { "fid": 146, "OBJECTID": 146.0, "CalSim_ID": "FTR068", "Riv_Mi": 67.59, "Riv_Name": "Feather River", "Comment": "Power Canal Diversion to Thermalito Forerbay. C2VSIM/CalSim2 Node near Gage - 11406825", "C2VSIM_GW": "162", "C2VSIM_SW": "341", "CalSim2_ID": "200", "Type": "CH", "Sub_Type": "STM", "Nrest_Gage": "11406825", "Strm_Code": "FTR", "RM_II": 68, "HR": "SAC" }, "geometry": { "type": "Point", "coordinates": [ -121.546197518483766, 39.528737121693155 ] } },
{ "type": "Feature", "properties": { "fid": 147, "OBJECTID": 147.0, "CalSim_ID": "OROVL", "Riv_Mi": 72.35, "Riv_Name": "Feather River", "Comment": "Lake Oroville", "C2VSIM_GW": null, "C2VSIM_SW": null, "CalSim2_ID": "S6", "Type": "STR", "Sub_Type": "SIM", "Nrest_Gage": null, "Strm_Code": null, "RM_II": null, "HR": "SAC" }, "geometry": { "type": "Point", "coordinates": [ -121.483832932151302, 39.537840666506256 ] } },
{ "type": "Feature", "properties": { "fid": 148, "OBJECTID": 148.0, "CalSim_ID": "FTR074", "Riv_Mi": 74.0, "Riv_Name": "Feather River", "Comment": null, "C2VSIM_GW": null, "C2VSIM_SW": null, "CalSim2_ID": null, "Type": "CH", "Sub_Type": "STM", "Nrest_Gage": "11405200", "Strm_Code": "FTR", "RM_II": 74, "HR": "SAC" }, "geometry": { "type": "Point", "coordinates": [ -121.466454167188829, 39.556973855662427 ] } },
{ "type": "Feature", "properties": { "fid": 149, "OBJECTID": 149.0, "CalSim_ID": "YUB003", "Riv_Mi": 3.0, "Riv_Name": "Yuba River", "Comment": "Ellis Lake diversion (exact location unknown)??", "C2VSIM_GW": null, "C2VSIM_SW": null, "CalSim2_ID": null, "Type": "CH", "Sub_Type": "STM", "Nrest_Gage": null, "Strm_Code": "YUB", "RM_II": 3, "HR": "SAC" }, "geometry": { "type": "Point", "coordinates": [ -121.563123737130141, 39.151803480087253 ] } },
{ "type": "Feature", "properties": { "fid": 150, "OBJECTID": 150.0, "CalSim_ID": "YUB006", "Riv_Mi": 6.0, "Riv_Name": "Yuba River", "Comment": "Yuba River near Marysville.  C2VSIM Node.", "C2VSIM_GW": "284", "C2VSIM_SW": "350", "CalSim2_ID": null, "Type": "CH", "Sub_Type": "SG", "Nrest_Gage": "11421000 / DWR A0-6150", "Strm_Code": "YUB", "RM_II": 6, "HR": "SAC" }, "geometry": { "type": "Point", "coordinates": [ -121.525188148350281, 39.175540093658931 ] } },
{ "type": "Feature", "properties": { "fid": 151, "OBJECTID": 151.0, "CalSim_ID": "YUB011", "Riv_Mi": 11.31, "Riv_Name": "Yuba River", "Comment": "Daguerre Point Dam.  C2VSIM/CalSim2 Node near USGS Gage - 11420800", "C2VSIM_GW": "285", "C2VSIM_SW": "349", "CalSim2_ID": "230", "Type": "CH", "Sub_Type": "STM", "Nrest_Gage": "11420800", "Strm_Code": "YUB", "RM_II": 11, "HR": "SAC" }, "geometry": { "type": "Point", "coordinates": [ -121.444386667699817, 39.208803574087852 ] } },
{ "type": "Feature", "properties": { "fid": 152, "OBJECTID": 152.0, "CalSim_ID": "YUB013", "Riv_Mi": 13.0, "Riv_Name": "Yuba River", "Comment": "Confluence with French Dry Creek.", "C2VSIM_GW": null, "C2VSIM_SW": null, "CalSim2_ID": null, "Type": "CH", "Sub_Type": "STM", "Nrest_Gage": null, "Strm_Code": "YUB", "RM_II": 13, "HR": "SAC" }, "geometry": { "type": "Point", "coordinates": [ -121.416526072513605, 39.218594329888766 ] } },
{ "type": "Feature", "properties": { "fid": 153, "OBJECTID": 153.0, "CalSim_ID": "YUB014", "Riv_Mi": 13.3, "Riv_Name": "Yuba River", "Comment": "Confluence with French Dry Creek.", "C2VSIM_GW": null, "C2VSIM_SW": null, "CalSim2_ID": "231", "Type": "CH", "Sub_Type": "STM", "Nrest_Gage": null, "Strm_Code": "YUB", "RM_II": 14, "HR": "SAC" }, "geometry": { "type": "Point", "coordinates": [ -121.411200432775644, 39.219286849996323 ] } },
{ "type": "Feature", "properties": { "fid": 154, "OBJECTID": 154.0, "CalSim_ID": "YUB023", "Riv_Mi": 22.68, "Riv_Name": "Yuba River", "Comment": "Confluence with Deer Creek.", "C2VSIM_GW": null, "C2VSIM_SW": null, "CalSim2_ID": null, "Type": "CH", "Sub_Type": "STM", "Nrest_Gage": null, "Strm_Code": "YUB", "RM_II": 23, "HR": "SAC" }, "geometry": { "type": "Point", "coordinates": [ -121.280218368430141, 39.230390187552764 ] } },
{ "type": "Feature", "properties": { "fid": 155, "OBJECTID": 155.0, "CalSim_ID": "YUB024", "Riv_Mi": 23.44, "Riv_Name": "Yuba River", "Comment": "CalSim2 Node near USGS Gage - 11418000", "C2VSIM_GW": null, "C2VSIM_SW": null, "CalSim2_ID": "232", "Type": "CH", "Sub_Type": "SG", "Nrest_Gage": "11418000", "Strm_Code": "YUB", "RM_II": 24, "HR": "SAC" }, "geometry": { "type": "Point", "coordinates": [ -121.27358037564882, 39.235048989003197 ] } },
{ "type": "Feature", "properties": { "fid": 156, "OBJECTID": 156.0, "CalSim_ID": "ENGLB", "Riv_Mi": 23.86, "Riv_Name": "Yuba River", "Comment": "Englebright Lake", "C2VSIM_GW": null, "C2VSIM_SW": null, "CalSim2_ID": "237", "Type": "STR", "Sub_Type": "SIM", "Nrest_Gage": null, "Strm_Code": null, "RM_II": null, "HR": "SAC" }, "geometry": { "type": "Point", "coordinates": [ -121.268979911195331, 39.239804490847412 ] } },
{ "type": "Feature", "properties": { "fid": 157, "OBJECTID": 157.0, "CalSim_ID": "FDC006", "Riv_Mi": 6.0, "Riv_Name": "French Dry Creek", "Comment": "CalSim2 Node downstream of USGS Gage - 11420700", "C2VSIM_GW": null, "C2VSIM_SW": null, "CalSim2_ID": "I_231", "Type": "CH", "Sub_Type": "STM", "Nrest_Gage": "11420700", "Strm_Code": "FDC", "RM_II": 6, "HR": "SAC" }, "geometry": { "type": "Point", "coordinates": [ -121.340859982971722, 39.261557693202519 ] } },
{ "type": "Feature", "properties": { "fid": 158, "OBJECTID": 158.0, "CalSim_ID": "MERLC", "Riv_Mi": 12.39, "Riv_Name": "French Dry Creek", "Comment": "Merle Collins Reservoir near USGS Gage - 11420500", "C2VSIM_GW": null, "C2VSIM_SW": null, "CalSim2_ID": null, "Type": "STR", "Sub_Type": "NSM", "Nrest_Gage": "11420500", "Strm_Code": null, "RM_II": null, "HR": "SAC" }, "geometry": { "type": "Point", "coordinates": [ -121.313225887501176, 39.323264930673389 ] } },
{ "type": "Feature", "properties": { "fid": 159, "OBJECTID": 159.0, "CalSim_ID": "BRR004", "Riv_Mi": 4.0, "Riv_Name": "Bear River", "Comment": "C2VSIM/CalSim2 Node.", "C2VSIM_GW": "331", "C2VSIM_SW": "360", "CalSim2_ID": "282", "Type": "CH", "Sub_Type": "STM", "Nrest_Gage": null, "Strm_Code": "BRR", "RM_II": 4, "HR": "SAC" }, "geometry": { "type": "Point", "coordinates": [ -121.535851302459946, 38.971569520601484 ] } },
{ "type": "Feature", "properties": { "fid": 160, "OBJECTID": 160.0, "CalSim_ID": "BRR017", "Riv_Mi": 16.88, "Riv_Name": "Bear River", "Comment": "Bear River Fish Release below Camp Far West Reservoir near Wheatland. Camp Far West Diversion Dam (South Sutter Canal). C2VSIM/CalSim2 Node.", "C2VSIM_GW": "333", "C2VSIM_SW": "358", "CalSim2_ID": "285", "Type": "CH", "Sub_Type": "SG", "Nrest_Gage": "11423800", "Strm_Code": "BRR", "RM_II": 17, "HR": "SAC" }, "geometry": { "type": "Point", "coordinates": [ -121.332026353727457, 39.042088569343036 ] } },
{ "type": "Feature", "properties": { "fid": 161, "OBJECTID": 161.0, "CalSim_ID": "CMPFW", "Riv_Mi": 18.0, "Riv_Name": "Bear River", "Comment": "Camp Far West Reservoir", "C2VSIM_GW": "334", "C2VSIM_SW": "357", "CalSim2_ID": "S286", "Type": "STR", "Sub_Type": "NSM", "Nrest_Gage": null, "Strm_Code": null, "RM_II": null, "HR": "SAC" }, "geometry": { "type": "Point", "coordinates": [ -121.317363148669784, 39.049473051233569 ] } },
{ "type": "Feature", "properties": { "fid": 162, "OBJECTID": 162.0, "CalSim_ID": "BRR050", "Riv_Mi": 49.83, "Riv_Name": "Bear River", "Comment": "Bear River Canal diversion at Rollins Reservoir??", "C2VSIM_GW": null, "C2VSIM_SW": null, "CalSim2_ID": null, "Type": "CH", "Sub_Type": "STM", "Nrest_Gage": null, "Strm_Code": "BRR", "RM_II": 50, "HR": "SAC" }, "geometry": { "type": "Point", "coordinates": [ -120.953958634281818, 39.134149254628085 ] } },
{ "type": "Feature", "properties": { "fid": 163, "OBJECTID": 163.0, "CalSim_ID": "CCH003", "Riv_Mi": 3.0, "Riv_Name": "Cache Creek", "Comment": "C2VSIM Node", "C2VSIM_GW": "359", "C2VSIM_SW": "395", "CalSim2_ID": null, "Type": "CH", "Sub_Type": "STM", "Nrest_Gage": null, "Strm_Code": "CCH", "RM_II": 3, "HR": "SAC" }, "geometry": { "type": "Point", "coordinates": [ -121.711326623475571, 38.682256472258473 ] } },
{ "type": "Feature", "properties": { "fid": 164, "OBJECTID": 164.0, "CalSim_ID": "CCH006", "Riv_Mi": 6.0, "Riv_Name": "Cache Creek", "Comment": "C2VSIM Node", "C2VSIM_GW": "358", "C2VSIM_SW": "394", "CalSim2_ID": null, "Type": "CH", "Sub_Type": "STM", "Nrest_Gage": null, "Strm_Code": "CCH", "RM_II": 6, "HR": "SAC" }, "geometry": { "type": "Point", "coordinates": [ -121.716233256183472, 38.724719559258702 ] } },
{ "type": "Feature", "properties": { "fid": 165, "OBJECTID": 165.0, "CalSim_ID": "CCH012", "Riv_Mi": 12.43, "Riv_Name": "Cache Creek", "Comment": "Cache Creek at Yolo. USGS11452500. C2VSIM Node", "C2VSIM_GW": "348", "C2VSIM_SW": "393", "CalSim2_ID": null, "Type": "CH", "Sub_Type": "SG", "Nrest_Gage": "11452500", "Strm_Code": "CCH", "RM_II": 12, "HR": "SAC" }, "geometry": { "type": "Point", "coordinates": [ -121.806830292528332, 38.726966971841065 ] } },
{ "type": "Feature", "properties": { "fid": 166, "OBJECTID": 166.0, "CalSim_ID": "BTC045", "Riv_Mi": 44.57, "Riv_Name": "Butte Creek", "Comment": "Parrot-Phelan Dam", "C2VSIM_GW": null, "C2VSIM_SW": null, "CalSim2_ID": null, "Type": "CH", "Sub_Type": "STM", "Nrest_Gage": null, "Strm_Code": "BTC", "RM_II": 45, "HR": "SAC" }, "geometry": { "type": "Point", "coordinates": [ -121.75053398602715, 39.709604491710046 ] } },
{ "type": "Feature", "properties": { "fid": 167, "OBJECTID": 167.0, "CalSim_ID": "FTR051", "Riv_Mi": 51.0, "Riv_Name": "Feather River", "Comment": "Near DWR #A05165 (GRL)", "C2VSIM_GW": null, "C2VSIM_SW": null, "CalSim2_ID": null, "Type": "CH", "Sub_Type": "SG", "Nrest_Gage": "DWR A0-5165", "Strm_Code": "FTR", "RM_II": 51, "HR": "SAC" }, "geometry": { "type": "Point", "coordinates": [ -121.645104041874774, 39.365068820784792 ] } },
{ "type": "Feature", "properties": { "fid": 168, "OBJECTID": 168.0, "CalSim_ID": "11_SA2", "Riv_Mi": null, "Riv_Name": null, "Comment": null, "C2VSIM_GW": null, "C2VSIM_SW": null, "CalSim2_ID": null, "Type": "S", "Sub_Type": "A", "Nrest_Gage": null, "Strm_Code": null, "RM_II": null, "HR": "SAC" }, "geometry": { "type": "Point", "coordinates": [ -121.80302969145383, 39.465174525612078 ] } },
{ "type": "Feature", "properties": { "fid": 169, "OBJECTID": 169.0, "CalSim_ID": "JBC002", "Riv_Mi": 1.81, "Riv_Name": "Joint Board Canal", "Comment": null, "C2VSIM_GW": null, "C2VSIM_SW": null, "CalSim2_ID": null, "Type": "CH", "Sub_Type": "CNL", "Nrest_Gage": null, "Strm_Code": "JBC", "RM_II": 2, "HR": "SAC" }, "geometry": { "type": "Point", "coordinates": [ -121.676758276138983, 39.438380568589146 ] } },
{ "type": "Feature", "properties": { "fid": 170, "OBJECTID": 170.0, "CalSim_ID": "LDC007", "Riv_Mi": 7.43, "Riv_Name": "Little Dry Creek", "Comment": null, "C2VSIM_GW": null, "C2VSIM_SW": null, "CalSim2_ID": null, "Type": "CH", "Sub_Type": "STM", "Nrest_Gage": null, "Strm_Code": "LDC", "RM_II": 7, "HR": "SAC" }, "geometry": { "type": "Point", "coordinates": [ -121.845011362085941, 39.464515855047893 ] } },
{ "type": "Feature", "properties": { "fid": 171, "OBJECTID": 171.0, "CalSim_ID": "WSE003", "Riv_Mi": 3.0, "Riv_Name": "Wise Canal", "Comment": "Diversion to Boardman-Fiddler Green Diversion", "C2VSIM_GW": null, "C2VSIM_SW": null, "CalSim2_ID": null, "Type": "CH", "Sub_Type": "CNL", "Nrest_Gage": null, "Strm_Code": "WSE", "RM_II": 3, "HR": "SAC" }, "geometry": { "type": "Point", "coordinates": [ -121.079333018469995, 38.949042930852208 ] } },
{ "type": "Feature", "properties": { "fid": 172, "OBJECTID": 172.0, "CalSim_ID": "WSE004", "Riv_Mi": 3.74, "Riv_Name": "Wise Canal", "Comment": "Rock Creek Reservoir", "C2VSIM_GW": null, "C2VSIM_SW": null, "CalSim2_ID": null, "Type": "CH", "Sub_Type": "CNL", "Nrest_Gage": "11425410", "Strm_Code": "WSE", "RM_II": 4, "HR": "SAC" }, "geometry": { "type": "Point", "coordinates": [ -121.090099787696872, 38.945114313248382 ] } },
{ "type": "Feature", "properties": { "fid": 173, "OBJECTID": 173.0, "CalSim_ID": "DRM002", "Riv_Mi": 1.66, "Riv_Name": "Drum Canal", "Comment": "Spill to Bear River (YB-137)", "C2VSIM_GW": null, "C2VSIM_SW": null, "CalSim2_ID": null, "Type": "CH", "Sub_Type": "CNL", "Nrest_Gage": null, "Strm_Code": "DRM", "RM_II": 2, "HR": "SAC" }, "geometry": { "type": "Point", "coordinates": [ -120.660902806347309, 39.308957087374523 ] } },
{ "type": "Feature", "properties": { "fid": 174, "OBJECTID": 174.0, "CalSim_ID": "DRM001", "Riv_Mi": 0.88, "Riv_Name": "Drum Canal", "Comment": "Drum Canal at Tunnel Outlet near Emigrant Gap", "C2VSIM_GW": null, "C2VSIM_SW": null, "CalSim2_ID": null, "Type": "CH", "Sub_Type": "SG", "Nrest_Gage": "11414170", "Strm_Code": "DRM", "RM_II": 1, "HR": "SAC" }, "geometry": { "type": "Point", "coordinates": [ -120.65325285173256, 39.317457094894763 ] } },
{ "type": "Feature", "properties": { "fid": 175, "OBJECTID": 175.0, "CalSim_ID": "BRR074", "Riv_Mi": 73.88, "Riv_Name": "Bear River", "Comment": "Spill from Drum and South Yuba Canals", "C2VSIM_GW": null, "C2VSIM_SW": null, "CalSim2_ID": null, "Type": "CH", "Sub_Type": "STM", "Nrest_Gage": null, "Strm_Code": "BRR", "RM_II": 74, "HR": "SAC" }, "geometry": { "type": "Point", "coordinates": [ -120.666593053144481, 39.309438523096972 ] } },
{ "type": "Feature", "properties": { "fid": 176, "OBJECTID": 176.0, "CalSim_ID": "SYC003", "Riv_Mi": 1.87, "Riv_Name": "South Yuba Canal", "Comment": "Spill to Bear River (YB-139)", "C2VSIM_GW": null, "C2VSIM_SW": null, "CalSim2_ID": null, "Type": "CH", "Sub_Type": "CNL", "Nrest_Gage": null, "Strm_Code": "SYC", "RM_II": 3, "HR": "SAC" }, "geometry": { "type": "Point", "coordinates": [ -120.666601731304851, 39.310353160543571 ] } },
{ "type": "Feature", "properties": { "fid": 177, "OBJECTID": 177.0, "CalSim_ID": "17S_NA", "Riv_Mi": null, "Riv_Name": null, "Comment": null, "C2VSIM_GW": null, "C2VSIM_SW": null, "CalSim2_ID": null, "Type": "NP", "Sub_Type": "A", "Nrest_Gage": null, "Strm_Code": null, "RM_II": null, "HR": "SAC" }, "geometry": { "type": "Point", "coordinates": [ -121.635839487814948, 38.880435622132794 ] } },
{ "type": "Feature", "properties": { "fid": 178, "OBJECTID": 178.0, "CalSim_ID": "19_NU", "Riv_Mi": null, "Riv_Name": null, "Comment": "Groundwater", "C2VSIM_GW": null, "C2VSIM_SW": null, "CalSim2_ID": null, "Type": "NP", "Sub_Type": "U", "Nrest_Gage": null, "Strm_Code": null, "RM_II": null, "HR": "SAC" }, "geometry": { "type": "Point", "coordinates": [ -121.81556936873352, 38.931419864841629 ] } },
{ "type": "Feature", "properties": { "fid": 179, "OBJECTID": 179.0, "CalSim_ID": "19_SA", "Riv_Mi": null, "Riv_Name": null, "Comment": null, "C2VSIM_GW": null, "C2VSIM_SW": null, "CalSim2_ID": null, "Type": "S", "Sub_Type": "A", "Nrest_Gage": null, "Strm_Code": null, "RM_II": null, "HR": "SAC" }, "geometry": { "type": "Point", "coordinates": [ -121.713320372803537, 38.89496159494815 ] } },
{ "type": "Feature", "properties": { "fid": 180, "OBJECTID": 180.0, "CalSim_ID": "15N_NA2", "Riv_Mi": null, "Riv_Name": null, "Comment": null, "C2VSIM_GW": null, "C2VSIM_SW": null, "CalSim2_ID": null, "Type": "NP", "Sub_Type": "A", "Nrest_Gage": null, "Strm_Code": null, "RM_II": null, "HR": "SAC" }, "geometry": { "type": "Point", "coordinates": [ -121.533603943591189, 39.21713055360474 ] } },
{ "type": "Feature", "properties": { "fid": 181, "OBJECTID": 181.0, "CalSim_ID": "15N_NU", "Riv_Mi": null, "Riv_Name": null, "Comment": null, "C2VSIM_GW": null, "C2VSIM_SW": null, "CalSim2_ID": null, "Type": "NP", "Sub_Type": "U", "Nrest_Gage": null, "Strm_Code": null, "RM_II": null, "HR": "SAC" }, "geometry": { "type": "Point", "coordinates": [ -121.573716199605187, 39.162315695363517 ] } },
{ "type": "Feature", "properties": { "fid": 182, "OBJECTID": 182.0, "CalSim_ID": "15N_NA1", "Riv_Mi": null, "Riv_Name": null, "Comment": null, "C2VSIM_GW": null, "C2VSIM_SW": null, "CalSim2_ID": null, "Type": "NP", "Sub_Type": "A", "Nrest_Gage": null, "Strm_Code": null, "RM_II": null, "HR": "SAC" }, "geometry": { "type": "Point", "coordinates": [ -121.598556714777132, 39.273360947551076 ] } },
{ "type": "Feature", "properties": { "fid": 183, "OBJECTID": 183.0, "CalSim_ID": "14_NA", "Riv_Mi": null, "Riv_Name": null, "Comment": null, "C2VSIM_GW": null, "C2VSIM_SW": null, "CalSim2_ID": null, "Type": "NP", "Sub_Type": "A", "Nrest_Gage": null, "Strm_Code": null, "RM_II": null, "HR": "SAC" }, "geometry": { "type": "Point", "coordinates": [ -121.41736777224142, 39.260426582109261 ] } },
{ "type": "Feature", "properties": { "fid": 184, "OBJECTID": 184.0, "CalSim_ID": "RFS14", "Riv_Mi": null, "Riv_Name": null, "Comment": null, "C2VSIM_GW": null, "C2VSIM_SW": null, "CalSim2_ID": null, "Type": "RFS", "Sub_Type": "NA", "Nrest_Gage": null, "Strm_Code": null, "RM_II": null, "HR": "SAC" }, "geometry": { "type": "Point", "coordinates": [ -121.458913323697729, 39.259913436797518 ] } },
{ "type": "Feature", "properties": { "fid": 185, "OBJECTID": 185.0, "CalSim_ID": "13_NU2", "Riv_Mi": null, "Riv_Name": null, "Comment": "Small Urban Communities", "C2VSIM_GW": null, "C2VSIM_SW": null, "CalSim2_ID": null, "Type": "NP", "Sub_Type": "U", "Nrest_Gage": null, "Strm_Code": null, "RM_II": null, "HR": "SAC" }, "geometry": { "type": "Point", "coordinates": [ -121.534214080778398, 39.439414671461421 ] } },
{ "type": "Feature", "properties": { "fid": 186, "OBJECTID": 186.0, "CalSim_ID": "BSL004", "Riv_Mi": 3.8, "Riv_Name": "Butte Slough", "Comment": "Butte Slough near Meridian", "C2VSIM_GW": null, "C2VSIM_SW": null, "CalSim2_ID": null, "Type": "CH", "Sub_Type": "SG", "Nrest_Gage": "11390395 / DWR A0-2972", "Strm_Code": "BSL", "RM_II": 4, "HR": "SAC" }, "geometry": { "type": "Point", "coordinates": [ -121.898992174626841, 39.168283105844829 ] } },
{ "type": "Feature", "properties": { "fid": 187, "OBJECTID": 187.0, "CalSim_ID": "11_NU2", "Riv_Mi": null, "Riv_Name": null, "Comment": "Groundwater", "C2VSIM_GW": null, "C2VSIM_SW": null, "CalSim2_ID": null, "Type": "NP", "Sub_Type": "U", "Nrest_Gage": null, "Strm_Code": null, "RM_II": null, "HR": "SAC" }, "geometry": { "type": "Point", "coordinates": [ -121.662782999118321, 39.274955162791173 ] } },
{ "type": "Feature", "properties": { "fid": 188, "OBJECTID": 188.0, "CalSim_ID": "11_NA", "Riv_Mi": null, "Riv_Name": null, "Comment": null, "C2VSIM_GW": null, "C2VSIM_SW": null, "CalSim2_ID": null, "Type": "NP", "Sub_Type": "A", "Nrest_Gage": null, "Strm_Code": null, "RM_II": null, "HR": "SAC" }, "geometry": { "type": "Point", "coordinates": [ -121.714258085542951, 39.10814705585905 ] } },
{ "type": "Feature", "properties": { "fid": 189, "OBJECTID": 189.0, "CalSim_ID": "15S_SA", "Riv_Mi": null, "Riv_Name": null, "Comment": null, "C2VSIM_GW": null, "C2VSIM_SW": null, "CalSim2_ID": null, "Type": "S", "Sub_Type": "A", "Nrest_Gage": null, "Strm_Code": null, "RM_II": null, "HR": "SAC" }, "geometry": { "type": "Point", "coordinates": [ -121.557663359470965, 39.019748654810037 ] } },
{ "type": "Feature", "properties": { "fid": 190, "OBJECTID": 190.0, "CalSim_ID": "15S_NU", "Riv_Mi": null, "Riv_Name": null, "Comment": "Groundwater", "C2VSIM_GW": null, "C2VSIM_SW": null, "CalSim2_ID": null, "Type": "NP", "Sub_Type": "U", "Nrest_Gage": null, "Strm_Code": null, "RM_II": null, "HR": "SAC" }, "geometry": { "type": "Point", "coordinates": [ -121.538204104394552, 39.080190520153565 ] } },
{ "type": "Feature", "properties": { "fid": 191, "OBJECTID": 191.0, "CalSim_ID": "15S_NA2", "Riv_Mi": null, "Riv_Name": null, "Comment": null, "C2VSIM_GW": null, "C2VSIM_SW": null, "CalSim2_ID": null, "Type": "NP", "Sub_Type": "A", "Nrest_Gage": null, "Strm_Code": null, "RM_II": null, "HR": "SAC" }, "geometry": { "type": "Point", "coordinates": [ -121.468032525110914, 39.085537496267413 ] } },
{ "type": "Feature", "properties": { "fid": 192, "OBJECTID": 192.0, "CalSim_ID": "JBC004", "Riv_Mi": 4.07, "Riv_Name": "Joint Board Canal", "Comment": null, "C2VSIM_GW": null, "C2VSIM_SW": null, "CalSim2_ID": null, "Type": "CH", "Sub_Type": "CNL", "Nrest_Gage": null, "Strm_Code": "JBC", "RM_II": 4, "HR": "SAC" }, "geometry": { "type": "Point", "coordinates": [ -121.670431250026695, 39.407630849578062 ] } },
{ "type": "Feature", "properties": { "fid": 193, "OBJECTID": 193.0, "CalSim_ID": "LDC029", "Riv_Mi": 28.89, "Riv_Name": "Little Dry Creek", "Comment": null, "C2VSIM_GW": null, "C2VSIM_SW": null, "CalSim2_ID": null, "Type": "CH", "Sub_Type": "STM", "Nrest_Gage": null, "Strm_Code": "LDC", "RM_II": 29, "HR": "SAC" }, "geometry": { "type": "Point", "coordinates": [ -121.660406461785954, 39.668777588876523 ] } },
{ "type": "Feature", "properties": { "fid": 194, "OBJECTID": 194.0, "CalSim_ID": "LDC021", "Riv_Mi": 20.54, "Riv_Name": "Little Dry Creek", "Comment": "Not quite right inflow from Miocene Canal Spill", "C2VSIM_GW": null, "C2VSIM_SW": null, "CalSim2_ID": null, "Type": "CH", "Sub_Type": "STM", "Nrest_Gage": null, "Strm_Code": "LDC", "RM_II": 21, "HR": "SAC" }, "geometry": { "type": "Point", "coordinates": [ -121.723010190334577, 39.606198392671878 ] } },
{ "type": "Feature", "properties": { "fid": 195, "OBJECTID": 195.0, "CalSim_ID": "14_NU", "Riv_Mi": null, "Riv_Name": null, "Comment": "Groundwater", "C2VSIM_GW": null, "C2VSIM_SW": null, "CalSim2_ID": null, "Type": "NP", "Sub_Type": "U", "Nrest_Gage": null, "Strm_Code": null, "RM_II": null, "HR": "SAC" }, "geometry": { "type": "Point", "coordinates": [ -121.297229385053029, 39.208188249281214 ] } },
{ "type": "Feature", "properties": { "fid": 196, "OBJECTID": 196.0, "CalSim_ID": "YBP034", "Riv_Mi": 34.21, "Riv_Name": "Yolo Bypass", "Comment": "Confluence with Knights Landing Ridge Cut", "C2VSIM_GW": null, "C2VSIM_SW": null, "CalSim2_ID": null, "Type": "CH", "Sub_Type": "BYP", "Nrest_Gage": null, "Strm_Code": "YBP", "RM_II": 34, "HR": "SAC" }, "geometry": { "type": "Point", "coordinates": [ -121.651706287813909, 38.712380151596122 ] } },
{ "type": "Feature", "properties": { "fid": 197, "OBJECTID": 197.0, "CalSim_ID": "WLF013", "Riv_Mi": 12.98, "Riv_Name": "Wolf Creek", "Comment": "Tarr Canal Diversion from Wolf Creek", "C2VSIM_GW": null, "C2VSIM_SW": null, "CalSim2_ID": null, "Type": "CH", "Sub_Type": "STM", "Nrest_Gage": null, "Strm_Code": "WLF", "RM_II": 13, "HR": "SAC" }, "geometry": { "type": "Point", "coordinates": [ -121.06612652664586, 39.160892678300243 ] } },
{ "type": "Feature", "properties": { "fid": 198, "OBJECTID": 198.0, "CalSim_ID": "OMR", "Riv_Mi": null, "Riv_Name": null, "Comment": "Net Delta Depletion - Old and Middle Rivers", "C2VSIM_GW": null, "C2VSIM_SW": null, "CalSim2_ID": null, "Type": "OM", "Sub_Type": "OMDD", "Nrest_Gage": null, "Strm_Code": null, "RM_II": null, "HR": "SAC" }, "geometry": { "type": "Point", "coordinates": [ -121.489518282088383, 37.857222130861032 ] } },
{ "type": "Feature", "properties": { "fid": 199, "OBJECTID": 199.0, "CalSim_ID": "RFS23", "Riv_Mi": null, "Riv_Name": null, "Comment": null, "C2VSIM_GW": null, "C2VSIM_SW": null, "CalSim2_ID": null, "Type": "RFS", "Sub_Type": "NA", "Nrest_Gage": null, "Strm_Code": null, "RM_II": null, "HR": "SAC" }, "geometry": { "type": "Point", "coordinates": [ -121.526295045592803, 38.950916743572044 ] } },
{ "type": "Feature", "properties": { "fid": 200, "OBJECTID": 200.0, "CalSim_ID": "23_NA", "Riv_Mi": null, "Riv_Name": null, "Comment": null, "C2VSIM_GW": null, "C2VSIM_SW": null, "CalSim2_ID": null, "Type": "NP", "Sub_Type": "A", "Nrest_Gage": null, "Strm_Code": null, "RM_II": null, "HR": "SAC" }, "geometry": { "type": "Point", "coordinates": [ -121.41429841215033, 38.970133289379511 ] } },
{ "type": "Feature", "properties": { "fid": 201, "OBJECTID": 201.0, "CalSim_ID": "23_NU", "Riv_Mi": null, "Riv_Name": null, "Comment": null, "C2VSIM_GW": null, "C2VSIM_SW": null, "CalSim2_ID": null, "Type": "NP", "Sub_Type": "U", "Nrest_Gage": null, "Strm_Code": null, "RM_II": null, "HR": "SAC" }, "geometry": { "type": "Point", "coordinates": [ -121.474374457729908, 38.779948014828761 ] } },
{ "type": "Feature", "properties": { "fid": 202, "OBJECTID": 202.0, "CalSim_ID": "NFA016", "Riv_Mi": 15.94, "Riv_Name": "North Fork American River", "Comment": "American River Pump Station diversion to Auburn Tunnel Pump Station via Auburn Tunnel. Actual confluence of Middle and North Forks 4.1 miles upstream", "C2VSIM_GW": null, "C2VSIM_SW": null, "CalSim2_ID": null, "Type": "CH", "Sub_Type": "STM", "Nrest_Gage": null, "Strm_Code": "NFA", "RM_II": 16, "HR": "SAC" }, "geometry": { "type": "Point", "coordinates": [ -121.060201030405395, 38.88429416446963 ] } },
{ "type": "Feature", "properties": { "fid": 203, "OBJECTID": 203.0, "CalSim_ID": "WTPBWM", "Riv_Mi": null, "Riv_Name": null, "Comment": "Bowman Water Treatment Plant", "C2VSIM_GW": null, "C2VSIM_SW": null, "CalSim2_ID": null, "Type": "WTP", "Sub_Type": "NA", "Nrest_Gage": null, "Strm_Code": null, "RM_II": null, "HR": "SAC" }, "geometry": { "type": "Point", "coordinates": [ -121.040871694571095, 38.962791260898207 ] } },
{ "type": "Feature", "properties": { "fid": 204, "OBJECTID": 204.0, "CalSim_ID": "24_NU2", "Riv_Mi": null, "Riv_Name": null, "Comment": null, "C2VSIM_GW": null, "C2VSIM_SW": null, "CalSim2_ID": null, "Type": "NP", "Sub_Type": "U", "Nrest_Gage": null, "Strm_Code": null, "RM_II": null, "HR": "SAC" }, "geometry": { "type": "Point", "coordinates": [ -121.256006432932651, 38.839805004328682 ] } },
{ "type": "Feature", "properties": { "fid": 205, "OBJECTID": 205.0, "CalSim_ID": "WTPFSS", "Riv_Mi": null, "Riv_Name": null, "Comment": "PCWA Foothills and Sunset Water Treatment Plants represented at the Foothills location.", "C2VSIM_GW": null, "C2VSIM_SW": null, "CalSim2_ID": null, "Type": "WTP", "Sub_Type": "NA", "Nrest_Gage": null, "Strm_Code": null, "RM_II": null, "HR": "SAC" }, "geometry": { "type": "Point", "coordinates": [ -121.1251740469433, 38.86217100271066 ] } },
{ "type": "Feature", "properties": { "fid": 206, "OBJECTID": 206.0, "CalSim_ID": "24_NU1", "Riv_Mi": null, "Riv_Name": null, "Comment": "Auburn, Bowman, Ophir, Newcastle", "C2VSIM_GW": null, "C2VSIM_SW": null, "CalSim2_ID": null, "Type": "NP", "Sub_Type": "U", "Nrest_Gage": null, "Strm_Code": null, "RM_II": null, "HR": "SAC" }, "geometry": { "type": "Point", "coordinates": [ -121.071981318893222, 38.928007435941772 ] } },
{ "type": "Feature", "properties": { "fid": 207, "OBJECTID": 207.0, "CalSim_ID": "WTPRSV", "Riv_Mi": null, "Riv_Name": null, "Comment": "City of Roseville Water Treatment Plant", "C2VSIM_GW": null, "C2VSIM_SW": null, "CalSim2_ID": null, "Type": "WTP", "Sub_Type": "NA", "Nrest_Gage": null, "Strm_Code": null, "RM_II": null, "HR": "SAC" }, "geometry": { "type": "Point", "coordinates": [ -121.18496878849426, 38.724086864045056 ] } },
{ "type": "Feature", "properties": { "fid": 208, "OBJECTID": 208.0, "CalSim_ID": "WTPSJP", "Riv_Mi": null, "Riv_Name": null, "Comment": "Sidney N. Person Water Treatment Plant", "C2VSIM_GW": null, "C2VSIM_SW": null, "CalSim2_ID": null, "Type": "WTP", "Sub_Type": "NA", "Nrest_Gage": null, "Strm_Code": null, "RM_II": null, "HR": "SAC" }, "geometry": { "type": "Point", "coordinates": [ -121.173256474832385, 38.715245494175292 ] } },
{ "type": "Feature", "properties": { "fid": 209, "OBJECTID": 209.0, "CalSim_ID": "DCWWTP", "Riv_Mi": null, "Riv_Name": null, "Comment": "Dry Creek Wastewater Treatment Plant", "C2VSIM_GW": null, "C2VSIM_SW": null, "CalSim2_ID": null, "Type": "WWTP", "Sub_Type": "NA", "Nrest_Gage": null, "Strm_Code": null, "RM_II": null, "HR": "SAC" }, "geometry": { "type": "Point", "coordinates": [ -121.319278836379837, 38.736991384893031 ] } },
{ "type": "Feature", "properties": { "fid": 210, "OBJECTID": 210.0, "CalSim_ID": "WTPSRW", "Riv_Mi": null, "Riv_Name": null, "Comment": "Future SRWRS Water Treatment Plant", "C2VSIM_GW": null, "C2VSIM_SW": null, "CalSim2_ID": null, "Type": "WTP", "Sub_Type": "PRP", "Nrest_Gage": null, "Strm_Code": null, "RM_II": null, "HR": "SAC" }, "geometry": { "type": "Point", "coordinates": [ -121.58588508958114, 38.715297141629648 ] } },
{ "type": "Feature", "properties": { "fid": 211, "OBJECTID": 211.0, "CalSim_ID": "15S_NA1", "Riv_Mi": null, "Riv_Name": null, "Comment": null, "C2VSIM_GW": null, "C2VSIM_SW": null, "CalSim2_ID": null, "Type": "NP", "Sub_Type": "A", "Nrest_Gage": null, "Strm_Code": null, "RM_II": null, "HR": "SAC" }, "geometry": { "type": "Point", "coordinates": [ -121.400692572581335, 39.095505725827373 ] } },
{ "type": "Feature", "properties": { "fid": 212, "OBJECTID": 212.0, "CalSim_ID": "DHC001", "Riv_Mi": null, "Riv_Name": "Best Slough/Reeds/Dry/Hutchinson Creeks", "Comment": "Conceptual Best Slough, Reeds Creek, Dry Creek, Hutchinson Creek collector", "C2VSIM_GW": null, "C2VSIM_SW": null, "CalSim2_ID": null, "Type": "CH", "Sub_Type": "STM", "Nrest_Gage": null, "Strm_Code": "DHC", "RM_II": null, "HR": "SAC" }, "geometry": { "type": "Point", "coordinates": [ -121.536082674834873, 38.982277343915108 ] } },
{ "type": "Feature", "properties": { "fid": 213, "OBJECTID": 213.0, "CalSim_ID": "24_NU3", "Riv_Mi": null, "Riv_Name": null, "Comment": "North Auburn", "C2VSIM_GW": null, "C2VSIM_SW": null, "CalSim2_ID": null, "Type": "NP", "Sub_Type": "U", "Nrest_Gage": null, "Strm_Code": null, "RM_II": null, "HR": "SAC" }, "geometry": { "type": "Point", "coordinates": [ -121.109103602825016, 38.952814175999762 ] } },
{ "type": "Feature", "properties": { "fid": 214, "OBJECTID": 214.0, "CalSim_ID": "CCK038", "Riv_Mi": 38.13, "Riv_Name": "Coon Creek", "Comment": "Return from Placer County WWTP#1 to Coon Creek", "C2VSIM_GW": null, "C2VSIM_SW": null, "CalSim2_ID": null, "Type": "CH", "Sub_Type": "STM", "Nrest_Gage": null, "Strm_Code": "CCK", "RM_II": 38, "HR": "SAC" }, "geometry": { "type": "Point", "coordinates": [ -121.110480528813611, 38.966330155615502 ] } },
{ "type": "Feature", "properties": { "fid": 215, "OBJECTID": 215.0, "CalSim_ID": "DRM011", "Riv_Mi": 10.67, "Riv_Name": "Drum Canal", "Comment": "Drum Powerhouse 1 & 2 Combined Flow Drum No.1 and No.2 Power Plants near Blue Canyon. Drum Afterbay", "C2VSIM_GW": null, "C2VSIM_SW": null, "CalSim2_ID": null, "Type": "CH", "Sub_Type": "SG", "Nrest_Gage": "11414196", "Strm_Code": "DRM", "RM_II": 11, "HR": "SAC" }, "geometry": { "type": "Point", "coordinates": [ -120.767275826595508, 39.256743938994752 ] } },
{ "type": "Feature", "properties": { "fid": 216, "OBJECTID": 216.0, "CalSim_ID": "TWL005", "Riv_Mi": 4.53, "Riv_Name": "Towle Canal", "Comment": "Alta Forebay and Alta WTP", "C2VSIM_GW": null, "C2VSIM_SW": null, "CalSim2_ID": null, "Type": "CH", "Sub_Type": "CNL", "Nrest_Gage": null, "Strm_Code": "TWL", "RM_II": 5, "HR": "SAC" }, "geometry": { "type": "Point", "coordinates": [ -120.785770742197272, 39.219380075893731 ] } },
{ "type": "Feature", "properties": { "fid": 217, "OBJECTID": 217.0, "CalSim_ID": "22_SA1", "Riv_Mi": null, "Riv_Name": null, "Comment": null, "C2VSIM_GW": null, "C2VSIM_SW": null, "CalSim2_ID": null, "Type": "S", "Sub_Type": "A", "Nrest_Gage": null, "Strm_Code": null, "RM_II": null, "HR": "SAC" }, "geometry": { "type": "Point", "coordinates": [ -121.564040089520972, 38.740066210851786 ] } },
{ "type": "Feature", "properties": { "fid": 218, "OBJECTID": 218.0, "CalSim_ID": "22_NU", "Riv_Mi": null, "Riv_Name": null, "Comment": "Groundwater", "C2VSIM_GW": null, "C2VSIM_SW": null, "CalSim2_ID": null, "Type": "NP", "Sub_Type": "U", "Nrest_Gage": null, "Strm_Code": null, "RM_II": null, "HR": "SAC" }, "geometry": { "type": "Point", "coordinates": [ -121.584663150940131, 38.685575518072866 ] } },
{ "type": "Feature", "properties": { "fid": 219, "OBJECTID": 219.0, "CalSim_ID": "22_NA", "Riv_Mi": null, "Riv_Name": null, "Comment": "Groundwater", "C2VSIM_GW": null, "C2VSIM_SW": null, "CalSim2_ID": null, "Type": "NP", "Sub_Type": "A", "Nrest_Gage": null, "Strm_Code": null, "RM_II": null, "HR": "SAC" }, "geometry": { "type": "Point", "coordinates": [ -121.618795039840251, 38.678643526538615 ] } },
{ "type": "Feature", "properties": { "fid": 220, "OBJECTID": 220.0, "CalSim_ID": "RFS22", "Riv_Mi": null, "Riv_Name": null, "Comment": null, "C2VSIM_GW": null, "C2VSIM_SW": null, "CalSim2_ID": null, "Type": "RFS", "Sub_Type": "NA", "Nrest_Gage": null, "Strm_Code": null, "RM_II": null, "HR": "SAC" }, "geometry": { "type": "Point", "coordinates": [ -121.53657560067856, 38.666429558068351 ] } },
{ "type": "Feature", "properties": { "fid": 221, "OBJECTID": 221.0, "CalSim_ID": "SRWWTP", "Riv_Mi": null, "Riv_Name": null, "Comment": "Sacramento Regional CSD Wastewater Treatment Plant", "C2VSIM_GW": null, "C2VSIM_SW": null, "CalSim2_ID": null, "Type": "WWTP", "Sub_Type": "NA", "Nrest_Gage": null, "Strm_Code": null, "RM_II": null, "HR": "SAC" }, "geometry": { "type": "Point", "coordinates": [ -121.463278843494535, 38.449175495356982 ] } },
{ "type": "Feature", "properties": { "fid": 222, "OBJECTID": 222.0, "CalSim_ID": "RFS26N", "Riv_Mi": null, "Riv_Name": null, "Comment": "Lower PCWA Urban Return Collector", "C2VSIM_GW": null, "C2VSIM_SW": null, "CalSim2_ID": null, "Type": "RFS", "Sub_Type": "NA", "Nrest_Gage": null, "Strm_Code": null, "RM_II": null, "HR": "SAC" }, "geometry": { "type": "Point", "coordinates": [ -121.320246971275978, 38.78954034718695 ] } },
{ "type": "Feature", "properties": { "fid": 223, "OBJECTID": 223.0, "CalSim_ID": "WTPFOL", "Riv_Mi": null, "Riv_Name": null, "Comment": "Folsom No.1 Water Treatment Plant", "C2VSIM_GW": null, "C2VSIM_SW": null, "CalSim2_ID": null, "Type": "WTP", "Sub_Type": "NA", "Nrest_Gage": null, "Strm_Code": null, "RM_II": null, "HR": "SAC" }, "geometry": { "type": "Point", "coordinates": [ -121.150734437970286, 38.683544581274752 ] } },
{ "type": "Feature", "properties": { "fid": 224, "OBJECTID": 224.0, "CalSim_ID": "WTPBJM", "Riv_Mi": null, "Riv_Name": null, "Comment": "Carmichael Bajamont Water Treatment Plant", "C2VSIM_GW": null, "C2VSIM_SW": null, "CalSim2_ID": null, "Type": "WTP", "Sub_Type": "NA", "Nrest_Gage": null, "Strm_Code": null, "RM_II": null, "HR": "SAC" }, "geometry": { "type": "Point", "coordinates": [ -121.303972323433726, 38.62613277110956 ] } },
{ "type": "Feature", "properties": { "fid": 225, "OBJECTID": 225.0, "CalSim_ID": "WTPSAC", "Riv_Mi": null, "Riv_Name": null, "Comment": "Sacramento River Water Treatment Plant", "C2VSIM_GW": null, "C2VSIM_SW": null, "CalSim2_ID": null, "Type": "WTP", "Sub_Type": "NA", "Nrest_Gage": null, "Strm_Code": null, "RM_II": null, "HR": "SAC" }, "geometry": { "type": "Point", "coordinates": [ -121.501414962232332, 38.593798736802924 ] } },
{ "type": "Feature", "properties": { "fid": 226, "OBJECTID": 226.0, "CalSim_ID": "WTPBTB", "Riv_Mi": null, "Riv_Name": null, "Comment": "Bryte Bend Water Treatment Plant", "C2VSIM_GW": null, "C2VSIM_SW": null, "CalSim2_ID": null, "Type": "WTP", "Sub_Type": "NA", "Nrest_Gage": null, "Strm_Code": null, "RM_II": null, "HR": "SAC" }, "geometry": { "type": "Point", "coordinates": [ -121.550227667559653, 38.59667949693614 ] } },
{ "type": "Feature", "properties": { "fid": 227, "OBJECTID": 227.0, "CalSim_ID": "WTPFBN", "Riv_Mi": null, "Riv_Name": null, "Comment": "E.A. Fairbairn Water Treatment Plant", "C2VSIM_GW": null, "C2VSIM_SW": null, "CalSim2_ID": null, "Type": "WTP", "Sub_Type": "NA", "Nrest_Gage": null, "Strm_Code": null, "RM_II": null, "HR": "SAC" }, "geometry": { "type": "Point", "coordinates": [ -121.416707974141374, 38.556085758760467 ] } },
{ "type": "Feature", "properties": { "fid": 228, "OBJECTID": 228.0, "CalSim_ID": "WTPCOL", "Riv_Mi": null, "Riv_Name": null, "Comment": "Coloma Water Treatment Plant", "C2VSIM_GW": null, "C2VSIM_SW": null, "CalSim2_ID": null, "Type": "WTP", "Sub_Type": "NA", "Nrest_Gage": null, "Strm_Code": null, "RM_II": null, "HR": "SAC" }, "geometry": { "type": "Point", "coordinates": [ -121.265094534790194, 38.617757761828919 ] } },
{ "type": "Feature", "properties": { "fid": 229, "OBJECTID": 229.0, "CalSim_ID": "26S_NU1", "Riv_Mi": null, "Riv_Name": null, "Comment": "City of Sacramento south of American River", "C2VSIM_GW": null, "C2VSIM_SW": null, "CalSim2_ID": null, "Type": "PR", "Sub_Type": "U", "Nrest_Gage": null, "Strm_Code": null, "RM_II": null, "HR": "SAC" }, "geometry": { "type": "Point", "coordinates": [ -121.465431860732579, 38.555485869364404 ] } },
{ "type": "Feature", "properties": { "fid": 230, "OBJECTID": 230.0, "CalSim_ID": "WSE008", "Riv_Mi": 8.42, "Riv_Name": "Wise Canal", "Comment": "Wise Powerhouse and gage at Wise Powerhouse near Auburn", "C2VSIM_GW": null, "C2VSIM_SW": null, "CalSim2_ID": null, "Type": "CH", "Sub_Type": "SG", "Nrest_Gage": "11425415", "Strm_Code": "WSE", "RM_II": 8, "HR": "SAC" }, "geometry": { "type": "Point", "coordinates": [ -121.098473172553071, 38.889917530443213 ] } },
{ "type": "Feature", "properties": { "fid": 231, "OBJECTID": 231.0, "CalSim_ID": "PCWA3", "Riv_Mi": null, "Riv_Name": null, "Comment": "Off-Model Node PCWA3 (Monte Vista, Colfax, Applegate", "C2VSIM_GW": null, "C2VSIM_SW": null, "CalSim2_ID": null, "Type": "OM", "Sub_Type": "OMD", "Nrest_Gage": null, "Strm_Code": null, "RM_II": null, "HR": "SAC" }, "geometry": { "type": "Point", "coordinates": [ -120.856210232025987, 39.14782898909997 ] } },
{ "type": "Feature", "properties": { "fid": 232, "OBJECTID": 232.0, "CalSim_ID": "WTPAUB", "Riv_Mi": null, "Riv_Name": null, "Comment": "Auburn Water Treatment Plant", "C2VSIM_GW": null, "C2VSIM_SW": null, "CalSim2_ID": null, "Type": "WTP", "Sub_Type": "NA", "Nrest_Gage": null, "Strm_Code": null, "RM_II": null, "HR": "SAC" }, "geometry": { "type": "Point", "coordinates": [ -121.053818061654496, 38.922369239554271 ] } },
{ "type": "Feature", "properties": { "fid": 233, "OBJECTID": 233.0, "CalSim_ID": "26N_NU4", "Riv_Mi": null, "Riv_Name": null, "Comment": null, "C2VSIM_GW": null, "C2VSIM_SW": null, "CalSim2_ID": null, "Type": "PR", "Sub_Type": "U", "Nrest_Gage": null, "Strm_Code": null, "RM_II": null, "HR": "SAC" }, "geometry": { "type": "Point", "coordinates": [ -121.36978985925505, 38.625380626121959 ] } },
{ "type": "Feature", "properties": { "fid": 234, "OBJECTID": 234.0, "CalSim_ID": "26S_NU2", "Riv_Mi": null, "Riv_Name": null, "Comment": null, "C2VSIM_GW": null, "C2VSIM_SW": null, "CalSim2_ID": null, "Type": "PR", "Sub_Type": "U", "Nrest_Gage": null, "Strm_Code": null, "RM_II": null, "HR": "SAC" }, "geometry": { "type": "Point", "coordinates": [ -121.368245947857261, 38.544076178828291 ] } },
{ "type": "Feature", "properties": { "fid": 235, "OBJECTID": 235.0, "CalSim_ID": "SAC049", "Riv_Mi": 48.85, "Riv_Name": "Sacramento River", "Comment": "Sacramento River at Freeport.", "C2VSIM_GW": null, "C2VSIM_SW": null, "CalSim2_ID": null, "Type": "CH", "Sub_Type": "SG", "Nrest_Gage": "11447650", "Strm_Code": "SAC", "RM_II": 49, "HR": "SAC" }, "geometry": { "type": "Point", "coordinates": [ -121.502033751873512, 38.45569776901651 ] } },
{ "type": "Feature", "properties": { "fid": 236, "OBJECTID": 236.0, "CalSim_ID": "20_NU2", "Riv_Mi": null, "Riv_Name": null, "Comment": "Esparto CSD, Madison CSD, Winters and Small Communities", "C2VSIM_GW": null, "C2VSIM_SW": null, "CalSim2_ID": null, "Type": "NP", "Sub_Type": "U", "Nrest_Gage": null, "Strm_Code": null, "RM_II": null, "HR": "SAC" }, "geometry": { "type": "Point", "coordinates": [ -121.992311582796205, 38.682290454337021 ] } },
{ "type": "Feature", "properties": { "fid": 237, "OBJECTID": 237.0, "CalSim_ID": "DCK012", "Riv_Mi": 12.04, "Riv_Name": "Dry Creek (Placer)", "Comment": "Outfall from Roseville wastewater treatment plant", "C2VSIM_GW": null, "C2VSIM_SW": null, "CalSim2_ID": null, "Type": "CH", "Sub_Type": "STM", "Nrest_Gage": null, "Strm_Code": "DCK", "RM_II": 12, "HR": "SAC" }, "geometry": { "type": "Point", "coordinates": [ -121.319220955763612, 38.733845345542193 ] } },
{ "type": "Feature", "properties": { "fid": 238, "OBJECTID": 238.0, "CalSim_ID": "LBC038", "Riv_Mi": 37.85, "Riv_Name": "Lower Boardman Canal", "Comment": "Diversion to Auburn Water Treatment Plant", "C2VSIM_GW": null, "C2VSIM_SW": null, "CalSim2_ID": null, "Type": "CH", "Sub_Type": "CNL", "Nrest_Gage": null, "Strm_Code": "LBC", "RM_II": 38, "HR": "SAC" }, "geometry": { "type": "Point", "coordinates": [ -121.056673250489723, 38.928673518248104 ] } },
{ "type": "Feature", "properties": { "fid": 239, "OBJECTID": 239.0, "CalSim_ID": "WTPVNY", "Riv_Mi": null, "Riv_Name": null, "Comment": "Future Vineyards Surface Water Treatment Plant", "C2VSIM_GW": null, "C2VSIM_SW": null, "CalSim2_ID": null, "Type": "WTP", "Sub_Type": "NA", "Nrest_Gage": null, "Strm_Code": null, "RM_II": null, "HR": "SAC" }, "geometry": { "type": "Point", "coordinates": [ -121.315635473234551, 38.4974582164091 ] } },
{ "type": "Feature", "properties": { "fid": 240, "OBJECTID": 240.0, "CalSim_ID": "KLR005", "Riv_Mi": 5.0, "Riv_Name": "Knights Landing Ridge Cut", "Comment": null, "C2VSIM_GW": null, "C2VSIM_SW": null, "CalSim2_ID": null, "Type": "CH", "Sub_Type": "CNL", "Nrest_Gage": null, "Strm_Code": "KLR", "RM_II": 5, "HR": "SAC" }, "geometry": { "type": "Point", "coordinates": [ -121.683312436366023, 38.736713337509457 ] } },
{ "type": "Feature", "properties": { "fid": 241, "OBJECTID": 241.0, "CalSim_ID": "21_SA", "Riv_Mi": null, "Riv_Name": null, "Comment": null, "C2VSIM_GW": null, "C2VSIM_SW": null, "CalSim2_ID": null, "Type": "S", "Sub_Type": "A", "Nrest_Gage": null, "Strm_Code": null, "RM_II": null, "HR": "SAC" }, "geometry": { "type": "Point", "coordinates": [ -121.659312351204065, 38.603477418663353 ] } },
{ "type": "Feature", "properties": { "fid": 242, "OBJECTID": 242.0, "CalSim_ID": "20_NA1", "Riv_Mi": null, "Riv_Name": null, "Comment": null, "C2VSIM_GW": null, "C2VSIM_SW": null, "CalSim2_ID": null, "Type": "NP", "Sub_Type": "A", "Nrest_Gage": null, "Strm_Code": null, "RM_II": null, "HR": "SAC" }, "geometry": { "type": "Point", "coordinates": [ -121.91872982514586, 38.596931164394427 ] } },
{ "type": "Feature", "properties": { "fid": 243, "OBJECTID": 243.0, "CalSim_ID": "20_NA2", "Riv_Mi": null, "Riv_Name": null, "Comment": "Groundwater", "C2VSIM_GW": null, "C2VSIM_SW": null, "CalSim2_ID": null, "Type": "NP", "Sub_Type": "A", "Nrest_Gage": null, "Strm_Code": null, "RM_II": null, "HR": "SAC" }, "geometry": { "type": "Point", "coordinates": [ -121.867071885960044, 38.662613071752844 ] } },
{ "type": "Feature", "properties": { "fid": 244, "OBJECTID": 244.0, "CalSim_ID": "20_NU1", "Riv_Mi": null, "Riv_Name": null, "Comment": "Cities of Davis/Woodland and UC Davis. Groundwater", "C2VSIM_GW": null, "C2VSIM_SW": null, "CalSim2_ID": null, "Type": "NP", "Sub_Type": "U", "Nrest_Gage": null, "Strm_Code": null, "RM_II": null, "HR": "SAC" }, "geometry": { "type": "Point", "coordinates": [ -121.754988271925129, 38.660909954915049 ] } },
{ "type": "Feature", "properties": { "fid": 245, "OBJECTID": 245.0, "CalSim_ID": "21_NA", "Riv_Mi": null, "Riv_Name": null, "Comment": null, "C2VSIM_GW": null, "C2VSIM_SW": null, "CalSim2_ID": null, "Type": "NP", "Sub_Type": "A", "Nrest_Gage": null, "Strm_Code": null, "RM_II": null, "HR": "SAC" }, "geometry": { "type": "Point", "coordinates": [ -121.611644669906397, 38.773337682352327 ] } },
{ "type": "Feature", "properties": { "fid": 246, "OBJECTID": 246.0, "CalSim_ID": "21_PU", "Riv_Mi": null, "Riv_Name": null, "Comment": "City of West Sacramento", "C2VSIM_GW": null, "C2VSIM_SW": null, "CalSim2_ID": null, "Type": "PR", "Sub_Type": "U", "Nrest_Gage": null, "Strm_Code": null, "RM_II": null, "HR": "SAC" }, "geometry": { "type": "Point", "coordinates": [ -121.549743425455958, 38.574157765247911 ] } },
{ "type": "Feature", "properties": { "fid": 247, "OBJECTID": 247.0, "CalSim_ID": "25_PA1", "Riv_Mi": null, "Riv_Name": null, "Comment": "Solano Irrigation District", "C2VSIM_GW": null, "C2VSIM_SW": null, "CalSim2_ID": null, "Type": "PR", "Sub_Type": "A", "Nrest_Gage": null, "Strm_Code": null, "RM_II": null, "HR": "SAC" }, "geometry": { "type": "Point", "coordinates": [ -121.859802459969032, 38.487048771790214 ] } },
{ "type": "Feature", "properties": { "fid": 248, "OBJECTID": 248.0, "CalSim_ID": "25_PA2", "Riv_Mi": null, "Riv_Name": null, "Comment": "Maine Prairie Water District", "C2VSIM_GW": null, "C2VSIM_SW": null, "CalSim2_ID": null, "Type": "PR", "Sub_Type": "A", "Nrest_Gage": null, "Strm_Code": null, "RM_II": null, "HR": "SAC" }, "geometry": { "type": "Point", "coordinates": [ -121.856850180922223, 38.371892035072804 ] } },
{ "type": "Feature", "properties": { "fid": 249, "OBJECTID": 249.0, "CalSim_ID": "25_NA", "Riv_Mi": null, "Riv_Name": null, "Comment": null, "C2VSIM_GW": null, "C2VSIM_SW": null, "CalSim2_ID": null, "Type": "NP", "Sub_Type": "A", "Nrest_Gage": null, "Strm_Code": null, "RM_II": null, "HR": "SAC" }, "geometry": { "type": "Point", "coordinates": [ -121.759022813776809, 38.213686022607526 ] } },
{ "type": "Feature", "properties": { "fid": 250, "OBJECTID": 250.0, "CalSim_ID": "25_NU", "Riv_Mi": null, "Riv_Name": null, "Comment": null, "C2VSIM_GW": null, "C2VSIM_SW": null, "CalSim2_ID": null, "Type": "NP", "Sub_Type": "U", "Nrest_Gage": null, "Strm_Code": null, "RM_II": null, "HR": "SAC" }, "geometry": { "type": "Point", "coordinates": [ -121.826819050620031, 38.448182225331671 ] } },
{ "type": "Feature", "properties": { "fid": 251, "OBJECTID": 251.0, "CalSim_ID": "RFS25", "Riv_Mi": null, "Riv_Name": null, "Comment": null, "C2VSIM_GW": null, "C2VSIM_SW": null, "CalSim2_ID": null, "Type": "RFS", "Sub_Type": "NA", "Nrest_Gage": null, "Strm_Code": null, "RM_II": null, "HR": "SAC" }, "geometry": { "type": "Point", "coordinates": [ -121.859232673278797, 38.46487497977553 ] } },
{ "type": "Feature", "properties": { "fid": 252, "OBJECTID": 252.0, "CalSim_ID": "MOK014", "Riv_Mi": 14.17, "Riv_Name": "Mokelumne River", "Comment": "Connection to Cross Channel Canal. C2VSIM/CalSim2 Node.", "C2VSIM_GW": "494", "C2VSIM_SW": "197", "CalSim2_ID": "414", "Type": "CH", "Sub_Type": "STM", "Nrest_Gage": null, "Strm_Code": "MOK", "RM_II": 14, "HR": "SJR" }, "geometry": { "type": "Point", "coordinates": [ -121.493754437642835, 38.227766369513581 ] } },
{ "type": "Feature", "properties": { "fid": 253, "OBJECTID": 253.0, "CalSim_ID": "MOK019", "Riv_Mi": 19.03, "Riv_Name": "Mokelumne River", "Comment": "C2VSIM Node", "C2VSIM_GW": "478", "C2VSIM_SW": "196", "CalSim2_ID": null, "Type": "CH", "Sub_Type": "STM", "Nrest_Gage": null, "Strm_Code": "MOK", "RM_II": 19, "HR": "SJR" }, "geometry": { "type": "Point", "coordinates": [ -121.439474226875546, 38.255272716324484 ] } },
{ "type": "Feature", "properties": { "fid": 254, "OBJECTID": 254.0, "CalSim_ID": "MOK022", "Riv_Mi": 22.68, "Riv_Name": "Mokelumne River", "Comment": "Confluence with Cosumnes River and Dry Creek. Cannot tell which fork most accurately represents Cosumnes River, but this is closer to C2VSIM?? C2VSIM/CalSim2 Node.", "C2VSIM_GW": "479", "C2VSIM_SW": "181", "CalSim2_ID": "504", "Type": "CH", "Sub_Type": "STM", "Nrest_Gage": null, "Strm_Code": "MOK", "RM_II": 22, "HR": "SJR" }, "geometry": { "type": "Point", "coordinates": [ -121.411500846479058, 38.232425676014778 ] } },
{ "type": "Feature", "properties": { "fid": 255, "OBJECTID": 255.0, "CalSim_ID": "MOK028", "Riv_Mi": 28.0, "Riv_Name": "Mokelumne River", "Comment": "C2VSIM Node.", "C2VSIM_GW": "497", "C2VSIM_SW": "180", "CalSim2_ID": null, "Type": "CH", "Sub_Type": "STM", "Nrest_Gage": null, "Strm_Code": "MOK", "RM_II": 28, "HR": "SJR" }, "geometry": { "type": "Point", "coordinates": [ -121.335687374009183, 38.199413706687054 ] } },
{ "type": "Feature", "properties": { "fid": 256, "OBJECTID": 256.0, "CalSim_ID": "MOK035", "Riv_Mi": 34.37, "Riv_Name": "Mokelumne River", "Comment": "C2VSIM Node. Diversion to Woodbridge Canal", "C2VSIM_GW": "512", "C2VSIM_SW": "179", "CalSim2_ID": null, "Type": "CH", "Sub_Type": "STM", "Nrest_Gage": null, "Strm_Code": "MOK", "RM_II": 35, "HR": "SJR" }, "geometry": { "type": "Point", "coordinates": [ -121.298242931625282, 38.152022606631078 ] } },
{ "type": "Feature", "properties": { "fid": 257, "OBJECTID": 257.0, "CalSim_ID": "MOK050", "Riv_Mi": 50.0, "Riv_Name": "Mokelumne River", "Comment": "C2VSIM Node.", "C2VSIM_GW": "514", "C2VSIM_SW": "177", "CalSim2_ID": null, "Type": "CH", "Sub_Type": "STM", "Nrest_Gage": null, "Strm_Code": "MOK", "RM_II": 50, "HR": "SJR" }, "geometry": { "type": "Point", "coordinates": [ -121.135674689339623, 38.180142210488583 ] } },
{ "type": "Feature", "properties": { "fid": 258, "OBJECTID": 258.0, "CalSim_ID": "MOK044", "Riv_Mi": 44.0, "Riv_Name": "Mokelumne River", "Comment": "C2VSIM Node.", "C2VSIM_GW": "513", "C2VSIM_SW": "178", "CalSim2_ID": null, "Type": "CH", "Sub_Type": "STM", "Nrest_Gage": null, "Strm_Code": "MOK", "RM_II": 44, "HR": "SJR" }, "geometry": { "type": "Point", "coordinates": [ -121.197031933936486, 38.157059919839234 ] } },
{ "type": "Feature", "properties": { "fid": 259, "OBJECTID": 259.0, "CalSim_ID": "MOK055", "Riv_Mi": 55.0, "Riv_Name": "Mokelumne River", "Comment": "C2VSIM Node. CalSim2 Node??", "C2VSIM_GW": "515", "C2VSIM_SW": "173", "CalSim2_ID": "503?", "Type": "CH", "Sub_Type": "STM", "Nrest_Gage": null, "Strm_Code": "MOK", "RM_II": 55, "HR": "SJR" }, "geometry": { "type": "Point", "coordinates": [ -121.070751880719939, 38.205965751738319 ] } },
{ "type": "Feature", "properties": { "fid": 260, "OBJECTID": 260.0, "CalSim_ID": "CMCHE", "Riv_Mi": 58.22, "Riv_Name": "Mokelumne River", "Comment": "Camanche Reservoir. C2VSIM/CalSim2 Node ~1 mi upstream USGS Gage - 11323500.", "C2VSIM_GW": "516", "C2VSIM_SW": "175", "CalSim2_ID": "502?", "Type": "STR", "Sub_Type": "NA", "Nrest_Gage": "11323500", "Strm_Code": null, "RM_II": null, "HR": "SJR" }, "geometry": { "type": "Point", "coordinates": [ -121.021885736256763, 38.226135447650385 ] } },
{ "type": "Feature", "properties": { "fid": 261, "OBJECTID": 261.0, "CalSim_ID": "CSM005", "Riv_Mi": 5.0, "Riv_Name": "Cosumnes River", "Comment": "C2VSIM/CalSim2 Node near USGS Gage - 11336070", "C2VSIM_GW": "466", "C2VSIM_SW": "193", "CalSim2_ID": "501", "Type": "CH", "Sub_Type": "STM", "Nrest_Gage": "11336070", "Strm_Code": "CSM", "RM_II": 5, "HR": "SJR" }, "geometry": { "type": "Point", "coordinates": [ -121.381201426844299, 38.2866088237759 ] } },
{ "type": "Feature", "properties": { "fid": 262, "OBJECTID": 262.0, "CalSim_ID": "CSM011", "Riv_Mi": 10.95, "Riv_Name": "Cosumnes River", "Comment": "C2VSIM Node near USGS Gage - 11336000.", "C2VSIM_GW": "454", "C2VSIM_SW": "192", "CalSim2_ID": null, "Type": "CH", "Sub_Type": "STM", "Nrest_Gage": "11336000", "Strm_Code": "CSM", "RM_II": 11, "HR": "SJR" }, "geometry": { "type": "Point", "coordinates": [ -121.341504842217319, 38.360854653683191 ] } },
{ "type": "Feature", "properties": { "fid": 263, "OBJECTID": 263.0, "CalSim_ID": "CSM016", "Riv_Mi": 16.0, "Riv_Name": "Cosumnes River", "Comment": "C2VSIM Node.", "C2VSIM_GW": "439", "C2VSIM_SW": "191", "CalSim2_ID": null, "Type": "CH", "Sub_Type": "STM", "Nrest_Gage": null, "Strm_Code": "CSM", "RM_II": 16, "HR": "SJR" }, "geometry": { "type": "Point", "coordinates": [ -121.28637262106335, 38.405266805040071 ] } },
{ "type": "Feature", "properties": { "fid": 264, "OBJECTID": 264.0, "CalSim_ID": "CSM021", "Riv_Mi": 21.0, "Riv_Name": "Cosumnes River", "Comment": "Downstream of Folsom South Canal Siphon. C2VSIM Node.", "C2VSIM_GW": "425", "C2VSIM_SW": "190", "CalSim2_ID": null, "Type": "CH", "Sub_Type": "STM", "Nrest_Gage": null, "Strm_Code": "CSM", "RM_II": 21, "HR": "SJR" }, "geometry": { "type": "Point", "coordinates": [ -121.22584001962403, 38.443295953881822 ] } },
{ "type": "Feature", "properties": { "fid": 265, "OBJECTID": 265.0, "CalSim_ID": "CSM026", "Riv_Mi": 26.0, "Riv_Name": "Cosumnes River", "Comment": "C2VSIM Node", "C2VSIM_GW": "426", "C2VSIM_SW": "189", "CalSim2_ID": null, "Type": "CH", "Sub_Type": "STM", "Nrest_Gage": null, "Strm_Code": "CSM", "RM_II": 26, "HR": "SJR" }, "geometry": { "type": "Point", "coordinates": [ -121.17486022068752, 38.489557706504776 ] } },
{ "type": "Feature", "properties": { "fid": 266, "OBJECTID": 266.0, "CalSim_ID": "CSM033", "Riv_Mi": 33.0, "Riv_Name": "Cosumnes River", "Comment": "C2VSIM Node.", "C2VSIM_GW": "443", "C2VSIM_SW": "188", "CalSim2_ID": null, "Type": "CH", "Sub_Type": "STM", "Nrest_Gage": null, "Strm_Code": "CSM", "RM_II": 33, "HR": "SJR" }, "geometry": { "type": "Point", "coordinates": [ -121.070140186393047, 38.494530775148384 ] } },
{ "type": "Feature", "properties": { "fid": 267, "OBJECTID": 267.0, "CalSim_ID": "DSC008", "Riv_Mi": 8.0, "Riv_Name": "Dry Creek/Sutter Creek", "Comment": "C2VSIM Node ~4mi downstream of USGS Gage - 11329500", "C2VSIM_GW": "480", "C2VSIM_SW": "186", "CalSim2_ID": null, "Type": "CH", "Sub_Type": "STM", "Nrest_Gage": null, "Strm_Code": "DSC", "RM_II": 8, "HR": "SJR" }, "geometry": { "type": "Point", "coordinates": [ -121.289865148693849, 38.242142018811073 ] } },
{ "type": "Feature", "properties": { "fid": 268, "OBJECTID": 268.0, "CalSim_ID": "DSC016", "Riv_Mi": 16.0, "Riv_Name": "Dry Creek/Sutter Creek", "Comment": "C2VSIM Node.", "C2VSIM_GW": "498", "C2VSIM_SW": "185", "CalSim2_ID": null, "Type": "CH", "Sub_Type": "STM", "Nrest_Gage": null, "Strm_Code": "DSC", "RM_II": 16, "HR": "SJR" }, "geometry": { "type": "Point", "coordinates": [ -121.160047736512453, 38.261995819501543 ] } },
{ "type": "Feature", "properties": { "fid": 269, "OBJECTID": 269.0, "CalSim_ID": "DSC023", "Riv_Mi": 22.71, "Riv_Name": "Dry Creek/Sutter Creek", "Comment": "Dry Creek near Ione. C2VSIM Node.", "C2VSIM_GW": "499", "C2VSIM_SW": "184", "CalSim2_ID": null, "Type": "CH", "Sub_Type": "SG", "Nrest_Gage": "11328000", "Strm_Code": "DSC", "RM_II": 23, "HR": "SJR" }, "geometry": { "type": "Point", "coordinates": [ -121.064905181531586, 38.299587791377824 ] } },
{ "type": "Feature", "properties": { "fid": 270, "OBJECTID": 270.0, "CalSim_ID": "DSC028", "Riv_Mi": 28.0, "Riv_Name": "Dry Creek/Sutter Creek", "Comment": "C2VSIM Node", "C2VSIM_GW": "505", "C2VSIM_SW": "183", "CalSim2_ID": null, "Type": "CH", "Sub_Type": "STM", "Nrest_Gage": null, "Strm_Code": "DSC", "RM_II": 28, "HR": "SJR" }, "geometry": { "type": "Point", "coordinates": [ -120.991642942442198, 38.315274631878758 ] } },
{ "type": "Feature", "properties": { "fid": 271, "OBJECTID": 271.0, "CalSim_ID": "DSC035", "Riv_Mi": 35.0, "Riv_Name": "Dry Creek/Sutter Creek", "Comment": "C2VSIM Node", "C2VSIM_GW": "506", "C2VSIM_SW": "182", "CalSim2_ID": null, "Type": "CH", "Sub_Type": "STM", "Nrest_Gage": null, "Strm_Code": "DSC", "RM_II": 35, "HR": "SJR" }, "geometry": { "type": "Point", "coordinates": [ -120.956732031066451, 38.392503668613038 ] } },
{ "type": "Feature", "properties": { "fid": 272, "OBJECTID": 272.0, "CalSim_ID": "CMBIE", "Riv_Mi": 36.86, "Riv_Name": "Bear River", "Comment": "Lake Combie and Combie Ophir Canal diversion", "C2VSIM_GW": null, "C2VSIM_SW": null, "CalSim2_ID": null, "Type": "STR", "Sub_Type": "NSM", "Nrest_Gage": null, "Strm_Code": "BRR", "RM_II": 37, "HR": "SAC" }, "geometry": { "type": "Point", "coordinates": [ -121.058277325922745, 39.009781375497866 ] } },
{ "type": "Feature", "properties": { "fid": 273, "OBJECTID": 273.0, "CalSim_ID": "WTPBUK", "Riv_Mi": null, "Riv_Name": null, "Comment": "Buckeye Water Treatment Plant", "C2VSIM_GW": null, "C2VSIM_SW": null, "CalSim2_ID": null, "Type": "WTP", "Sub_Type": "NA", "Nrest_Gage": null, "Strm_Code": null, "RM_II": null, "HR": "SAC" }, "geometry": { "type": "Point", "coordinates": [ -122.48824505786294, 40.62664936190864 ] } },
{ "type": "Feature", "properties": { "fid": 274, "OBJECTID": 274.0, "CalSim_ID": "60N_PU", "Riv_Mi": null, "Riv_Name": null, "Comment": "SMUD Rancho Seco Power Facility. Renamed from 27_NU2", "C2VSIM_GW": null, "C2VSIM_SW": null, "CalSim2_ID": null, "Type": "PR", "Sub_Type": "U", "Nrest_Gage": null, "Strm_Code": null, "RM_II": null, "HR": "SJR" }, "geometry": { "type": "Point", "coordinates": [ -121.121734270967664, 38.345512740633175 ] } },
{ "type": "Feature", "properties": { "fid": 275, "OBJECTID": 275.0, "CalSim_ID": "71_NA3", "Riv_Mi": null, "Riv_Name": null, "Comment": null, "C2VSIM_GW": null, "C2VSIM_SW": null, "CalSim2_ID": null, "Type": "NP", "Sub_Type": "A", "Nrest_Gage": null, "Strm_Code": null, "RM_II": null, "HR": "SJR" }, "geometry": { "type": "Point", "coordinates": [ -121.370859396746184, 37.588304159103245 ] } },
{ "type": "Feature", "properties": { "fid": 276, "OBJECTID": 276.0, "CalSim_ID": "71_NA1", "Riv_Mi": null, "Riv_Name": null, "Comment": null, "C2VSIM_GW": null, "C2VSIM_SW": null, "CalSim2_ID": null, "Type": "NP", "Sub_Type": "A", "Nrest_Gage": null, "Strm_Code": null, "RM_II": null, "HR": "SJR" }, "geometry": { "type": "Point", "coordinates": [ -121.054934922382969, 37.45541672183586 ] } },
{ "type": "Feature", "properties": { "fid": 277, "OBJECTID": 277.0, "CalSim_ID": "OMR039", "Riv_Mi": 39.0, "Riv_Name": "Old/Middle Rivers", "Comment": null, "C2VSIM_GW": null, "C2VSIM_SW": null, "CalSim2_ID": null, "Type": "CH", "Sub_Type": "STM", "Nrest_Gage": null, "Strm_Code": "OMR", "RM_II": 39, "HR": "SJR" }, "geometry": { "type": "Point", "coordinates": [ -121.420858625893629, 37.802637663134107 ] } },
{ "type": "Feature", "properties": { "fid": 278, "OBJECTID": 278.0, "CalSim_ID": "ORT001", "Riv_Mi": 1.32, "Riv_Name": "Orestimba Creek", "Comment": "Orestimba Creek at River Road near Crows Landing.", "C2VSIM_GW": null, "C2VSIM_SW": null, "CalSim2_ID": null, "Type": "CH", "Sub_Type": "SG", "Nrest_Gage": "11274538 / DWR (OCL)", "Strm_Code": "ORT", "RM_II": 1, "HR": "SJR" }, "geometry": { "type": "Point", "coordinates": [ -121.015761180295371, 37.413421888575321 ] } },
{ "type": "Feature", "properties": { "fid": 279, "OBJECTID": 279.0, "CalSim_ID": "60N_NA2", "Riv_Mi": null, "Riv_Name": null, "Comment": "CONCEPTUAL - East Bay MUD. Renamed from 27_NU3", "C2VSIM_GW": null, "C2VSIM_SW": null, "CalSim2_ID": null, "Type": "NP", "Sub_Type": "A", "Nrest_Gage": null, "Strm_Code": null, "RM_II": null, "HR": "SJR" }, "geometry": { "type": "Point", "coordinates": [ -121.255863510982863, 38.308716171241038 ] } },
{ "type": "Feature", "properties": { "fid": 280, "OBJECTID": 280.0, "CalSim_ID": "09_NU", "Riv_Mi": null, "Riv_Name": null, "Comment": "Groundwater", "C2VSIM_GW": null, "C2VSIM_SW": null, "CalSim2_ID": null, "Type": "NP", "Sub_Type": "U", "Nrest_Gage": null, "Strm_Code": null, "RM_II": null, "HR": "SAC" }, "geometry": { "type": "Point", "coordinates": [ -121.956453829896446, 39.420304772944327 ] } },
{ "type": "Feature", "properties": { "fid": 281, "OBJECTID": 281.0, "CalSim_ID": "BEC024", "Riv_Mi": 23.75, "Riv_Name": "Bear River Canal", "Comment": "Halsey Powerhouse near Auburn", "C2VSIM_GW": null, "C2VSIM_SW": null, "CalSim2_ID": null, "Type": "CH", "Sub_Type": "SG", "Nrest_Gage": "11425310", "Strm_Code": "BEC", "RM_II": 24, "HR": "SAC" }, "geometry": { "type": "Point", "coordinates": [ -121.041914285277315, 38.956864162907486 ] } },
{ "type": "Feature", "properties": { "fid": 282, "OBJECTID": 282.0, "CalSim_ID": "CCH017", "Riv_Mi": 17.0, "Riv_Name": "Cache Creek", "Comment": "C2VSIM Node", "C2VSIM_GW": "347", "C2VSIM_SW": "392", "CalSim2_ID": null, "Type": "CH", "Sub_Type": "STM", "Nrest_Gage": null, "Strm_Code": "CCH", "RM_II": 17, "HR": "SAC" }, "geometry": { "type": "Point", "coordinates": [ -121.861111411883428, 38.690435669998131 ] } },
{ "type": "Feature", "properties": { "fid": 283, "OBJECTID": 283.0, "CalSim_ID": "CCH023", "Riv_Mi": 23.0, "Riv_Name": "Cache Creek", "Comment": "C2VSIM Node", "C2VSIM_GW": "336", "C2VSIM_SW": "391", "CalSim2_ID": null, "Type": "CH", "Sub_Type": "STM", "Nrest_Gage": null, "Strm_Code": "CCH", "RM_II": 23, "HR": "SAC" }, "geometry": { "type": "Point", "coordinates": [ -121.962152531088364, 38.699958203382671 ] } },
{ "type": "Feature", "properties": { "fid": 284, "OBJECTID": 284.0, "CalSim_ID": "CCH030", "Riv_Mi": 30.48, "Riv_Name": "Cache Creek", "Comment": "Cache Creek at Capay Diversion Dam", "C2VSIM_GW": "335", "C2VSIM_SW": "390", "CalSim2_ID": null, "Type": "CH", "Sub_Type": "STM", "Nrest_Gage": "11452000", "Strm_Code": "CCH", "RM_II": 30, "HR": "SAC" }, "geometry": { "type": "Point", "coordinates": [ -122.084907446402298, 38.713561326372115 ] } },
{ "type": "Feature", "properties": { "fid": 285, "OBJECTID": 285.0, "CalSim_ID": "CLRLK", "Riv_Mi": 86.41, "Riv_Name": "Cache Creek", "Comment": "Clear Lake near USGS Gage - 11450100", "C2VSIM_GW": null, "C2VSIM_SW": null, "CalSim2_ID": null, "Type": "STR", "Sub_Type": "NSM", "Nrest_Gage": null, "Strm_Code": "CCH", "RM_II": 86, "HR": "SAC" }, "geometry": { "type": "Point", "coordinates": [ -122.614393288474602, 38.925218593575273 ] } },
{ "type": "Feature", "properties": { "fid": 286, "OBJECTID": 286.0, "CalSim_ID": "PTH007", "Riv_Mi": 7.0, "Riv_Name": "Putah Creek", "Comment": "C2VSIM Node", "C2VSIM_GW": "413", "C2VSIM_SW": "404", "CalSim2_ID": null, "Type": "CH", "Sub_Type": "STM", "Nrest_Gage": null, "Strm_Code": "PTH", "RM_II": 7, "HR": "SAC" }, "geometry": { "type": "Point", "coordinates": [ -121.720490084456699, 38.516760576036681 ] } },
{ "type": "Feature", "properties": { "fid": 287, "OBJECTID": 287.0, "CalSim_ID": "SACN", "Riv_Mi": null, "Riv_Name": null, "Comment": "Net Delta Depletion - Sacramento River (North)", "C2VSIM_GW": null, "C2VSIM_SW": null, "CalSim2_ID": null, "Type": "OM", "Sub_Type": "OMDD", "Nrest_Gage": null, "Strm_Code": null, "RM_II": null, "HR": "SAC" }, "geometry": { "type": "Point", "coordinates": [ -121.573640434153205, 38.388792405045578 ] } },
{ "type": "Feature", "properties": { "fid": 288, "OBJECTID": 288.0, "CalSim_ID": "SACW", "Riv_Mi": null, "Riv_Name": null, "Comment": "Net Delta Depletion - Sacramento River (West)", "C2VSIM_GW": null, "C2VSIM_SW": null, "CalSim2_ID": null, "Type": "OM", "Sub_Type": "OMDD", "Nrest_Gage": null, "Strm_Code": null, "RM_II": null, "HR": "SAC" }, "geometry": { "type": "Point", "coordinates": [ -121.891954939930798, 38.099136125960143 ] } },
{ "type": "Feature", "properties": { "fid": 289, "OBJECTID": 289.0, "CalSim_ID": "PTH011", "Riv_Mi": 10.77, "Riv_Name": "Putah Creek", "Comment": "C2VSIM Node.Putah Creek near Davis. USGS11455000/DWRA09130", "C2VSIM_GW": "412", "C2VSIM_SW": "403", "CalSim2_ID": null, "Type": "CH", "Sub_Type": "SG", "Nrest_Gage": "11455000 / DWR  A0-9130", "Strm_Code": "PTH", "RM_II": 11, "HR": "SAC" }, "geometry": { "type": "Point", "coordinates": [ -121.787137099501265, 38.523307226823547 ] } },
{ "type": "Feature", "properties": { "fid": 290, "OBJECTID": 290.0, "CalSim_ID": "SPLDG", "Riv_Mi": 42.28, "Riv_Name": "South Yuba River", "Comment": "Lake Spalding", "C2VSIM_GW": null, "C2VSIM_SW": null, "CalSim2_ID": null, "Type": "STR", "Sub_Type": "NA", "Nrest_Gage": null, "Strm_Code": null, "RM_II": 42, "HR": "SAC" }, "geometry": { "type": "Point", "coordinates": [ -120.642775773698489, 39.326836814115033 ] } },
{ "type": "Feature", "properties": { "fid": 291, "OBJECTID": 291.0, "CalSim_ID": "BRR073", "Riv_Mi": 72.91, "Riv_Name": "Bear River", "Comment": "Bear River near Emigrant Gap", "C2VSIM_GW": null, "C2VSIM_SW": null, "CalSim2_ID": null, "Type": "CH", "Sub_Type": "SG", "Nrest_Gage": "11421710", "Strm_Code": "BRR", "RM_II": 73, "HR": "SAC" }, "geometry": { "type": "Point", "coordinates": [ -120.679199418604924, 39.306345900624187 ] } },
{ "type": "Feature", "properties": { "fid": 292, "OBJECTID": 292.0, "CalSim_ID": "BRR060", "Riv_Mi": 60.36, "Riv_Name": "Bear River", "Comment": "Bear River below Dutch Flat Afterbay near Dutch Flat. Combined flow USGS1142179+USGS11421780.", "C2VSIM_GW": null, "C2VSIM_SW": null, "CalSim2_ID": null, "Type": "CH", "Sub_Type": "SG", "Nrest_Gage": "11421790 / 11421780", "Strm_Code": "BRR", "RM_II": 60, "HR": "SAC" }, "geometry": { "type": "Point", "coordinates": [ -120.845211082783663, 39.213679289362446 ] } },
{ "type": "Feature", "properties": { "fid": 293, "OBJECTID": 293.0, "CalSim_ID": "PTH015", "Riv_Mi": 15.0, "Riv_Name": "Putah Creek", "Comment": "C2VSIM Node", "C2VSIM_GW": "411", "C2VSIM_SW": "402", "CalSim2_ID": null, "Type": "CH", "Sub_Type": "STM", "Nrest_Gage": null, "Strm_Code": "PTH", "RM_II": 15, "HR": "SAC" }, "geometry": { "type": "Point", "coordinates": [ -121.860265359030436, 38.538382525580083 ] } },
{ "type": "Feature", "properties": { "fid": 294, "OBJECTID": 294.0, "CalSim_ID": "PTH020", "Riv_Mi": 20.0, "Riv_Name": "Putah Creek", "Comment": "C2VSIM Node", "C2VSIM_GW": "410", "C2VSIM_SW": "401", "CalSim2_ID": null, "Type": "CH", "Sub_Type": "STM", "Nrest_Gage": null, "Strm_Code": "PTH", "RM_II": 20, "HR": "SAC" }, "geometry": { "type": "Point", "coordinates": [ -121.944009481820089, 38.52958912070455 ] } },
{ "type": "Feature", "properties": { "fid": 295, "OBJECTID": 295.0, "CalSim_ID": "PTH024", "Riv_Mi": 24.43, "Riv_Name": "Putah Creek", "Comment": "Putah South Canal diversion (Lake Solano). C2VSIM Node near USGS Gage - 11454210", "C2VSIM_GW": "428", "C2VSIM_SW": "400", "CalSim2_ID": null, "Type": "CH", "Sub_Type": "STM", "Nrest_Gage": "11454210", "Strm_Code": "PTH", "RM_II": 24, "HR": "SAC" }, "geometry": { "type": "Point", "coordinates": [ -122.004918901332104, 38.493485704489331 ] } },
{ "type": "Feature", "properties": { "fid": 296, "OBJECTID": 296.0, "CalSim_ID": "BRYSA", "Riv_Mi": 31.05, "Riv_Name": "Putah Creek", "Comment": "Lake Berryessa", "C2VSIM_GW": null, "C2VSIM_SW": null, "CalSim2_ID": null, "Type": "STR", "Sub_Type": "NSM", "Nrest_Gage": null, "Strm_Code": null, "RM_II": 31, "HR": "SAC" }, "geometry": { "type": "Point", "coordinates": [ -122.1044384205874, 38.51342730958568 ] } },
{ "type": "Feature", "properties": { "fid": 297, "OBJECTID": 297.0, "CalSim_ID": "CBD001", "Riv_Mi": 0.65, "Riv_Name": "Colusa Basin Drain", "Comment": "Knights Landing Ridgecut diversion. C2VSIM Node.", "C2VSIM_GW": null, "C2VSIM_SW": null, "CalSim2_ID": null, "Type": "CH", "Sub_Type": "CNL", "Nrest_Gage": null, "Strm_Code": "CBD", "RM_II": 1, "HR": "SAC" }, "geometry": { "type": "Point", "coordinates": [ -121.729960506652219, 38.795592053362959 ] } },
{ "type": "Feature", "properties": { "fid": 298, "OBJECTID": 298.0, "CalSim_ID": "CBD018", "Riv_Mi": 18.0, "Riv_Name": "Colusa Basin Drain", "Comment": "C2VSIM Node", "C2VSIM_GW": "302", "C2VSIM_SW": "326", "CalSim2_ID": null, "Type": "CH", "Sub_Type": "CNL", "Nrest_Gage": null, "Strm_Code": "CBD", "RM_II": 18, "HR": "SAC" }, "geometry": { "type": "Point", "coordinates": [ -121.910450461755246, 38.951771427056897 ] } },
{ "type": "Feature", "properties": { "fid": 299, "OBJECTID": 299.0, "CalSim_ID": "CBD023", "Riv_Mi": 23.0, "Riv_Name": "Colusa Basin Drain", "Comment": "C2VSIM Node", "C2VSIM_GW": "289", "C2VSIM_SW": "325", "CalSim2_ID": null, "Type": "CH", "Sub_Type": "CNL", "Nrest_Gage": null, "Strm_Code": "CBD", "RM_II": 23, "HR": "SAC" }, "geometry": { "type": "Point", "coordinates": [ -121.972428969401903, 39.005221866695351 ] } },
{ "type": "Feature", "properties": { "fid": 300, "OBJECTID": 300.0, "CalSim_ID": "CBD028", "Riv_Mi": 28.0, "Riv_Name": "Colusa Basin Drain", "Comment": "C2VSIM Node", "C2VSIM_GW": "275", "C2VSIM_SW": "354", "CalSim2_ID": null, "Type": "CH", "Sub_Type": "CNL", "Nrest_Gage": null, "Strm_Code": "CBD", "RM_II": 28, "HR": "SAC" }, "geometry": { "type": "Point", "coordinates": [ -122.00935784004291, 39.066348982261459 ] } },
{ "type": "Feature", "properties": { "fid": 301, "OBJECTID": 301.0, "CalSim_ID": "CBD038", "Riv_Mi": 37.85, "Riv_Name": "Colusa Basin Drain", "Comment": "DWR 'CDR' gage. Colusa Dran near HWY20", "C2VSIM_GW": null, "C2VSIM_SW": null, "CalSim2_ID": null, "Type": "CH", "Sub_Type": "SG", "Nrest_Gage": "DWR  (CDR)", "Strm_Code": "CBD", "RM_II": 38, "HR": "SAC" }, "geometry": { "type": "Point", "coordinates": [ -122.060601549178941, 39.195095729060995 ] } },
{ "type": "Feature", "properties": { "fid": 302, "OBJECTID": 302.0, "CalSim_ID": "CBD031", "Riv_Mi": 31.48, "Riv_Name": "Colusa Basin Drain", "Comment": "Confluence with Glenn-Colusa Canal. C2VSIM/CalSim2 Node", "C2VSIM_GW": "268", "C2VSIM_SW": "317", "CalSim2_ID": "145", "Type": "CH", "Sub_Type": "CNL", "Nrest_Gage": null, "Strm_Code": "CBD", "RM_II": 31, "HR": "SAC" }, "geometry": { "type": "Point", "coordinates": [ -122.018512956859993, 39.114873272514359 ] } },
{ "type": "Feature", "properties": { "fid": 303, "OBJECTID": 303.0, "CalSim_ID": "CBD012", "Riv_Mi": 12.0, "Riv_Name": "Colusa Basin Drain", "Comment": "C2VSIM/CalSim2 Node", "C2VSIM_GW": "314", "C2VSIM_SW": "327", "CalSim2_ID": "148", "Type": "CH", "Sub_Type": "CNL", "Nrest_Gage": null, "Strm_Code": "CBD", "RM_II": 12, "HR": "SAC" }, "geometry": { "type": "Point", "coordinates": [ -121.910448893752601, 38.867872666289806 ] } },
{ "type": "Feature", "properties": { "fid": 304, "OBJECTID": 304.0, "CalSim_ID": "CBD041", "Riv_Mi": 41.0, "Riv_Name": "Colusa Basin Drain", "Comment": "C2VSIM Node", "C2VSIM_GW": "253", "C2VSIM_SW": "320", "CalSim2_ID": null, "Type": "CH", "Sub_Type": "CNL", "Nrest_Gage": null, "Strm_Code": "CBD", "RM_II": 41, "HR": "SAC" }, "geometry": { "type": "Point", "coordinates": [ -122.088026642679566, 39.231292148234388 ] } },
{ "type": "Feature", "properties": { "fid": 305, "OBJECTID": 305.0, "CalSim_ID": "CBD044", "Riv_Mi": 44.0, "Riv_Name": "Colusa Basin Drain", "Comment": "C2VSIM Node", "C2VSIM_GW": "239", "C2VSIM_SW": "319", "CalSim2_ID": null, "Type": "CH", "Sub_Type": "CNL", "Nrest_Gage": null, "Strm_Code": "CBD", "RM_II": 44, "HR": "SAC" }, "geometry": { "type": "Point", "coordinates": [ -122.092806496039117, 39.271538899770583 ] } },
{ "type": "Feature", "properties": { "fid": 306, "OBJECTID": 306.0, "CalSim_ID": "CBD049", "Riv_Mi": 49.0, "Riv_Name": "Colusa Basin Drain", "Comment": "C2VSIM Node", "C2VSIM_GW": "220", "C2VSIM_SW": "318", "CalSim2_ID": null, "Type": "CH", "Sub_Type": "CNL", "Nrest_Gage": null, "Strm_Code": "CBD", "RM_II": 49, "HR": "SAC" }, "geometry": { "type": "Point", "coordinates": [ -122.084265774270548, 39.334394795282243 ] } },
{ "type": "Feature", "properties": { "fid": 307, "OBJECTID": 307.0, "CalSim_ID": "LWSTN", "Riv_Mi": 112.29, "Riv_Name": "Trinity River", "Comment": "Lewiston Dam near Clear Creek Tunnel diversion from Lewiston Lake. CalSim2 Node", "C2VSIM_GW": null, "C2VSIM_SW": null, "CalSim2_ID": "100", "Type": "STR", "Sub_Type": "SIM", "Nrest_Gage": null, "Strm_Code": null, "RM_II": null, "HR": "SAC" }, "geometry": { "type": "Point", "coordinates": [ -122.790781962343104, 40.726803560830362 ] } },
{ "type": "Feature", "properties": { "fid": 308, "OBJECTID": 308.0, "CalSim_ID": "TRNTY", "Riv_Mi": 119.56, "Riv_Name": "Trinity River", "Comment": "Trinity Dam (Clair Engle Lake). CalSim2 Node", "C2VSIM_GW": null, "C2VSIM_SW": null, "CalSim2_ID": "S1", "Type": "STR", "Sub_Type": "SIM", "Nrest_Gage": null, "Strm_Code": null, "RM_II": null, "HR": "SAC" }, "geometry": { "type": "Point", "coordinates": [ -122.762918336850447, 40.801178031619607 ] } },
{ "type": "Feature", "properties": { "fid": 309, "OBJECTID": 309.0, "CalSim_ID": "GCC007", "Riv_Mi": 7.0, "Riv_Name": "Glenn-Colusa Canal", "Comment": "Downstream of Stony Creek crossing.??", "C2VSIM_GW": null, "C2VSIM_SW": null, "CalSim2_ID": null, "Type": "CH", "Sub_Type": "CNL", "Nrest_Gage": null, "Strm_Code": "GCC", "RM_II": 7, "HR": "SAC" }, "geometry": { "type": "Point", "coordinates": [ -122.012076564141964, 39.696590759615624 ] } },
{ "type": "Feature", "properties": { "fid": 310, "OBJECTID": 310.0, "CalSim_ID": "GCC010", "Riv_Mi": 10.0, "Riv_Name": "Glenn-Colusa Canal", "Comment": "C2VSIM Node", "C2VSIM_GW": "139", "C2VSIM_SW": "304", "CalSim2_ID": null, "Type": "CH", "Sub_Type": "CNL", "Nrest_Gage": null, "Strm_Code": "GCC", "RM_II": 10, "HR": "SAC" }, "geometry": { "type": "Point", "coordinates": [ -122.027195359689813, 39.658714048616467 ] } },
{ "type": "Feature", "properties": { "fid": 311, "OBJECTID": 311.0, "CalSim_ID": "GCC015", "Riv_Mi": 15.0, "Riv_Name": "Glenn-Colusa Canal", "Comment": "C2VSIM Node", "C2VSIM_GW": "154", "C2VSIM_SW": "305", "CalSim2_ID": null, "Type": "CH", "Sub_Type": "CNL", "Nrest_Gage": null, "Strm_Code": "GCC", "RM_II": 15, "HR": "SAC" }, "geometry": { "type": "Point", "coordinates": [ -122.083553681747645, 39.616193407768364 ] } },
{ "type": "Feature", "properties": { "fid": 312, "OBJECTID": 312.0, "CalSim_ID": "GCC022", "Riv_Mi": 22.0, "Riv_Name": "Glenn-Colusa Canal", "Comment": "C2VSIM Node", "C2VSIM_GW": "169", "C2VSIM_SW": "306", "CalSim2_ID": null, "Type": "CH", "Sub_Type": "CNL", "Nrest_Gage": null, "Strm_Code": "GCC", "RM_II": 22, "HR": "SAC" }, "geometry": { "type": "Point", "coordinates": [ -122.157621790209518, 39.542936619424331 ] } },
{ "type": "Feature", "properties": { "fid": 313, "OBJECTID": 313.0, "CalSim_ID": "GCC027", "Riv_Mi": 27.0, "Riv_Name": "Glenn-Colusa Canal", "Comment": "Depending on which GCID lateral diverts to Sacramento NWR this node may need to be a couple of miles upstream?? C2VSIM Node", "C2VSIM_GW": "183", "C2VSIM_SW": "307", "CalSim2_ID": null, "Type": "CH", "Sub_Type": "CNL", "Nrest_Gage": null, "Strm_Code": "GCC", "RM_II": 27, "HR": "SAC" }, "geometry": { "type": "Point", "coordinates": [ -122.215587562909207, 39.500353015061449 ] } },
{ "type": "Feature", "properties": { "fid": 314, "OBJECTID": 314.0, "CalSim_ID": "GCC032", "Riv_Mi": 32.0, "Riv_Name": "Glenn-Colusa Canal", "Comment": "C2VSIM Node", "C2VSIM_GW": "198", "C2VSIM_SW": "308", "CalSim2_ID": null, "Type": "CH", "Sub_Type": "CNL", "Nrest_Gage": null, "Strm_Code": "GCC", "RM_II": 32, "HR": "SAC" }, "geometry": { "type": "Point", "coordinates": [ -122.236699170071901, 39.432188069611151 ] } },
{ "type": "Feature", "properties": { "fid": 315, "OBJECTID": 315.0, "CalSim_ID": "GCC039", "Riv_Mi": 39.0, "Riv_Name": "Glenn-Colusa Canal", "Comment": "C2VSIM Node", "C2VSIM_GW": "216", "C2VSIM_SW": "310", "CalSim2_ID": null, "Type": "CH", "Sub_Type": "CNL", "Nrest_Gage": null, "Strm_Code": "GCC", "RM_II": 39, "HR": "SAC" }, "geometry": { "type": "Point", "coordinates": [ -122.246246398967273, 39.339506932753146 ] } },
{ "type": "Feature", "properties": { "fid": 316, "OBJECTID": 316.0, "CalSim_ID": "GCC042", "Riv_Mi": 42.0, "Riv_Name": "Glenn-Colusa Canal", "Comment": "If this is referring to the TCC/GCC interties, there are two and neither are located here.  In order to fix, nodes must be re-ordered?? C2VSIM Node", "C2VSIM_GW": "227", "C2VSIM_SW": "311", "CalSim2_ID": null, "Type": "CH", "Sub_Type": "CNL", "Nrest_Gage": null, "Strm_Code": "GCC", "RM_II": 42, "HR": "SAC" }, "geometry": { "type": "Point", "coordinates": [ -122.235579332233755, 39.305360351903936 ] } },
{ "type": "Feature", "properties": { "fid": 317, "OBJECTID": 317.0, "CalSim_ID": "GCC046", "Riv_Mi": 46.0, "Riv_Name": "Glenn-Colusa Canal", "Comment": "C2VSIM Node", "C2VSIM_GW": "236", "C2VSIM_SW": "312", "CalSim2_ID": null, "Type": "CH", "Sub_Type": "CNL", "Nrest_Gage": null, "Strm_Code": "GCC", "RM_II": 46, "HR": "SAC" }, "geometry": { "type": "Point", "coordinates": [ -122.246018817937326, 39.255031494634039 ] } },
{ "type": "Feature", "properties": { "fid": 318, "OBJECTID": 318.0, "CalSim_ID": "GCC050", "Riv_Mi": 50.0, "Riv_Name": "Glenn-Colusa Canal", "Comment": "C2VSIM Node", "C2VSIM_GW": "250", "C2VSIM_SW": "313", "CalSim2_ID": null, "Type": "CH", "Sub_Type": "CNL", "Nrest_Gage": null, "Strm_Code": "GCC", "RM_II": 50, "HR": "SAC" }, "geometry": { "type": "Point", "coordinates": [ -122.253933219355645, 39.199212496197497 ] } },
{ "type": "Feature", "properties": { "fid": 319, "OBJECTID": 319.0, "CalSim_ID": "GCC056", "Riv_Mi": 55.57, "Riv_Name": "Glenn-Colusa Canal", "Comment": "Williams Wasteway. C2VSIM Node", "C2VSIM_GW": "258", "C2VSIM_SW": "314", "CalSim2_ID": null, "Type": "CH", "Sub_Type": "CNL", "Nrest_Gage": null, "Strm_Code": "GCC", "RM_II": 56, "HR": "SAC" }, "geometry": { "type": "Point", "coordinates": [ -122.210251059691714, 39.138313834120147 ] } },
{ "type": "Feature", "properties": { "fid": 320, "OBJECTID": 320.0, "CalSim_ID": "GCC060", "Riv_Mi": 60.0, "Riv_Name": "Glenn-Colusa Canal", "Comment": "C2VSIM Node", "C2VSIM_GW": "266", "C2VSIM_SW": "315", "CalSim2_ID": null, "Type": "CH", "Sub_Type": "CNL", "Nrest_Gage": null, "Strm_Code": "GCC", "RM_II": 60, "HR": "SAC" }, "geometry": { "type": "Point", "coordinates": [ -122.146229230505526, 39.114205244151343 ] } },
{ "type": "Feature", "properties": { "fid": 321, "OBJECTID": 321.0, "CalSim_ID": "GCC065", "Riv_Mi": 65.0, "Riv_Name": "Glenn-Colusa Canal", "Comment": "C2VSIM Node", "C2VSIM_GW": "267", "C2VSIM_SW": "316", "CalSim2_ID": null, "Type": "CH", "Sub_Type": "CNL", "Nrest_Gage": null, "Strm_Code": "GCC", "RM_II": 65, "HR": "SAC" }, "geometry": { "type": "Point", "coordinates": [ -122.069404742622169, 39.115250508019642 ] } },
{ "type": "Feature", "properties": { "fid": 322, "OBJECTID": 322.0, "CalSim_ID": "TCC001", "Riv_Mi": 0.5, "Riv_Name": "Tehama-Colusa Canal", "Comment": "Tehama-Colusa/Corning canal bifurcation.", "C2VSIM_GW": null, "C2VSIM_SW": null, "CalSim2_ID": null, "Type": "CH", "Sub_Type": "CNL", "Nrest_Gage": null, "Strm_Code": "TCC", "RM_II": 1, "HR": "SAC" }, "geometry": { "type": "Point", "coordinates": [ -122.198534649070822, 40.146568122507773 ] } },
{ "type": "Feature", "properties": { "fid": 323, "OBJECTID": 323.0, "CalSim_ID": "TCC022", "Riv_Mi": 22.0, "Riv_Name": "Tehama-Colusa Canal", "Comment": "Moved this node to mile 22 b/c Kirkwood WD (4_PA2) is here, not at mile12??", "C2VSIM_GW": null, "C2VSIM_SW": null, "CalSim2_ID": null, "Type": "CH", "Sub_Type": "CNL", "Nrest_Gage": null, "Strm_Code": "TCC", "RM_II": 22, "HR": "SAC" }, "geometry": { "type": "Point", "coordinates": [ -122.174449388807403, 39.869527617666677 ] } },
{ "type": "Feature", "properties": { "fid": 324, "OBJECTID": 324.0, "CalSim_ID": "TCC031", "Riv_Mi": 31.0, "Riv_Name": "Tehama-Colusa Canal", "Comment": "Inflow from Stony Creek flood flows. Near USGS Gage - 394448122091401", "C2VSIM_GW": null, "C2VSIM_SW": null, "CalSim2_ID": null, "Type": "CH", "Sub_Type": "CNL", "Nrest_Gage": null, "Strm_Code": "TCC", "RM_II": 31, "HR": "SAC" }, "geometry": { "type": "Point", "coordinates": [ -122.155064350818392, 39.744953196003969 ] } },
{ "type": "Feature", "properties": { "fid": 325, "OBJECTID": 325.0, "CalSim_ID": "TCC036", "Riv_Mi": 36.0, "Riv_Name": "Tehama-Colusa Canal", "Comment": "Diversion to 7N_PA", "C2VSIM_GW": null, "C2VSIM_SW": null, "CalSim2_ID": null, "Type": "CH", "Sub_Type": "CNL", "Nrest_Gage": null, "Strm_Code": "TCC", "RM_II": 36, "HR": "SAC" }, "geometry": { "type": "Point", "coordinates": [ -122.199796068572653, 39.690001845652141 ] } },
{ "type": "Feature", "properties": { "fid": 326, "OBJECTID": 326.0, "CalSim_ID": "TCC062", "Riv_Mi": 62.39, "Riv_Name": "Tehama-Colusa Canal", "Comment": "TCC/GCC north Intertie. Moved from schematic location to match existing??", "C2VSIM_GW": null, "C2VSIM_SW": null, "CalSim2_ID": null, "Type": "CH", "Sub_Type": "CNL", "Nrest_Gage": null, "Strm_Code": "TCC", "RM_II": 62, "HR": "SAC" }, "geometry": { "type": "Point", "coordinates": [ -122.280858128373637, 39.379498451094285 ] } },
{ "type": "Feature", "properties": { "fid": 327, "OBJECTID": 327.0, "CalSim_ID": "TCC081", "Riv_Mi": 81.0, "Riv_Name": "Tehama-Colusa Canal", "Comment": "Diversion to 7S_PA??", "C2VSIM_GW": null, "C2VSIM_SW": null, "CalSim2_ID": null, "Type": "CH", "Sub_Type": "CNL", "Nrest_Gage": null, "Strm_Code": "TCC", "RM_II": 81, "HR": "SAC" }, "geometry": { "type": "Point", "coordinates": [ -122.287867331339839, 39.140852021255462 ] } },
{ "type": "Feature", "properties": { "fid": 328, "OBJECTID": 328.0, "CalSim_ID": "CCL005", "Riv_Mi": 5.0, "Riv_Name": "Corning Canal", "Comment": "Moved from schematic location to here b/c this is the northernmost purveyor in 4_PA1.  All others are much further south (~mi 13) perhaps some intermediate position would be better??", "C2VSIM_GW": null, "C2VSIM_SW": null, "CalSim2_ID": null, "Type": "CH", "Sub_Type": "CNL", "Nrest_Gage": null, "Strm_Code": "CCL", "RM_II": 5, "HR": "SAC" }, "geometry": { "type": "Point", "coordinates": [ -122.232629170487826, 40.088705138169495 ] } },
{ "type": "Feature", "properties": { "fid": 329, "OBJECTID": 329.0, "CalSim_ID": "ABN000", "Riv_Mi": 0.0, "Riv_Name": "Auburn Ravine", "Comment": "Connection to Cross Canal and Sacramento River also connects to Natomas East Main Drain by way of Natomas Central MWD", "C2VSIM_GW": null, "C2VSIM_SW": null, "CalSim2_ID": null, "Type": "CH", "Sub_Type": "STM", "Nrest_Gage": null, "Strm_Code": "ABN", "RM_II": 0, "HR": "SAC" }, "geometry": { "type": "Point", "coordinates": [ -121.524187361880806, 38.852422597771515 ] } },
{ "type": "Feature", "properties": { "fid": 330, "OBJECTID": 330.0, "CalSim_ID": "07N_NU", "Riv_Mi": null, "Riv_Name": null, "Comment": "Willows", "C2VSIM_GW": null, "C2VSIM_SW": null, "CalSim2_ID": null, "Type": "NP", "Sub_Type": "U", "Nrest_Gage": null, "Strm_Code": null, "RM_II": null, "HR": "SAC" }, "geometry": { "type": "Point", "coordinates": [ -122.199077020591034, 39.526647527812287 ] } },
{ "type": "Feature", "properties": { "fid": 331, "OBJECTID": 331.0, "CalSim_ID": "CBD037", "Riv_Mi": 37.32, "Riv_Name": "Colusa Basin Drain", "Comment": "C2VSIM Node near Colusa NWR Diversion", "C2VSIM_GW": "260", "C2VSIM_SW": "321", "CalSim2_ID": null, "Type": "CH", "Sub_Type": "CNL", "Nrest_Gage": null, "Strm_Code": "CBD", "RM_II": 37, "HR": "SAC" }, "geometry": { "type": "Point", "coordinates": [ -122.058369363982422, 39.188001661017552 ] } },
{ "type": "Feature", "properties": { "fid": 332, "OBJECTID": 332.0, "CalSim_ID": "ABN024", "Riv_Mi": 23.5, "Riv_Name": "Auburn Ravine", "Comment": "Diversion for Gold Hill Canal (Nevada Irrigation District)?? Auburn WWTP actually returns water at ~mile 26.5", "C2VSIM_GW": null, "C2VSIM_SW": null, "CalSim2_ID": null, "Type": "CH", "Sub_Type": "STM", "Nrest_Gage": null, "Strm_Code": "ABN", "RM_II": 24, "HR": "SAC" }, "geometry": { "type": "Point", "coordinates": [ -121.15736100039868, 38.897494700686472 ] } },
{ "type": "Feature", "properties": { "fid": 333, "OBJECTID": 333.0, "CalSim_ID": "ABN027", "Riv_Mi": 27.0, "Riv_Name": "Auburn Ravine", "Comment": "South Canal diversion to Folsom Lake.  Also receives water from American River PS via Auburn Tunnel at the Auburn Pump Station on the South Canal. Foothill and Sunset WTPs also get water from South Canal.", "C2VSIM_GW": null, "C2VSIM_SW": null, "CalSim2_ID": null, "Type": "CH", "Sub_Type": "STM", "Nrest_Gage": null, "Strm_Code": "ABN", "RM_II": 27, "HR": "SAC" }, "geometry": { "type": "Point", "coordinates": [ -121.10317095732151, 38.890053854523771 ] } },
{ "type": "Feature", "properties": { "fid": 334, "OBJECTID": 334.0, "CalSim_ID": "SAC050", "Riv_Mi": 50.0, "Riv_Name": "Sacramento River", "Comment": "Freeport Diversion", "C2VSIM_GW": null, "C2VSIM_SW": null, "CalSim2_ID": null, "Type": "CH", "Sub_Type": "STM", "Nrest_Gage": null, "Strm_Code": "SAC", "RM_II": 50, "HR": "SAC" }, "geometry": { "type": "Point", "coordinates": [ -121.506914764826391, 38.471678706413336 ] } },
{ "type": "Feature", "properties": { "fid": 335, "OBJECTID": 335.0, "CalSim_ID": "FPT013", "Riv_Mi": 12.55, "Riv_Name": "Freeport Alignment", "Comment": "Planned Freeport pipeline alignment", "C2VSIM_GW": null, "C2VSIM_SW": null, "CalSim2_ID": null, "Type": "CH", "Sub_Type": "CNL", "Nrest_Gage": null, "Strm_Code": "FPT", "RM_II": 13, "HR": "SAC" }, "geometry": { "type": "Point", "coordinates": [ -121.315346023127219, 38.481540552543812 ] } },
{ "type": "Feature", "properties": { "fid": 336, "OBJECTID": 336.0, "CalSim_ID": "26S_PU6", "Riv_Mi": null, "Riv_Name": null, "Comment": null, "C2VSIM_GW": null, "C2VSIM_SW": null, "CalSim2_ID": null, "Type": "PR", "Sub_Type": "U", "Nrest_Gage": null, "Strm_Code": null, "RM_II": null, "HR": "SAC" }, "geometry": { "type": "Point", "coordinates": [ -121.262559066941705, 38.526668933633921 ] } },
{ "type": "Feature", "properties": { "fid": 337, "OBJECTID": 337.0, "CalSim_ID": "26S_PU1", "Riv_Mi": null, "Riv_Name": null, "Comment": null, "C2VSIM_GW": null, "C2VSIM_SW": null, "CalSim2_ID": null, "Type": "PR", "Sub_Type": "U", "Nrest_Gage": null, "Strm_Code": null, "RM_II": null, "HR": "SAC" }, "geometry": { "type": "Point", "coordinates": [ -121.150360216558596, 38.660167449664321 ] } },
{ "type": "Feature", "properties": { "fid": 338, "OBJECTID": 338.0, "CalSim_ID": "AMR004", "Riv_Mi": 4.0, "Riv_Name": "American River", "Comment": "C2VSIM/CalSim2 Node at I-80 Bridge", "C2VSIM_GW": "374", "C2VSIM_SW": "379", "CalSim2_ID": "303", "Type": "CH", "Sub_Type": "STM", "Nrest_Gage": null, "Strm_Code": "AMR", "RM_II": 4, "HR": "SAC" }, "geometry": { "type": "Point", "coordinates": [ -121.446518370462769, 38.587420292151201 ] } },
{ "type": "Feature", "properties": { "fid": 339, "OBJECTID": 339.0, "CalSim_ID": "AMR009", "Riv_Mi": 9.0, "Riv_Name": "American River", "Comment": "C2VSIM/CalSim2 Node near Watt Ave Bridge and USGS Gage - 11446980", "C2VSIM_GW": "375", "C2VSIM_SW": "378", "CalSim2_ID": "302", "Type": "CH", "Sub_Type": "STM", "Nrest_Gage": "11446980", "Strm_Code": "AMR", "RM_II": 9, "HR": "SAC" }, "geometry": { "type": "Point", "coordinates": [ -121.38672154119152, 38.566493552534155 ] } },
{ "type": "Feature", "properties": { "fid": 340, "OBJECTID": 340.0, "CalSim_ID": "AMR017", "Riv_Mi": 16.58, "Riv_Name": "American River", "Comment": "Diversion to Carmichael WTP. AMR015 moved upstream to accomodate the WTP physical location.", "C2VSIM_GW": null, "C2VSIM_SW": null, "CalSim2_ID": null, "Type": "CH", "Sub_Type": "STM", "Nrest_Gage": null, "Strm_Code": "AMR", "RM_II": 17, "HR": "SAC" }, "geometry": { "type": "Point", "coordinates": [ -121.303141962830296, 38.625147794139693 ] } },
{ "type": "Feature", "properties": { "fid": 341, "OBJECTID": 341.0, "CalSim_ID": "AMR015", "Riv_Mi": 15.0, "Riv_Name": "American River", "Comment": "C2VSIM/CalSim2 Node moved from schematic location upstream to mile 18.  There is a bend in the river which makes this the shortest line to the C2VSIM location. Near USGS Gage - 383714121170200", "C2VSIM_GW": "380", "C2VSIM_SW": "377", "CalSim2_ID": "301", "Type": "CH", "Sub_Type": "STM", "Nrest_Gage": null, "Strm_Code": "AMR", "RM_II": 15, "HR": "SAC" }, "geometry": { "type": "Point", "coordinates": [ -121.311424552209928, 38.606165992532411 ] } },
{ "type": "Feature", "properties": { "fid": 342, "OBJECTID": 342.0, "CalSim_ID": "AMR020", "Riv_Mi": 20.0, "Riv_Name": "American River", "Comment": "C2VSIM Node", "C2VSIM_GW": "384", "C2VSIM_SW": "376", "CalSim2_ID": null, "Type": "CH", "Sub_Type": "STM", "Nrest_Gage": null, "Strm_Code": "AMR", "RM_II": 20, "HR": "SAC" }, "geometry": { "type": "Point", "coordinates": [ -121.263134104477061, 38.637307639172505 ] } },
{ "type": "Feature", "properties": { "fid": 343, "OBJECTID": 343.0, "CalSim_ID": "LBC043", "Riv_Mi": 42.62, "Riv_Name": "Lower Boardman Canal", "Comment": "Diversion to Shirland Canal/Mormon Ravine", "C2VSIM_GW": null, "C2VSIM_SW": null, "CalSim2_ID": null, "Type": "CH", "Sub_Type": "CNL", "Nrest_Gage": null, "Strm_Code": "LBC", "RM_II": 43, "HR": "SAC" }, "geometry": { "type": "Point", "coordinates": [ -121.071588883143463, 38.886262565270258 ] } },
{ "type": "Feature", "properties": { "fid": 344, "OBJECTID": 344.0, "CalSim_ID": "CCK007", "Riv_Mi": 6.6, "Riv_Name": "Coon Creek", "Comment": "Inflow from RFS23.", "C2VSIM_GW": null, "C2VSIM_SW": null, "CalSim2_ID": null, "Type": "CH", "Sub_Type": "STM", "Nrest_Gage": null, "Strm_Code": "CCK", "RM_II": 7, "HR": "SAC" }, "geometry": { "type": "Point", "coordinates": [ -121.525059565645449, 38.893240228948265 ] } },
{ "type": "Feature", "properties": { "fid": 345, "OBJECTID": 345.0, "CalSim_ID": "CRC002", "Riv_Mi": 2.41, "Riv_Name": "Natomas Cross Canal", "Comment": null, "C2VSIM_GW": null, "C2VSIM_SW": null, "CalSim2_ID": null, "Type": "CH", "Sub_Type": "CNL", "Nrest_Gage": null, "Strm_Code": "CRC", "RM_II": 2, "HR": "SAC" }, "geometry": { "type": "Point", "coordinates": [ -121.574039536573892, 38.803574385060536 ] } },
{ "type": "Feature", "properties": { "fid": 346, "OBJECTID": 346.0, "CalSim_ID": "SAC289", "Riv_Mi": 289.15, "Riv_Name": "Sacramento River", "Comment": "South Bonnieville Pumping Plant", "C2VSIM_GW": "009", "C2VSIM_SW": "207", "CalSim2_ID": "104", "Type": "CH", "Sub_Type": "STM", "Nrest_Gage": null, "Strm_Code": "SAC", "RM_II": 289, "HR": "SAC" }, "geometry": { "type": "Point", "coordinates": [ -122.356245552353528, 40.537384716812191 ] } },
{ "type": "Feature", "properties": { "fid": 347, "OBJECTID": 347.0, "CalSim_ID": "NTOMA", "Riv_Mi": 22.5, "Riv_Name": "American River", "Comment": "Lake Natoma and diversion point for Folsom South Canal. C2VSIM/CalSim2 Node.", "C2VSIM_GW": "385", "C2VSIM_SW": "375", "CalSim2_ID": "S9", "Type": "STR", "Sub_Type": "SIM", "Nrest_Gage": null, "Strm_Code": null, "RM_II": null, "HR": "SAC" }, "geometry": { "type": "Point", "coordinates": [ -121.220443461737773, 38.637298214849714 ] } },
{ "type": "Feature", "properties": { "fid": 348, "OBJECTID": 348.0, "CalSim_ID": "FOLSM", "Riv_Mi": 29.39, "Riv_Name": "American River", "Comment": "Folsom Lake Dam. Diversion point for San Juan (Sidney N. Peterson) and City of Roseville WTPs upstream of USGS Gage - 11446220. C2VSIM/CalSim2 Node.", "C2VSIM_GW": "389", "C2VSIM_SW": "374", "CalSim2_ID": "S8", "Type": "STR", "Sub_Type": "SIM", "Nrest_Gage": "11446220", "Strm_Code": null, "RM_II": null, "HR": "SAC" }, "geometry": { "type": "Point", "coordinates": [ -121.156890533188502, 38.707782791683542 ] } },
{ "type": "Feature", "properties": { "fid": 349, "OBJECTID": 349.0, "CalSim_ID": "FSC003", "Riv_Mi": 3.0, "Riv_Name": "Folsom South Canal", "Comment": "Diversion to Coloma WTP. CalSim2 Node", "C2VSIM_GW": null, "C2VSIM_SW": null, "CalSim2_ID": "309", "Type": "CH", "Sub_Type": "CNL", "Nrest_Gage": null, "Strm_Code": "FSC", "RM_II": 3, "HR": "SAC" }, "geometry": { "type": "Point", "coordinates": [ -121.254774512931249, 38.608462138927848 ] } },
{ "type": "Feature", "properties": { "fid": 350, "OBJECTID": 350.0, "CalSim_ID": "FSC015", "Riv_Mi": 15.0, "Riv_Name": "Folsom South Canal", "Comment": "Non-District Ag diversion", "C2VSIM_GW": null, "C2VSIM_SW": null, "CalSim2_ID": null, "Type": "CH", "Sub_Type": "CNL", "Nrest_Gage": null, "Strm_Code": "FSC", "RM_II": 15, "HR": "SJR" }, "geometry": { "type": "Point", "coordinates": [ -121.21666942312369, 38.457276052143179 ] } },
{ "type": "Feature", "properties": { "fid": 351, "OBJECTID": 351.0, "CalSim_ID": "FSC025", "Riv_Mi": 24.67, "Riv_Name": "Folsom South Canal", "Comment": "Diversion to Rancho Seco Nuclear Power Plant", "C2VSIM_GW": null, "C2VSIM_SW": null, "CalSim2_ID": null, "Type": "CH", "Sub_Type": "CNL", "Nrest_Gage": null, "Strm_Code": "FSC", "RM_II": 25, "HR": "SJR" }, "geometry": { "type": "Point", "coordinates": [ -121.189757288473359, 38.336571939881139 ] } },
{ "type": "Feature", "properties": { "fid": 352, "OBJECTID": 352.0, "CalSim_ID": "FSC027", "Riv_Mi": 26.26, "Riv_Name": "Folsom South Canal", "Comment": "Proposed Diversion to East Bay MUD via Mokolumne Aqueduct(wrong name in DU_Table).", "C2VSIM_GW": null, "C2VSIM_SW": null, "CalSim2_ID": null, "Type": "CH", "Sub_Type": "CNL", "Nrest_Gage": null, "Strm_Code": "FSC", "RM_II": 27, "HR": "SAC" }, "geometry": { "type": "Point", "coordinates": [ -121.183301779083706, 38.312074839477788 ] } },
{ "type": "Feature", "properties": { "fid": 353, "OBJECTID": 353.0, "CalSim_ID": "FSC013", "Riv_Mi": 12.56, "Riv_Name": "Folsom South Canal", "Comment": "Inflow from proposed Freeport Diversion on Sacramento River.", "C2VSIM_GW": null, "C2VSIM_SW": null, "CalSim2_ID": null, "Type": "CH", "Sub_Type": "CNL", "Nrest_Gage": null, "Strm_Code": "FSC", "RM_II": 13, "HR": "SAC" }, "geometry": { "type": "Point", "coordinates": [ -121.244141546608276, 38.483873451268821 ] } },
{ "type": "Feature", "properties": { "fid": 354, "OBJECTID": 354.0, "CalSim_ID": "02_SU", "Riv_Mi": null, "Riv_Name": null, "Comment": null, "C2VSIM_GW": null, "C2VSIM_SW": null, "CalSim2_ID": null, "Type": "S", "Sub_Type": "U", "Nrest_Gage": null, "Strm_Code": null, "RM_II": null, "HR": "SAC" }, "geometry": { "type": "Point", "coordinates": [ -122.398707356777649, 40.567478810269357 ] } },
{ "type": "Feature", "properties": { "fid": 355, "OBJECTID": 355.0, "CalSim_ID": "02_PU", "Riv_Mi": null, "Riv_Name": null, "Comment": null, "C2VSIM_GW": null, "C2VSIM_SW": null, "CalSim2_ID": null, "Type": "PR", "Sub_Type": "U", "Nrest_Gage": null, "Strm_Code": null, "RM_II": null, "HR": "SAC" }, "geometry": { "type": "Point", "coordinates": [ -122.480823901093828, 40.520688536708029 ] } },
{ "type": "Feature", "properties": { "fid": 356, "OBJECTID": 356.0, "CalSim_ID": "02_PA", "Riv_Mi": null, "Riv_Name": null, "Comment": null, "C2VSIM_GW": null, "C2VSIM_SW": null, "CalSim2_ID": null, "Type": "PR", "Sub_Type": "A", "Nrest_Gage": null, "Strm_Code": null, "RM_II": null, "HR": "SAC" }, "geometry": { "type": "Point", "coordinates": [ -122.515680452240687, 40.485898102731234 ] } },
{ "type": "Feature", "properties": { "fid": 357, "OBJECTID": 357.0, "CalSim_ID": "03_SU", "Riv_Mi": null, "Riv_Name": null, "Comment": "Urban Settlement Contractors", "C2VSIM_GW": null, "C2VSIM_SW": null, "CalSim2_ID": null, "Type": "S", "Sub_Type": "U", "Nrest_Gage": null, "Strm_Code": null, "RM_II": null, "HR": "SAC" }, "geometry": { "type": "Point", "coordinates": [ -122.41961134954083, 40.604850863546119 ] } },
{ "type": "Feature", "properties": { "fid": 358, "OBJECTID": 358.0, "CalSim_ID": "03_PU1", "Riv_Mi": null, "Riv_Name": null, "Comment": null, "C2VSIM_GW": null, "C2VSIM_SW": null, "CalSim2_ID": null, "Type": "PR", "Sub_Type": "U", "Nrest_Gage": null, "Strm_Code": null, "RM_II": null, "HR": "SAC" }, "geometry": { "type": "Point", "coordinates": [ -122.381173089877905, 40.675360736261339 ] } },
{ "type": "Feature", "properties": { "fid": 359, "OBJECTID": 359.0, "CalSim_ID": "03_PU2", "Riv_Mi": null, "Riv_Name": null, "Comment": null, "C2VSIM_GW": null, "C2VSIM_SW": null, "CalSim2_ID": null, "Type": "PR", "Sub_Type": "U", "Nrest_Gage": null, "Strm_Code": null, "RM_II": null, "HR": "SAC" }, "geometry": { "type": "Point", "coordinates": [ -122.252993988625988, 40.636653019703687 ] } },
{ "type": "Feature", "properties": { "fid": 360, "OBJECTID": 360.0, "CalSim_ID": "03_PA", "Riv_Mi": null, "Riv_Name": null, "Comment": null, "C2VSIM_GW": null, "C2VSIM_SW": null, "CalSim2_ID": null, "Type": "PR", "Sub_Type": "A", "Nrest_Gage": null, "Strm_Code": null, "RM_II": null, "HR": "SAC" }, "geometry": { "type": "Point", "coordinates": [ -122.2937834540582, 40.58366893694734 ] } },
{ "type": "Feature", "properties": { "fid": 361, "OBJECTID": 361.0, "CalSim_ID": "SAC271", "Riv_Mi": 271.0, "Riv_Name": "Sacramento River", "Comment": "Confluence with Cottonwood Creek", "C2VSIM_GW": null, "C2VSIM_SW": null, "CalSim2_ID": null, "Type": "CH", "Sub_Type": "STM", "Nrest_Gage": null, "Strm_Code": "SAC", "RM_II": 271, "HR": "SAC" }, "geometry": { "type": "Point", "coordinates": [ -122.199122067383968, 40.380397975799347 ] } },
{ "type": "Feature", "properties": { "fid": 362, "OBJECTID": 362.0, "CalSim_ID": "SAC273", "Riv_Mi": 273.45, "Riv_Name": "Sacramento River", "Comment": "Balls Ferry", "C2VSIM_GW": null, "C2VSIM_SW": null, "CalSim2_ID": null, "Type": "CH", "Sub_Type": "SG", "Nrest_Gage": "DWR  (BSF)", "Strm_Code": "SAC", "RM_II": 273, "HR": "SAC" }, "geometry": { "type": "Point", "coordinates": [ -122.194071817266348, 40.417482103526289 ] } },
{ "type": "Feature", "properties": { "fid": 363, "OBJECTID": 363.0, "CalSim_ID": "02_NU", "Riv_Mi": null, "Riv_Name": null, "Comment": null, "C2VSIM_GW": null, "C2VSIM_SW": null, "CalSim2_ID": null, "Type": "NP", "Sub_Type": "U", "Nrest_Gage": null, "Strm_Code": null, "RM_II": null, "HR": "SAC" }, "geometry": { "type": "Point", "coordinates": [ -122.296986057724283, 40.446969392698591 ] } },
{ "type": "Feature", "properties": { "fid": 364, "OBJECTID": 364.0, "CalSim_ID": "WTPCSD", "Riv_Mi": null, "Riv_Name": null, "Comment": "Clear Creek CSD WTP", "C2VSIM_GW": null, "C2VSIM_SW": null, "CalSim2_ID": null, "Type": "WTP", "Sub_Type": "NA", "Nrest_Gage": null, "Strm_Code": null, "RM_II": null, "HR": "SAC" }, "geometry": { "type": "Point", "coordinates": [ -122.536528575827916, 40.596001776892813 ] } },
{ "type": "Feature", "properties": { "fid": 365, "OBJECTID": 365.0, "CalSim_ID": "WTPJMS", "Riv_Mi": null, "Riv_Name": null, "Comment": "Shasta Lake Water Treatment Plant (proxy for Jones Valley/Shasta/Mountain Gate WTPs)", "C2VSIM_GW": null, "C2VSIM_SW": null, "CalSim2_ID": null, "Type": "WTP", "Sub_Type": "NA", "Nrest_Gage": null, "Strm_Code": null, "RM_II": null, "HR": "SAC" }, "geometry": { "type": "Point", "coordinates": [ -122.413512659075579, 40.713296575502298 ] } },
{ "type": "Feature", "properties": { "fid": 366, "OBJECTID": 366.0, "CalSim_ID": "CCWWTP", "Riv_Mi": null, "Riv_Name": null, "Comment": "Clear Creek Wastewater Treatment Plant", "C2VSIM_GW": null, "C2VSIM_SW": null, "CalSim2_ID": null, "Type": "WWTP", "Sub_Type": "NA", "Nrest_Gage": null, "Strm_Code": null, "RM_II": null, "HR": "SAC" }, "geometry": { "type": "Point", "coordinates": [ -122.369066936721822, 40.502695679366667 ] } },
{ "type": "Feature", "properties": { "fid": 367, "OBJECTID": 367.0, "CalSim_ID": "SWWWTP", "Riv_Mi": null, "Riv_Name": null, "Comment": "Stillwater WWTF? Model shows returns from this node to SAC285 which is about 4mi upstream.  CCWWTP is there, but on the wrong side of the river.", "C2VSIM_GW": null, "C2VSIM_SW": null, "CalSim2_ID": null, "Type": "WWTP", "Sub_Type": "NA", "Nrest_Gage": null, "Strm_Code": null, "RM_II": null, "HR": "SAC" }, "geometry": { "type": "Point", "coordinates": [ -122.290128469171961, 40.476443968737918 ] } },
{ "type": "Feature", "properties": { "fid": 368, "OBJECTID": 368.0, "CalSim_ID": "WTPFTH", "Riv_Mi": null, "Riv_Name": null, "Comment": "Foothill Water Treatment Plant", "C2VSIM_GW": null, "C2VSIM_SW": null, "CalSim2_ID": null, "Type": "WTP", "Sub_Type": "NA", "Nrest_Gage": null, "Strm_Code": null, "RM_II": null, "HR": "SAC" }, "geometry": { "type": "Point", "coordinates": [ -122.418786342328389, 40.581973762171685 ] } },
{ "type": "Feature", "properties": { "fid": 369, "OBJECTID": 369.0, "CalSim_ID": "02_NA", "Riv_Mi": null, "Riv_Name": null, "Comment": null, "C2VSIM_GW": null, "C2VSIM_SW": null, "CalSim2_ID": null, "Type": "NP", "Sub_Type": "A", "Nrest_Gage": null, "Strm_Code": null, "RM_II": null, "HR": "SAC" }, "geometry": { "type": "Point", "coordinates": [ -122.291256360260704, 40.344337697328754 ] } },
{ "type": "Feature", "properties": { "fid": 370, "OBJECTID": 370.0, "CalSim_ID": "03_SA", "Riv_Mi": null, "Riv_Name": null, "Comment": "Non-District Settlement Ag", "C2VSIM_GW": null, "C2VSIM_SW": null, "CalSim2_ID": null, "Type": "S", "Sub_Type": "A", "Nrest_Gage": null, "Strm_Code": null, "RM_II": null, "HR": "SAC" }, "geometry": { "type": "Point", "coordinates": [ -122.318809337936912, 40.492618862665019 ] } },
{ "type": "Feature", "properties": { "fid": 371, "OBJECTID": 371.0, "CalSim_ID": "03_NA", "Riv_Mi": null, "Riv_Name": null, "Comment": null, "C2VSIM_GW": null, "C2VSIM_SW": null, "CalSim2_ID": null, "Type": "NP", "Sub_Type": "A", "Nrest_Gage": null, "Strm_Code": null, "RM_II": null, "HR": "SAC" }, "geometry": { "type": "Point", "coordinates": [ -122.096815816979301, 40.482309672543202 ] } },
{ "type": "Feature", "properties": { "fid": 372, "OBJECTID": 372.0, "CalSim_ID": "03_NU", "Riv_Mi": null, "Riv_Name": null, "Comment": null, "C2VSIM_GW": null, "C2VSIM_SW": null, "CalSim2_ID": null, "Type": "NP", "Sub_Type": "U", "Nrest_Gage": null, "Strm_Code": null, "RM_II": null, "HR": "SAC" }, "geometry": { "type": "Point", "coordinates": [ -122.078175210169064, 40.501376175363099 ] } },
{ "type": "Feature", "properties": { "fid": 373, "OBJECTID": 373.0, "CalSim_ID": "BCN010", "Riv_Mi": 10.0, "Riv_Name": "Bear Creek", "Comment": "Bear Creek North inflow point near USGS Gage - 113741000", "C2VSIM_GW": null, "C2VSIM_SW": null, "CalSim2_ID": null, "Type": "CH", "Sub_Type": "SG", "Nrest_Gage": "11374100", "Strm_Code": "BCN", "RM_II": 10, "HR": "SAC" }, "geometry": { "type": "Point", "coordinates": [ -122.117153797817437, 40.528136236627567 ] } },
{ "type": "Feature", "properties": { "fid": 374, "OBJECTID": 374.0, "CalSim_ID": "SAC299", "Riv_Mi": 298.65, "Riv_Name": "Sacramento River", "Comment": "Sacramento River at Keswick", "C2VSIM_GW": null, "C2VSIM_SW": null, "CalSim2_ID": null, "Type": "CH", "Sub_Type": "SG", "Nrest_Gage": "11370500", "Strm_Code": "SAC", "RM_II": 299, "HR": "SAC" }, "geometry": { "type": "Point", "coordinates": [ -122.444159022202157, 40.601555442674382 ] } },
{ "type": "Feature", "properties": { "fid": 375, "OBJECTID": 375.0, "CalSim_ID": "05_NA", "Riv_Mi": null, "Riv_Name": null, "Comment": null, "C2VSIM_GW": null, "C2VSIM_SW": null, "CalSim2_ID": null, "Type": "NP", "Sub_Type": "A", "Nrest_Gage": null, "Strm_Code": null, "RM_II": null, "HR": "SAC" }, "geometry": { "type": "Point", "coordinates": [ -122.033881701306171, 39.99694478629911 ] } },
{ "type": "Feature", "properties": { "fid": 376, "OBJECTID": 376.0, "CalSim_ID": "05_NU", "Riv_Mi": null, "Riv_Name": null, "Comment": null, "C2VSIM_GW": null, "C2VSIM_SW": null, "CalSim2_ID": null, "Type": "NP", "Sub_Type": "U", "Nrest_Gage": null, "Strm_Code": null, "RM_II": null, "HR": "SAC" }, "geometry": { "type": "Point", "coordinates": [ -122.090652613933045, 40.0630958217846 ] } },
{ "type": "Feature", "properties": { "fid": 377, "OBJECTID": 377.0, "CalSim_ID": "04_PA1", "Riv_Mi": null, "Riv_Name": null, "Comment": null, "C2VSIM_GW": null, "C2VSIM_SW": null, "CalSim2_ID": null, "Type": "PR", "Sub_Type": "A", "Nrest_Gage": null, "Strm_Code": null, "RM_II": null, "HR": "SAC" }, "geometry": { "type": "Point", "coordinates": [ -122.205802365388095, 39.992625072809709 ] } },
{ "type": "Feature", "properties": { "fid": 378, "OBJECTID": 378.0, "CalSim_ID": "04_PA2", "Riv_Mi": null, "Riv_Name": null, "Comment": null, "C2VSIM_GW": null, "C2VSIM_SW": null, "CalSim2_ID": null, "Type": "PR", "Sub_Type": "A", "Nrest_Gage": null, "Strm_Code": null, "RM_II": null, "HR": "SAC" }, "geometry": { "type": "Point", "coordinates": [ -122.194667515851606, 39.846803848014773 ] } },
{ "type": "Feature", "properties": { "fid": 379, "OBJECTID": 379.0, "CalSim_ID": "04_NU1", "Riv_Mi": null, "Riv_Name": null, "Comment": "Red Bluff", "C2VSIM_GW": null, "C2VSIM_SW": null, "CalSim2_ID": null, "Type": "NP", "Sub_Type": "U", "Nrest_Gage": null, "Strm_Code": null, "RM_II": null, "HR": "SAC" }, "geometry": { "type": "Point", "coordinates": [ -122.254003700329847, 40.170213086370588 ] } },
{ "type": "Feature", "properties": { "fid": 380, "OBJECTID": 380.0, "CalSim_ID": "04_NA", "Riv_Mi": null, "Riv_Name": null, "Comment": null, "C2VSIM_GW": null, "C2VSIM_SW": null, "CalSim2_ID": null, "Type": "NP", "Sub_Type": "A", "Nrest_Gage": null, "Strm_Code": null, "RM_II": null, "HR": "SAC" }, "geometry": { "type": "Point", "coordinates": [ -122.156258610366635, 39.932638909263879 ] } },
{ "type": "Feature", "properties": { "fid": 381, "OBJECTID": 381.0, "CalSim_ID": "06_PA", "Riv_Mi": null, "Riv_Name": null, "Comment": null, "C2VSIM_GW": null, "C2VSIM_SW": null, "CalSim2_ID": null, "Type": "PR", "Sub_Type": "A", "Nrest_Gage": null, "Strm_Code": null, "RM_II": null, "HR": "SAC" }, "geometry": { "type": "Point", "coordinates": [ -122.216314359847559, 39.746249321497757 ] } },
{ "type": "Feature", "properties": { "fid": 382, "OBJECTID": 382.0, "CalSim_ID": "06_NA", "Riv_Mi": null, "Riv_Name": null, "Comment": null, "C2VSIM_GW": null, "C2VSIM_SW": null, "CalSim2_ID": null, "Type": "NP", "Sub_Type": "A", "Nrest_Gage": null, "Strm_Code": null, "RM_II": null, "HR": "SAC" }, "geometry": { "type": "Point", "coordinates": [ -122.313438136286265, 39.801571088590222 ] } },
{ "type": "Feature", "properties": { "fid": 383, "OBJECTID": 383.0, "CalSim_ID": "06_NU", "Riv_Mi": null, "Riv_Name": null, "Comment": "City of Orland", "C2VSIM_GW": null, "C2VSIM_SW": null, "CalSim2_ID": null, "Type": "NP", "Sub_Type": "U", "Nrest_Gage": null, "Strm_Code": null, "RM_II": null, "HR": "SAC" }, "geometry": { "type": "Point", "coordinates": [ -122.193298797272874, 39.749738349872665 ] } },
{ "type": "Feature", "properties": { "fid": 384, "OBJECTID": 384.0, "CalSim_ID": "07N_PA", "Riv_Mi": null, "Riv_Name": null, "Comment": null, "C2VSIM_GW": null, "C2VSIM_SW": null, "CalSim2_ID": null, "Type": "PR", "Sub_Type": "A", "Nrest_Gage": null, "Strm_Code": null, "RM_II": null, "HR": "SAC" }, "geometry": { "type": "Point", "coordinates": [ -122.244693658022328, 39.584781062609679 ] } },
{ "type": "Feature", "properties": { "fid": 385, "OBJECTID": 385.0, "CalSim_ID": "07N_NA", "Riv_Mi": null, "Riv_Name": null, "Comment": null, "C2VSIM_GW": null, "C2VSIM_SW": null, "CalSim2_ID": null, "Type": "NP", "Sub_Type": "A", "Nrest_Gage": null, "Strm_Code": null, "RM_II": null, "HR": "SAC" }, "geometry": { "type": "Point", "coordinates": [ -122.157420421254045, 39.586434953479007 ] } },
{ "type": "Feature", "properties": { "fid": 386, "OBJECTID": 386.0, "CalSim_ID": "09_SA1", "Riv_Mi": null, "Riv_Name": null, "Comment": "M and T Ranch Inc.", "C2VSIM_GW": null, "C2VSIM_SW": null, "CalSim2_ID": null, "Type": "S", "Sub_Type": "A", "Nrest_Gage": null, "Strm_Code": null, "RM_II": null, "HR": "SAC" }, "geometry": { "type": "Point", "coordinates": [ -121.911100791182946, 39.673226467151345 ] } },
{ "type": "Feature", "properties": { "fid": 387, "OBJECTID": 387.0, "CalSim_ID": "09_NA", "Riv_Mi": null, "Riv_Name": null, "Comment": null, "C2VSIM_GW": null, "C2VSIM_SW": null, "CalSim2_ID": null, "Type": "NP", "Sub_Type": "A", "Nrest_Gage": null, "Strm_Code": null, "RM_II": null, "HR": "SAC" }, "geometry": { "type": "Point", "coordinates": [ -121.925706486227497, 39.600807662417004 ] } },
{ "type": "Feature", "properties": { "fid": 388, "OBJECTID": 388.0, "CalSim_ID": "09_SA2", "Riv_Mi": null, "Riv_Name": null, "Comment": null, "C2VSIM_GW": null, "C2VSIM_SW": null, "CalSim2_ID": null, "Type": "S", "Sub_Type": "A", "Nrest_Gage": null, "Strm_Code": null, "RM_II": null, "HR": "SAC" }, "geometry": { "type": "Point", "coordinates": [ -121.942415443211345, 39.319514938254152 ] } },
{ "type": "Feature", "properties": { "fid": 389, "OBJECTID": 389.0, "CalSim_ID": "09_PR", "Riv_Mi": null, "Riv_Name": null, "Comment": null, "C2VSIM_GW": null, "C2VSIM_SW": null, "CalSim2_ID": null, "Type": "PR", "Sub_Type": "R", "Nrest_Gage": null, "Strm_Code": null, "RM_II": null, "HR": "SAC" }, "geometry": { "type": "Point", "coordinates": [ -121.940790331426356, 39.579314603863388 ] } },
{ "type": "Feature", "properties": { "fid": 390, "OBJECTID": 390.0, "CalSim_ID": "10_NU2", "Riv_Mi": null, "Riv_Name": null, "Comment": "Urban concentration in aerial imagery.", "C2VSIM_GW": null, "C2VSIM_SW": null, "CalSim2_ID": null, "Type": "NP", "Sub_Type": "U", "Nrest_Gage": null, "Strm_Code": null, "RM_II": null, "HR": "SAC" }, "geometry": { "type": "Point", "coordinates": [ -121.803962004865127, 39.644932061655417 ] } },
{ "type": "Feature", "properties": { "fid": 391, "OBJECTID": 391.0, "CalSim_ID": "10_NA", "Riv_Mi": null, "Riv_Name": null, "Comment": "Durham ID", "C2VSIM_GW": null, "C2VSIM_SW": null, "CalSim2_ID": null, "Type": "NP", "Sub_Type": "A", "Nrest_Gage": null, "Strm_Code": null, "RM_II": null, "HR": "SAC" }, "geometry": { "type": "Point", "coordinates": [ -121.727022712008193, 39.613907804388433 ] } },
{ "type": "Feature", "properties": { "fid": 392, "OBJECTID": 392.0, "CalSim_ID": "GCC036", "Riv_Mi": 36.03, "Riv_Name": "Glenn-Colusa Canal", "Comment": "C2VSIM Node", "C2VSIM_GW": "211", "C2VSIM_SW": "309", "CalSim2_ID": null, "Type": "CH", "Sub_Type": "CNL", "Nrest_Gage": null, "Strm_Code": "GCC", "RM_II": 36, "HR": "SAC" }, "geometry": { "type": "Point", "coordinates": [ -122.256513165065712, 39.378094936723848 ] } },
{ "type": "Feature", "properties": { "fid": 393, "OBJECTID": 393.0, "CalSim_ID": "TCC066", "Riv_Mi": 66.25, "Riv_Name": "Tehama-Colusa Canal", "Comment": "Funks Reservoir", "C2VSIM_GW": null, "C2VSIM_SW": null, "CalSim2_ID": null, "Type": "CH", "Sub_Type": "CNL", "Nrest_Gage": null, "Strm_Code": "TCC", "RM_II": 66, "HR": "SAC" }, "geometry": { "type": "Point", "coordinates": [ -122.288792266168059, 39.329768278466531 ] } },
{ "type": "Feature", "properties": { "fid": 394, "OBJECTID": 394.0, "CalSim_ID": "11_NU1", "Riv_Mi": null, "Riv_Name": null, "Comment": null, "C2VSIM_GW": null, "C2VSIM_SW": null, "CalSim2_ID": null, "Type": "NP", "Sub_Type": "U", "Nrest_Gage": null, "Strm_Code": null, "RM_II": null, "HR": "SAC" }, "geometry": { "type": "Point", "coordinates": [ -121.599503702193417, 39.514611457931188 ] } },
{ "type": "Feature", "properties": { "fid": 395, "OBJECTID": 395.0, "CalSim_ID": "THRMF", "Riv_Mi": null, "Riv_Name": null, "Comment": "Thermalito Forebay", "C2VSIM_GW": null, "C2VSIM_SW": null, "CalSim2_ID": null, "Type": "STR", "Sub_Type": "NA", "Nrest_Gage": null, "Strm_Code": "PCL", "RM_II": null, "HR": "SAC" }, "geometry": { "type": "Point", "coordinates": [ -121.627907229735825, 39.5142171031573 ] } },
{ "type": "Feature", "properties": { "fid": 396, "OBJECTID": 396.0, "CalSim_ID": "THRMA", "Riv_Mi": null, "Riv_Name": null, "Comment": "Thermalito Afterbay", "C2VSIM_GW": null, "C2VSIM_SW": null, "CalSim2_ID": null, "Type": "STR", "Sub_Type": "SIM", "Nrest_Gage": null, "Strm_Code": null, "RM_II": null, "HR": "SAC" }, "geometry": { "type": "Point", "coordinates": [ -121.653487813187368, 39.500751900478718 ] } },
{ "type": "Feature", "properties": { "fid": 397, "OBJECTID": 397.0, "CalSim_ID": "13_NA", "Riv_Mi": null, "Riv_Name": null, "Comment": null, "C2VSIM_GW": null, "C2VSIM_SW": null, "CalSim2_ID": null, "Type": "NP", "Sub_Type": "A", "Nrest_Gage": null, "Strm_Code": null, "RM_II": null, "HR": "SAC" }, "geometry": { "type": "Point", "coordinates": [ -121.394261371617958, 39.451691522654052 ] } },
{ "type": "Feature", "properties": { "fid": 398, "OBJECTID": 398.0, "CalSim_ID": "13_NU1", "Riv_Mi": null, "Riv_Name": null, "Comment": null, "C2VSIM_GW": null, "C2VSIM_SW": null, "CalSim2_ID": null, "Type": "NP", "Sub_Type": "U", "Nrest_Gage": null, "Strm_Code": null, "RM_II": null, "HR": "SAC" }, "geometry": { "type": "Point", "coordinates": [ -121.512909266796129, 39.487366508676587 ] } },
{ "type": "Feature", "properties": { "fid": 399, "OBJECTID": 399.0, "CalSim_ID": "ORWWTP", "Riv_Mi": null, "Riv_Name": null, "Comment": "Oroville Wastewater Treatment Plant", "C2VSIM_GW": null, "C2VSIM_SW": null, "CalSim2_ID": null, "Type": "WWTP", "Sub_Type": "NA", "Nrest_Gage": null, "Strm_Code": null, "RM_II": null, "HR": "SAC" }, "geometry": { "type": "Point", "coordinates": [ -121.565218965184215, 39.486673976903575 ] } },
{ "type": "Feature", "properties": { "fid": 400, "OBJECTID": 400.0, "CalSim_ID": "RFS13", "Riv_Mi": null, "Riv_Name": null, "Comment": null, "C2VSIM_GW": null, "C2VSIM_SW": null, "CalSim2_ID": null, "Type": "RFS", "Sub_Type": "NA", "Nrest_Gage": null, "Strm_Code": null, "RM_II": null, "HR": "SAC" }, "geometry": { "type": "Point", "coordinates": [ -121.475352162462372, 39.372860696009063 ] } },
{ "type": "Feature", "properties": { "fid": 401, "OBJECTID": 401.0, "CalSim_ID": "12_NA", "Riv_Mi": null, "Riv_Name": null, "Comment": null, "C2VSIM_GW": null, "C2VSIM_SW": null, "CalSim2_ID": null, "Type": "NP", "Sub_Type": "A", "Nrest_Gage": null, "Strm_Code": null, "RM_II": null, "HR": "SAC" }, "geometry": { "type": "Point", "coordinates": [ -121.591908483495061, 39.371324242933269 ] } },
{ "type": "Feature", "properties": { "fid": 402, "OBJECTID": 402.0, "CalSim_ID": "12_NU1", "Riv_Mi": null, "Riv_Name": null, "Comment": null, "C2VSIM_GW": null, "C2VSIM_SW": null, "CalSim2_ID": null, "Type": "NP", "Sub_Type": "U", "Nrest_Gage": null, "Strm_Code": null, "RM_II": null, "HR": "SAC" }, "geometry": { "type": "Point", "coordinates": [ -121.552906194593291, 39.506759889548491 ] } },
{ "type": "Feature", "properties": { "fid": 403, "OBJECTID": 403.0, "CalSim_ID": "WEC000", "Riv_Mi": 0.0, "Riv_Name": null, "Comment": "Diverstion to Western and Richvale Canals", "C2VSIM_GW": null, "C2VSIM_SW": null, "CalSim2_ID": null, "Type": "CH", "Sub_Type": "SG", "Nrest_Gage": "11406880 / 11406900", "Strm_Code": "WEC", "RM_II": 0, "HR": "SAC" }, "geometry": { "type": "Point", "coordinates": [ -121.685679431117578, 39.505207869113462 ] } },
{ "type": "Feature", "properties": { "fid": 404, "OBJECTID": 404.0, "CalSim_ID": "JBC000", "Riv_Mi": 0.0, "Riv_Name": "Sutter-Butte Canal at Intake.  Joint Board Canal", "Comment": null, "C2VSIM_GW": null, "C2VSIM_SW": null, "CalSim2_ID": null, "Type": "CH", "Sub_Type": "SG", "Nrest_Gage": "11406910", "Strm_Code": "JBC", "RM_II": 0, "HR": "SAC" }, "geometry": { "type": "Point", "coordinates": [ -121.658583746121423, 39.451715574758445 ] } },
{ "type": "Feature", "properties": { "fid": 405, "OBJECTID": 405.0, "CalSim_ID": "BGD000", "Riv_Mi": null, "Riv_Name": "Biggs-West Gridley Drain", "Comment": null, "C2VSIM_GW": null, "C2VSIM_SW": null, "CalSim2_ID": null, "Type": "CH", "Sub_Type": "CNL", "Nrest_Gage": null, "Strm_Code": "BGD", "RM_II": null, "HR": "SAC" }, "geometry": { "type": "Point", "coordinates": [ -121.75078312072587, 39.406445773136397 ] } },
{ "type": "Feature", "properties": { "fid": 406, "OBJECTID": 406.0, "CalSim_ID": "CRK005", "Riv_Mi": null, "Riv_Name": "Biggs-West Gridley Drain", "Comment": null, "C2VSIM_GW": null, "C2VSIM_SW": null, "CalSim2_ID": null, "Type": "CH", "Sub_Type": "CNL", "Nrest_Gage": null, "Strm_Code": "CRK", "RM_II": null, "HR": "SAC" }, "geometry": { "type": "Point", "coordinates": [ -121.882095665032594, 39.327870807027601 ] } },
{ "type": "Feature", "properties": { "fid": 407, "OBJECTID": 407.0, "CalSim_ID": "RFS11", "Riv_Mi": null, "Riv_Name": null, "Comment": null, "C2VSIM_GW": null, "C2VSIM_SW": null, "CalSim2_ID": null, "Type": "RFS", "Sub_Type": "NA", "Nrest_Gage": null, "Strm_Code": null, "RM_II": null, "HR": "SAC" }, "geometry": { "type": "Point", "coordinates": [ -121.710546113793683, 39.407044504901307 ] } },
{ "type": "Feature", "properties": { "fid": 408, "OBJECTID": 408.0, "CalSim_ID": "11_SA3", "Riv_Mi": null, "Riv_Name": null, "Comment": null, "C2VSIM_GW": null, "C2VSIM_SW": null, "CalSim2_ID": null, "Type": "S", "Sub_Type": "A", "Nrest_Gage": null, "Strm_Code": null, "RM_II": null, "HR": "SAC" }, "geometry": { "type": "Point", "coordinates": [ -121.690488827431182, 39.407339405752715 ] } },
{ "type": "Feature", "properties": { "fid": 409, "OBJECTID": 409.0, "CalSim_ID": "11_SA1", "Riv_Mi": null, "Riv_Name": null, "Comment": null, "C2VSIM_GW": null, "C2VSIM_SW": null, "CalSim2_ID": null, "Type": "S", "Sub_Type": "A", "Nrest_Gage": null, "Strm_Code": null, "RM_II": null, "HR": "SAC" }, "geometry": { "type": "Point", "coordinates": [ -121.788352444711109, 39.526128933260999 ] } },
{ "type": "Feature", "properties": { "fid": 410, "OBJECTID": 410.0, "CalSim_ID": "17N_PR", "Riv_Mi": null, "Riv_Name": null, "Comment": null, "C2VSIM_GW": null, "C2VSIM_SW": null, "CalSim2_ID": null, "Type": "PR", "Sub_Type": "R", "Nrest_Gage": null, "Strm_Code": null, "RM_II": null, "HR": "SAC" }, "geometry": { "type": "Point", "coordinates": [ -121.824114796296428, 39.328794154534272 ] } },
{ "type": "Feature", "properties": { "fid": 411, "OBJECTID": 411.0, "CalSim_ID": "17N_NR", "Riv_Mi": null, "Riv_Name": null, "Comment": null, "C2VSIM_GW": null, "C2VSIM_SW": null, "CalSim2_ID": null, "Type": "NP", "Sub_Type": "R", "Nrest_Gage": null, "Strm_Code": null, "RM_II": null, "HR": "SAC" }, "geometry": { "type": "Point", "coordinates": [ -121.893844677840079, 39.318355922444155 ] } },
{ "type": "Feature", "properties": { "fid": 412, "OBJECTID": 412.0, "CalSim_ID": "17N_NA", "Riv_Mi": null, "Riv_Name": null, "Comment": "Groundwater Only", "C2VSIM_GW": null, "C2VSIM_SW": null, "CalSim2_ID": null, "Type": "NP", "Sub_Type": "A", "Nrest_Gage": null, "Strm_Code": null, "RM_II": null, "HR": "SAC" }, "geometry": { "type": "Point", "coordinates": [ -121.924967038480688, 39.264206413448449 ] } },
{ "type": "Feature", "properties": { "fid": 413, "OBJECTID": 413.0, "CalSim_ID": "08N_PR1", "Riv_Mi": null, "Riv_Name": null, "Comment": "Sacramento NWR", "C2VSIM_GW": null, "C2VSIM_SW": null, "CalSim2_ID": null, "Type": "PR", "Sub_Type": "R", "Nrest_Gage": null, "Strm_Code": null, "RM_II": null, "HR": "SAC" }, "geometry": { "type": "Point", "coordinates": [ -122.162913134565045, 39.442788403954467 ] } },
{ "type": "Feature", "properties": { "fid": 414, "OBJECTID": 414.0, "CalSim_ID": "OWC000", "Riv_Mi": null, "Riv_Name": "Oroville-Wyandotte Canal", "Comment": "Conceptual Diversion Node", "C2VSIM_GW": null, "C2VSIM_SW": null, "CalSim2_ID": null, "Type": "CH", "Sub_Type": "CNL", "Nrest_Gage": null, "Strm_Code": "OWC", "RM_II": null, "HR": "SAC" }, "geometry": { "type": "Point", "coordinates": [ -121.377194232291586, 39.495744494489522 ] } },
{ "type": "Feature", "properties": { "fid": 415, "OBJECTID": 415.0, "CalSim_ID": "HON021", "Riv_Mi": 20.5, "Riv_Name": "South Honcut Creek", "Comment": null, "C2VSIM_GW": null, "C2VSIM_SW": null, "CalSim2_ID": null, "Type": "CH", "Sub_Type": "STM", "Nrest_Gage": null, "Strm_Code": "HON", "RM_II": 21, "HR": "SAC" }, "geometry": { "type": "Point", "coordinates": [ -121.372080242925264, 39.36783271683791 ] } },
{ "type": "Feature", "properties": { "fid": 416, "OBJECTID": 416.0, "CalSim_ID": "MIO023", "Riv_Mi": null, "Riv_Name": "Upper Miocene Canal", "Comment": null, "C2VSIM_GW": null, "C2VSIM_SW": null, "CalSim2_ID": null, "Type": "CH", "Sub_Type": "CNL", "Nrest_Gage": null, "Strm_Code": "MIO", "RM_II": null, "HR": "SAC" }, "geometry": { "type": "Point", "coordinates": [ -121.600735757381415, 39.605030232994515 ] } },
{ "type": "Feature", "properties": { "fid": 417, "OBJECTID": 417.0, "CalSim_ID": "08N_NA", "Riv_Mi": null, "Riv_Name": null, "Comment": null, "C2VSIM_GW": null, "C2VSIM_SW": null, "CalSim2_ID": null, "Type": "NP", "Sub_Type": "A", "Nrest_Gage": null, "Strm_Code": null, "RM_II": null, "HR": "SAC" }, "geometry": { "type": "Point", "coordinates": [ -122.02709607446873, 39.504860090469066 ] } },
{ "type": "Feature", "properties": { "fid": 418, "OBJECTID": 418.0, "CalSim_ID": "08N_NU", "Riv_Mi": null, "Riv_Name": null, "Comment": "Groundwater", "C2VSIM_GW": null, "C2VSIM_SW": null, "CalSim2_ID": null, "Type": "NP", "Sub_Type": "U", "Nrest_Gage": null, "Strm_Code": null, "RM_II": null, "HR": "SAC" }, "geometry": { "type": "Point", "coordinates": [ -122.012125779488883, 39.74197046211227 ] } },
{ "type": "Feature", "properties": { "fid": 419, "OBJECTID": 419.0, "CalSim_ID": "08N_SA1", "Riv_Mi": null, "Riv_Name": null, "Comment": null, "C2VSIM_GW": null, "C2VSIM_SW": null, "CalSim2_ID": null, "Type": "S", "Sub_Type": "A", "Nrest_Gage": null, "Strm_Code": null, "RM_II": null, "HR": "SAC" }, "geometry": { "type": "Point", "coordinates": [ -122.050300421472812, 39.384892552793737 ] } },
{ "type": "Feature", "properties": { "fid": 420, "OBJECTID": 420.0, "CalSim_ID": "08N_SA2", "Riv_Mi": null, "Riv_Name": null, "Comment": null, "C2VSIM_GW": null, "C2VSIM_SW": null, "CalSim2_ID": null, "Type": "S", "Sub_Type": "A", "Nrest_Gage": null, "Strm_Code": null, "RM_II": null, "HR": "SAC" }, "geometry": { "type": "Point", "coordinates": [ -122.145852746222417, 39.501661585264209 ] } },
{ "type": "Feature", "properties": { "fid": 421, "OBJECTID": 421.0, "CalSim_ID": "DWRPS2", "Riv_Mi": null, "Riv_Name": null, "Comment": null, "C2VSIM_GW": null, "C2VSIM_SW": null, "CalSim2_ID": null, "Type": "PS", "Sub_Type": "NA", "Nrest_Gage": null, "Strm_Code": null, "RM_II": null, "HR": "SAC" }, "geometry": { "type": "Point", "coordinates": [ -121.726815503471286, 39.026318084068258 ] } },
{ "type": "Feature", "properties": { "fid": 422, "OBJECTID": 422.0, "CalSim_ID": "DWRPS1", "Riv_Mi": null, "Riv_Name": null, "Comment": "DWR Pump Station No.1", "C2VSIM_GW": null, "C2VSIM_SW": null, "CalSim2_ID": null, "Type": "PS", "Sub_Type": "NA", "Nrest_Gage": null, "Strm_Code": null, "RM_II": null, "HR": "SAC" }, "geometry": { "type": "Point", "coordinates": [ -121.634229819176383, 38.931787069529072 ] } },
{ "type": "Feature", "properties": { "fid": 423, "OBJECTID": 423.0, "CalSim_ID": "08S_NA1", "Riv_Mi": null, "Riv_Name": null, "Comment": null, "C2VSIM_GW": null, "C2VSIM_SW": null, "CalSim2_ID": null, "Type": "NP", "Sub_Type": "A", "Nrest_Gage": null, "Strm_Code": null, "RM_II": null, "HR": "SAC" }, "geometry": { "type": "Point", "coordinates": [ -121.967961727523161, 39.162236796797252 ] } },
{ "type": "Feature", "properties": { "fid": 424, "OBJECTID": 424.0, "CalSim_ID": "07S_PA", "Riv_Mi": null, "Riv_Name": null, "Comment": null, "C2VSIM_GW": null, "C2VSIM_SW": null, "CalSim2_ID": null, "Type": "PR", "Sub_Type": "A", "Nrest_Gage": null, "Strm_Code": null, "RM_II": null, "HR": "SAC" }, "geometry": { "type": "Point", "coordinates": [ -122.150069444365656, 39.063838557992412 ] } },
{ "type": "Feature", "properties": { "fid": 425, "OBJECTID": 425.0, "CalSim_ID": "07S_NA", "Riv_Mi": null, "Riv_Name": null, "Comment": "Groundwater", "C2VSIM_GW": null, "C2VSIM_SW": null, "CalSim2_ID": null, "Type": "NP", "Sub_Type": "A", "Nrest_Gage": null, "Strm_Code": null, "RM_II": null, "HR": "SAC" }, "geometry": { "type": "Point", "coordinates": [ -122.316448782620114, 39.232803138638431 ] } },
{ "type": "Feature", "properties": { "fid": 426, "OBJECTID": 426.0, "CalSim_ID": "08S_SA1", "Riv_Mi": null, "Riv_Name": null, "Comment": null, "C2VSIM_GW": null, "C2VSIM_SW": null, "CalSim2_ID": null, "Type": "S", "Sub_Type": "A", "Nrest_Gage": null, "Strm_Code": null, "RM_II": null, "HR": "SAC" }, "geometry": { "type": "Point", "coordinates": [ -122.035921974466476, 39.232214900553849 ] } },
{ "type": "Feature", "properties": { "fid": 427, "OBJECTID": 427.0, "CalSim_ID": "08S_SA2", "Riv_Mi": null, "Riv_Name": null, "Comment": null, "C2VSIM_GW": null, "C2VSIM_SW": null, "CalSim2_ID": null, "Type": "S", "Sub_Type": "A", "Nrest_Gage": null, "Strm_Code": null, "RM_II": null, "HR": "SAC" }, "geometry": { "type": "Point", "coordinates": [ -122.177095401341418, 39.194511577787793 ] } },
{ "type": "Feature", "properties": { "fid": 428, "OBJECTID": 428.0, "CalSim_ID": "08S_PR", "Riv_Mi": null, "Riv_Name": null, "Comment": null, "C2VSIM_GW": null, "C2VSIM_SW": null, "CalSim2_ID": null, "Type": "PR", "Sub_Type": "R", "Nrest_Gage": null, "Strm_Code": null, "RM_II": null, "HR": "SAC" }, "geometry": { "type": "Point", "coordinates": [ -122.057664225453451, 39.163823596662482 ] } },
{ "type": "Feature", "properties": { "fid": 429, "OBJECTID": 429.0, "CalSim_ID": "08S_NU", "Riv_Mi": null, "Riv_Name": null, "Comment": "Cities of Colusa, Williams, Knights Landing and Small Communities.", "C2VSIM_GW": null, "C2VSIM_SW": null, "CalSim2_ID": null, "Type": "NP", "Sub_Type": "U", "Nrest_Gage": null, "Strm_Code": null, "RM_II": null, "HR": "SAC" }, "geometry": { "type": "Point", "coordinates": [ -122.151089607686131, 39.154123497749396 ] } },
{ "type": "Feature", "properties": { "fid": 430, "OBJECTID": 430.0, "CalSim_ID": "SBP028", "Riv_Mi": 27.52, "Riv_Name": "Sutter Bypass", "Comment": "C2VSIM Node at DWR Pump Station #3", "C2VSIM_GW": "278", "C2VSIM_SW": "335", "CalSim2_ID": null, "Type": "CH", "Sub_Type": "BYP", "Nrest_Gage": null, "Strm_Code": "SBP", "RM_II": 28, "HR": "SAC" }, "geometry": { "type": "Point", "coordinates": [ -121.782518909533394, 39.115011310255781 ] } },
{ "type": "Feature", "properties": { "fid": 431, "OBJECTID": 431.0, "CalSim_ID": "SBP031", "Riv_Mi": 31.0, "Riv_Name": "Sutter Bypass", "Comment": "C2VSIM Node near USGS Gage - 11390425", "C2VSIM_GW": "270", "C2VSIM_SW": "334", "CalSim2_ID": null, "Type": "CH", "Sub_Type": "BYP", "Nrest_Gage": "11390425", "Strm_Code": "SBP", "RM_II": 31, "HR": "SAC" }, "geometry": { "type": "Point", "coordinates": [ -121.834511834102329, 39.144870702662921 ] } },
{ "type": "Feature", "properties": { "fid": 432, "OBJECTID": 432.0, "CalSim_ID": "SBP024", "Riv_Mi": 23.52, "Riv_Name": "Sutter Bypass", "Comment": "C2VSIM Node", "C2VSIM_GW": "281", "C2VSIM_SW": "336", "CalSim2_ID": null, "Type": "CH", "Sub_Type": "BYP", "Nrest_Gage": null, "Strm_Code": "SBP", "RM_II": 24, "HR": "SAC" }, "geometry": { "type": "Point", "coordinates": [ -121.74926157170691, 39.064930388696645 ] } },
{ "type": "Feature", "properties": { "fid": 433, "OBJECTID": 433.0, "CalSim_ID": "SAC109", "Riv_Mi": 108.7, "Riv_Name": "Sacramento River", "Comment": "Diversion. Unknown Pump Station", "C2VSIM_GW": null, "C2VSIM_SW": null, "CalSim2_ID": null, "Type": "CH", "Sub_Type": "STM", "Nrest_Gage": null, "Strm_Code": "SAC", "RM_II": 109, "HR": "SAC" }, "geometry": { "type": "Point", "coordinates": [ -121.811345902684323, 38.908540995997342 ] } },
{ "type": "Feature", "properties": { "fid": 434, "OBJECTID": 434.0, "CalSim_ID": "SAC093", "Riv_Mi": 92.82, "Riv_Name": "Sacramento River", "Comment": "Colusa Basin Drain return at Knights Landing", "C2VSIM_GW": null, "C2VSIM_SW": null, "CalSim2_ID": null, "Type": "CH", "Sub_Type": "STM", "Nrest_Gage": null, "Strm_Code": "SAC", "RM_II": 93, "HR": "SAC" }, "geometry": { "type": "Point", "coordinates": [ -121.721516187290348, 38.802229479195987 ] } },
{ "type": "Feature", "properties": { "fid": 435, "OBJECTID": 435.0, "CalSim_ID": "SAC091", "Riv_Mi": 91.18, "Riv_Name": "Sacramento River", "Comment": "Portuguese Bend Pumping Plant", "C2VSIM_GW": null, "C2VSIM_SW": null, "CalSim2_ID": null, "Type": "CH", "Sub_Type": "STM", "Nrest_Gage": null, "Strm_Code": "SAC", "RM_II": 91, "HR": "SAC" }, "geometry": { "type": "Point", "coordinates": [ -121.696922043483781, 38.79790265686723 ] } },
{ "type": "Feature", "properties": { "fid": 436, "OBJECTID": 436.0, "CalSim_ID": "SBP021", "Riv_Mi": 20.76, "Riv_Name": "Sutter Bypass", "Comment": "SBP diversion to and return from DWRPS2.", "C2VSIM_GW": "293", "C2VSIM_SW": "337", "CalSim2_ID": "137", "Type": "CH", "Sub_Type": "BYP", "Nrest_Gage": null, "Strm_Code": "SBP", "RM_II": 21, "HR": "SAC" }, "geometry": { "type": "Point", "coordinates": [ -121.735065067324854, 39.026385819698014 ] } },
{ "type": "Feature", "properties": { "fid": 437, "OBJECTID": 437.0, "CalSim_ID": "SBP018", "Riv_Mi": 17.5, "Riv_Name": "Sutter Bypass", "Comment": null, "C2VSIM_GW": "305", "C2VSIM_SW": "338", "CalSim2_ID": null, "Type": "CH", "Sub_Type": "BYP", "Nrest_Gage": null, "Strm_Code": "SBP", "RM_II": 18, "HR": "SAC" }, "geometry": { "type": "Point", "coordinates": [ -121.711913453325906, 38.984580316575581 ] } },
{ "type": "Feature", "properties": { "fid": 438, "OBJECTID": 438.0, "CalSim_ID": "SBP014", "Riv_Mi": 13.53, "Riv_Name": "Sutter Bypass", "Comment": "C2VSIM Node", "C2VSIM_GW": "317", "C2VSIM_SW": "339", "CalSim2_ID": null, "Type": "CH", "Sub_Type": "BYP", "Nrest_Gage": null, "Strm_Code": "SBP", "RM_II": 14, "HR": "SAC" }, "geometry": { "type": "Point", "coordinates": [ -121.657845898098742, 38.945101192665419 ] } },
{ "type": "Feature", "properties": { "fid": 439, "OBJECTID": 439.0, "CalSim_ID": "SBP012", "Riv_Mi": 12.0, "Riv_Name": "Sutter Bypass", "Comment": "Sutter Bypass at DWR Pump Station #1", "C2VSIM_GW": null, "C2VSIM_SW": null, "CalSim2_ID": null, "Type": "CH", "Sub_Type": "BYP", "Nrest_Gage": null, "Strm_Code": "SBP", "RM_II": 12, "HR": "SAC" }, "geometry": { "type": "Point", "coordinates": [ -121.639682250074728, 38.928139095799544 ] } },
{ "type": "Feature", "properties": { "fid": 440, "OBJECTID": 440.0, "CalSim_ID": "YBP032", "Riv_Mi": 31.72, "Riv_Name": "Yolo Bypass", "Comment": "Yolo Bypass at Woodland.  Confluence with Cache Creek. Around 7mi downstream of Freemont Weir.  C2VSIM Node.", "C2VSIM_GW": "360", "C2VSIM_SW": "396", "CalSim2_ID": null, "Type": "CH", "Sub_Type": "SG", "Nrest_Gage": "11453000", "Strm_Code": "YBP", "RM_II": 32, "HR": "SAC" }, "geometry": { "type": "Point", "coordinates": [ -121.659733365282719, 38.677590972370758 ] } },
{ "type": "Feature", "properties": { "fid": 441, "OBJECTID": 441.0, "CalSim_ID": "YBP026", "Riv_Mi": 26.0, "Riv_Name": "Yolo Bypass", "Comment": "C2VSIM Node", "C2VSIM_GW": "401", "C2VSIM_SW": "397", "CalSim2_ID": null, "Type": "CH", "Sub_Type": "BYP", "Nrest_Gage": null, "Strm_Code": "YBP", "RM_II": 26, "HR": "SAC" }, "geometry": { "type": "Point", "coordinates": [ -121.613923677086007, 38.603067183194412 ] } },
{ "type": "Feature", "properties": { "fid": 442, "OBJECTID": 442.0, "CalSim_ID": "YBP023", "Riv_Mi": 23.37, "Riv_Name": "Yolo Bypass", "Comment": "This node is already 2mi downstream of Sacramento Weir which should not occur until YBP038?? C2VSIM Node", "C2VSIM_GW": "407", "C2VSIM_SW": "398", "CalSim2_ID": null, "Type": "CH", "Sub_Type": "BYP", "Nrest_Gage": null, "Strm_Code": "YBP", "RM_II": 23, "HR": "SAC" }, "geometry": { "type": "Point", "coordinates": [ -121.609289101019286, 38.565586686871328 ] } },
{ "type": "Feature", "properties": { "fid": 443, "OBJECTID": 443.0, "CalSim_ID": "YBP016", "Riv_Mi": 16.0, "Riv_Name": "Yolo Bypass", "Comment": "Lisbon Weir. C2VSIM Node", "C2VSIM_GW": "433", "C2VSIM_SW": "407", "CalSim2_ID": null, "Type": "CH", "Sub_Type": "BYP", "Nrest_Gage": null, "Strm_Code": "YBP", "RM_II": 16, "HR": "SAC" }, "geometry": { "type": "Point", "coordinates": [ -121.637965156329486, 38.463195455714882 ] } },
{ "type": "Feature", "properties": { "fid": 444, "OBJECTID": 444.0, "CalSim_ID": "YBP020", "Riv_Mi": 19.93, "Riv_Name": "Yolo Bypass", "Comment": "Confluence with Putah Creek. Schematic shows this connecting to Sacremento Weir which enters bypass at ~mi30?? C2VSIM/CalSim2 Node", "C2VSIM_GW": "414", "C2VSIM_SW": "399", "CalSim2_ID": "171", "Type": "CH", "Sub_Type": "BYP", "Nrest_Gage": null, "Strm_Code": "YBP", "RM_II": 20, "HR": "SAC" }, "geometry": { "type": "Point", "coordinates": [ -121.610716919136792, 38.51571067998065 ] } },
{ "type": "Feature", "properties": { "fid": 445, "OBJECTID": 445.0, "CalSim_ID": "YBP014", "Riv_Mi": 14.0, "Riv_Name": "Yolo Bypass", "Comment": "C2VSIM Node near USGS Gage - 11455125", "C2VSIM_GW": "432", "C2VSIM_SW": "408", "CalSim2_ID": null, "Type": "CH", "Sub_Type": "BYP", "Nrest_Gage": "11455125", "Strm_Code": "YBP", "RM_II": 14, "HR": "SAC" }, "geometry": { "type": "Point", "coordinates": [ -121.64942983926349, 38.43564008372671 ] } },
{ "type": "Feature", "properties": { "fid": 446, "OBJECTID": 446.0, "CalSim_ID": "YBP011", "Riv_Mi": 16.0, "Riv_Name": "Yolo Bypass", "Comment": "C2VSIM Node near USGS Gage - 11455135", "C2VSIM_GW": "448", "C2VSIM_SW": "409", "CalSim2_ID": null, "Type": "CH", "Sub_Type": "BYP", "Nrest_Gage": "11455135", "Strm_Code": "YBP", "RM_II": 11, "HR": "SAC" }, "geometry": { "type": "Point", "coordinates": [ -121.662881505386807, 38.393469829357088 ] } },
{ "type": "Feature", "properties": { "fid": 447, "OBJECTID": 447.0, "CalSim_ID": "YBP007", "Riv_Mi": 11.0, "Riv_Name": "Yolo Bypass", "Comment": "C2VSIM Node near USGS Gage - 11455145", "C2VSIM_GW": "460", "C2VSIM_SW": "410", "CalSim2_ID": null, "Type": "CH", "Sub_Type": "BYP", "Nrest_Gage": "11455145", "Strm_Code": "YBP", "RM_II": 7, "HR": "SAC" }, "geometry": { "type": "Point", "coordinates": [ -121.673068445863649, 38.336038386885214 ] } },
{ "type": "Feature", "properties": { "fid": 448, "OBJECTID": 448.0, "CalSim_ID": "CSL005", "Riv_Mi": 4.63, "Riv_Name": "Yolo Bypass", "Comment": "Confluence with Barker Slough via Lindsey Slough. C2VSIM/CalSIM2 Node ~ 2.5mi upstream of USGS Gage - 11455350. Renamed from YBP021 per Andy D's request.", "C2VSIM_GW": null, "C2VSIM_SW": null, "CalSim2_ID": null, "Type": "CH", "Sub_Type": "BYP", "Nrest_Gage": null, "Strm_Code": "CSL", "RM_II": 5, "HR": "SAC" }, "geometry": { "type": "Point", "coordinates": [ -121.678605266432157, 38.234711746055069 ] } },
{ "type": "Feature", "properties": { "fid": 449, "OBJECTID": 449.0, "CalSim_ID": "BKR002", "Riv_Mi": 1.69, "Riv_Name": "Barker Slough", "Comment": "Barker Slough Pumping Station.  What type of node is this?? CalSim2 Node.", "C2VSIM_GW": null, "C2VSIM_SW": null, "CalSim2_ID": "403", "Type": "CH", "Sub_Type": "STM", "Nrest_Gage": null, "Strm_Code": "BKR", "RM_II": 2, "HR": "SAC" }, "geometry": { "type": "Point", "coordinates": [ -121.796993947859647, 38.276204360432509 ] } },
{ "type": "Feature", "properties": { "fid": 450, "OBJECTID": 450.0, "CalSim_ID": "WTPCYC", "Riv_Mi": null, "Riv_Name": null, "Comment": "Yuba City Water Treatment Plant", "C2VSIM_GW": null, "C2VSIM_SW": null, "CalSim2_ID": null, "Type": "WWTP", "Sub_Type": "NA", "Nrest_Gage": null, "Strm_Code": null, "RM_II": null, "HR": "SAC" }, "geometry": { "type": "Point", "coordinates": [ -121.624621906171555, 39.160369428901653 ] } },
{ "type": "Feature", "properties": { "fid": 451, "OBJECTID": 451.0, "CalSim_ID": "16_PU", "Riv_Mi": null, "Riv_Name": null, "Comment": null, "C2VSIM_GW": null, "C2VSIM_SW": null, "CalSim2_ID": null, "Type": "PR", "Sub_Type": "U", "Nrest_Gage": null, "Strm_Code": null, "RM_II": null, "HR": "SAC" }, "geometry": { "type": "Point", "coordinates": [ -121.639416379750003, 39.137622338386883 ] } },
{ "type": "Feature", "properties": { "fid": 452, "OBJECTID": 452.0, "CalSim_ID": "16_NU", "Riv_Mi": null, "Riv_Name": null, "Comment": null, "C2VSIM_GW": null, "C2VSIM_SW": null, "CalSim2_ID": null, "Type": "NP", "Sub_Type": "U", "Nrest_Gage": null, "Strm_Code": null, "RM_II": null, "HR": "SAC" }, "geometry": { "type": "Point", "coordinates": [ -121.665860345762383, 39.148863620186226 ] } },
{ "type": "Feature", "properties": { "fid": 453, "OBJECTID": 453.0, "CalSim_ID": "YCWWTP", "Riv_Mi": null, "Riv_Name": null, "Comment": "Yuba City Wastewater Treatment Plant", "C2VSIM_GW": null, "C2VSIM_SW": null, "CalSim2_ID": null, "Type": "WWTP", "Sub_Type": "NA", "Nrest_Gage": null, "Strm_Code": null, "RM_II": null, "HR": "SAC" }, "geometry": { "type": "Point", "coordinates": [ -121.612267970863229, 39.107183439365166 ] } },
{ "type": "Feature", "properties": { "fid": 454, "OBJECTID": 454.0, "CalSim_ID": "16_PA", "Riv_Mi": null, "Riv_Name": null, "Comment": null, "C2VSIM_GW": null, "C2VSIM_SW": null, "CalSim2_ID": null, "Type": "PR", "Sub_Type": "A", "Nrest_Gage": null, "Strm_Code": null, "RM_II": null, "HR": "SAC" }, "geometry": { "type": "Point", "coordinates": [ -121.640659642489368, 39.02756198690183 ] } },
{ "type": "Feature", "properties": { "fid": 455, "OBJECTID": 455.0, "CalSim_ID": "16_SA", "Riv_Mi": null, "Riv_Name": null, "Comment": null, "C2VSIM_GW": null, "C2VSIM_SW": null, "CalSim2_ID": null, "Type": "PR", "Sub_Type": "A", "Nrest_Gage": null, "Strm_Code": null, "RM_II": null, "HR": "SAC" }, "geometry": { "type": "Point", "coordinates": [ -121.604250807130555, 38.955504538746638 ] } },
{ "type": "Feature", "properties": { "fid": 456, "OBJECTID": 456.0, "CalSim_ID": "16_NA2", "Riv_Mi": null, "Riv_Name": null, "Comment": null, "C2VSIM_GW": null, "C2VSIM_SW": null, "CalSim2_ID": null, "Type": "NP", "Sub_Type": "A", "Nrest_Gage": null, "Strm_Code": null, "RM_II": null, "HR": "SAC" }, "geometry": { "type": "Point", "coordinates": [ -121.634501445517543, 38.943617223112483 ] } },
{ "type": "Feature", "properties": { "fid": 457, "OBJECTID": 457.0, "CalSim_ID": "MCD028", "Riv_Mi": 28.08, "Riv_Name": "Merced River", "Comment": "C2VSIM node. Merced River at Cressey", "C2VSIM_GW": "697", "C2VSIM_SW": "120", "CalSim2_ID": null, "Type": "CH", "Sub_Type": "SG", "Nrest_Gage": "DWR (CRS)", "Strm_Code": "MCD", "RM_II": 28, "HR": "SJR" }, "geometry": { "type": "Point", "coordinates": [ -120.663943087540105, 37.424340168564427 ] } },
{ "type": "Feature", "properties": { "fid": 458, "OBJECTID": 458.0, "CalSim_ID": "MCD036", "Riv_Mi": 36.0, "Riv_Name": "Merced River", "Comment": "C2VSIM node.", "C2VSIM_GW": "698", "C2VSIM_SW": "119", "CalSim2_ID": null, "Type": "CH", "Sub_Type": "STM", "Nrest_Gage": null, "Strm_Code": "MCD", "RM_II": 36, "HR": "SJR" }, "geometry": { "type": "Point", "coordinates": [ -120.577133861698684, 37.466092415909394 ] } },
{ "type": "Feature", "properties": { "fid": 459, "OBJECTID": 459.0, "CalSim_ID": "MCD042", "Riv_Mi": 42.0, "Riv_Name": "Merced River", "Comment": "C2VSIM node.", "C2VSIM_GW": "699", "C2VSIM_SW": "118", "CalSim2_ID": null, "Type": "CH", "Sub_Type": "STM", "Nrest_Gage": null, "Strm_Code": "MCD", "RM_II": 42, "HR": "SJR" }, "geometry": { "type": "Point", "coordinates": [ -120.500697820339624, 37.47063119186339 ] } },
{ "type": "Feature", "properties": { "fid": 460, "OBJECTID": 460.0, "CalSim_ID": "MCD048", "Riv_Mi": 48.0, "Riv_Name": "Merced River", "Comment": "C2VSIM node.", "C2VSIM_GW": "700", "C2VSIM_SW": "117", "CalSim2_ID": null, "Type": "CH", "Sub_Type": "STM", "Nrest_Gage": "11271250", "Strm_Code": "MCD", "RM_II": 48, "HR": "SJR" }, "geometry": { "type": "Point", "coordinates": [ -120.434085489275091, 37.520222040354653 ] } },
{ "type": "Feature", "properties": { "fid": 461, "OBJECTID": 461.0, "CalSim_ID": "MCD052", "Riv_Mi": 52.17, "Riv_Name": "Merced River", "Comment": "C2VSIM node. Crocker-Huffman Diversion Dam to Main Canal near Merced Falls.", "C2VSIM_GW": "701", "C2VSIM_SW": "116", "CalSim2_ID": null, "Type": "CH", "Sub_Type": "STM", "Nrest_Gage": null, "Strm_Code": "MCD", "RM_II": 52, "HR": "SJR" }, "geometry": { "type": "Point", "coordinates": [ -120.367554866524557, 37.511125736120917 ] } },
{ "type": "Feature", "properties": { "fid": 462, "OBJECTID": 462.0, "CalSim_ID": "MCLRE", "Riv_Mi": 62.32, "Riv_Name": "Merced River", "Comment": "Lake McClure/Exchequer Dam.", "C2VSIM_GW": null, "C2VSIM_SW": null, "CalSim2_ID": null, "Type": "STR", "Sub_Type": "SIM", "Nrest_Gage": "1127000", "Strm_Code": null, "RM_II": null, "HR": "SJR" }, "geometry": { "type": "Point", "coordinates": [ -120.270560163637725, 37.585276407005999 ] } },
{ "type": "Feature", "properties": { "fid": 463, "OBJECTID": 463.0, "CalSim_ID": "EBP050", "Riv_Mi": 50.0, "Riv_Name": "Eastside Bypass", "Comment": "Bear Creek below East Side Canal near Crane Ranch - DWR B0-5516 (Mislocated!  Should be at ~BCK004 : -120.72,37.25388889)", "C2VSIM_GW": null, "C2VSIM_SW": null, "CalSim2_ID": null, "Type": "CH", "Sub_Type": "SG", "Nrest_Gage": "DWR  B0-5516", "Strm_Code": "EBP", "RM_II": 50, "HR": "SJR" }, "geometry": { "type": "Point", "coordinates": [ -120.804034141150794, 37.260513187782038 ] } },
{ "type": "Feature", "properties": { "fid": 464, "OBJECTID": 464.0, "CalSim_ID": "EBP048", "Riv_Mi": 48.12, "Riv_Name": "Eastside Bypass", "Comment": "Confluence with Bear Creek. C2VSIM node.", "C2VSIM_GW": "729", "C2VSIM_SW": "111", "CalSim2_ID": null, "Type": "CH", "Sub_Type": "BYP", "Nrest_Gage": null, "Strm_Code": "EBP", "RM_II": 48, "HR": "SJR" }, "geometry": { "type": "Point", "coordinates": [ -120.776415609952338, 37.252938470577625 ] } },
{ "type": "Feature", "properties": { "fid": 465, "OBJECTID": 465.0, "CalSim_ID": "EBP043", "Riv_Mi": 43.0, "Riv_Name": "Eastside Bypass", "Comment": "Inflow from Owens Creek.  Owens Creek does NOT appear to connect directly to the Bypass anymore!", "C2VSIM_GW": null, "C2VSIM_SW": null, "CalSim2_ID": null, "Type": "CH", "Sub_Type": "BYP", "Nrest_Gage": null, "Strm_Code": "EBP", "RM_II": 43, "HR": "SJR" }, "geometry": { "type": "Point", "coordinates": [ -120.713988221106931, 37.219680681782741 ] } },
{ "type": "Feature", "properties": { "fid": 466, "OBJECTID": 466.0, "CalSim_ID": "EBP042", "Riv_Mi": 41.81, "Riv_Name": "Eastside Bypass", "Comment": "Inflow from Deadmans Creek.", "C2VSIM_GW": null, "C2VSIM_SW": null, "CalSim2_ID": null, "Type": "CH", "Sub_Type": "BYP", "Nrest_Gage": null, "Strm_Code": "EBP", "RM_II": 42, "HR": "SJR" }, "geometry": { "type": "Point", "coordinates": [ -120.699189171448126, 37.206334998119615 ] } },
{ "type": "Feature", "properties": { "fid": 467, "OBJECTID": 467.0, "CalSim_ID": "EBP041", "Riv_Mi": 41.26, "Riv_Name": "Eastside Bypass", "Comment": "Confluence with Mariposa Bypass.", "C2VSIM_GW": null, "C2VSIM_SW": null, "CalSim2_ID": null, "Type": "CH", "Sub_Type": "BYP", "Nrest_Gage": null, "Strm_Code": "EBP", "RM_II": 41, "HR": "SJR" }, "geometry": { "type": "Point", "coordinates": [ -120.691155248242666, 37.201715061637685 ] } },
{ "type": "Feature", "properties": { "fid": 468, "OBJECTID": 468.0, "CalSim_ID": "EBP033", "Riv_Mi": 32.94, "Riv_Name": "Eastside Bypass", "Comment": "DWR Gage.", "C2VSIM_GW": null, "C2VSIM_SW": null, "CalSim2_ID": null, "Type": "CH", "Sub_Type": "SG", "Nrest_Gage": "DWR (ELN)", "Strm_Code": "EBP", "RM_II": 33, "HR": "SJR" }, "geometry": { "type": "Point", "coordinates": [ -120.588109381507593, 37.127993455383418 ] } },
{ "type": "Feature", "properties": { "fid": 469, "OBJECTID": 469.0, "CalSim_ID": "EBP032", "Riv_Mi": 32.28, "Riv_Name": "Eastside Bypass", "Comment": "Confluence with Sand Slough Bypass", "C2VSIM_GW": null, "C2VSIM_SW": null, "CalSim2_ID": null, "Type": "CH", "Sub_Type": "BYP", "Nrest_Gage": null, "Strm_Code": "EBP", "RM_II": 32, "HR": "SJR" }, "geometry": { "type": "Point", "coordinates": [ -120.584550359094195, 37.118777748084277 ] } },
{ "type": "Feature", "properties": { "fid": 470, "OBJECTID": 470.0, "CalSim_ID": "EBP030", "Riv_Mi": 30.14, "Riv_Name": "Eastside Bypass", "Comment": "C2VSIM node. Confluence with Chowchilla River.", "C2VSIM_GW": "785", "C2VSIM_SW": "87", "CalSim2_ID": null, "Type": "CH", "Sub_Type": "BYP", "Nrest_Gage": null, "Strm_Code": "EBP", "RM_II": 30, "HR": "SJR" }, "geometry": { "type": "Point", "coordinates": [ -120.553020568812272, 37.104754254009521 ] } },
{ "type": "Feature", "properties": { "fid": 471, "OBJECTID": 471.0, "CalSim_ID": "EBP022", "Riv_Mi": 21.73, "Riv_Name": "Eastside Bypass", "Comment": "Confluence with Ash Slough", "C2VSIM_GW": null, "C2VSIM_SW": null, "CalSim2_ID": null, "Type": "CH", "Sub_Type": "BYP", "Nrest_Gage": null, "Strm_Code": "EBP", "RM_II": 22, "HR": "SJR" }, "geometry": { "type": "Point", "coordinates": [ -120.443923466757909, 37.031492012228689 ] } },
{ "type": "Feature", "properties": { "fid": 472, "OBJECTID": 472.0, "CalSim_ID": "EBP019", "Riv_Mi": 18.67, "Riv_Name": "Eastside Bypass", "Comment": "Confluence with Berenda Slough", "C2VSIM_GW": null, "C2VSIM_SW": null, "CalSim2_ID": null, "Type": "CH", "Sub_Type": "BYP", "Nrest_Gage": null, "Strm_Code": "EBP", "RM_II": 19, "HR": "SJR" }, "geometry": { "type": "Point", "coordinates": [ -120.411511804974793, 36.995948742893155 ] } },
{ "type": "Feature", "properties": { "fid": 473, "OBJECTID": 473.0, "CalSim_ID": "EBP016", "Riv_Mi": 16.42, "Riv_Name": "Eastside Bypass", "Comment": "C2VSIM node. Confluence with Fresno River", "C2VSIM_GW": "819", "C2VSIM_SW": "76", "CalSim2_ID": null, "Type": "CH", "Sub_Type": "BYP", "Nrest_Gage": null, "Strm_Code": "EBP", "RM_II": 16, "HR": "SJR" }, "geometry": { "type": "Point", "coordinates": [ -120.381971382665867, 36.975589213353658 ] } },
{ "type": "Feature", "properties": { "fid": 474, "OBJECTID": 474.0, "CalSim_ID": "EBP001", "Riv_Mi": 0.08, "Riv_Name": "Eastside Bypass", "Comment": "Chowchilla Bypass at head below control structure. DWRB07802", "C2VSIM_GW": null, "C2VSIM_SW": null, "CalSim2_ID": null, "Type": "CH", "Sub_Type": "SG", "Nrest_Gage": "DWR  B0-7802", "Strm_Code": "EBP", "RM_II": 1, "HR": "SJR" }, "geometry": { "type": "Point", "coordinates": [ -120.28472465017154, 36.774394917003086 ] } },
{ "type": "Feature", "properties": { "fid": 475, "OBJECTID": 475.0, "CalSim_ID": "FRS020", "Riv_Mi": 20.0, "Riv_Name": "Fresno River", "Comment": "C2VSIM node.", "C2VSIM_GW": "821", "C2VSIM_SW": "74", "CalSim2_ID": null, "Type": "CH", "Sub_Type": "STM", "Nrest_Gage": null, "Strm_Code": "FRS", "RM_II": 20, "HR": "SJR" }, "geometry": { "type": "Point", "coordinates": [ -120.292977809614285, 36.967823367891647 ] } },
{ "type": "Feature", "properties": { "fid": 476, "OBJECTID": 476.0, "CalSim_ID": "FRS016", "Riv_Mi": 16.0, "Riv_Name": "Fresno River", "Comment": "C2VSIM node.", "C2VSIM_GW": "820", "C2VSIM_SW": "75", "CalSim2_ID": null, "Type": "CH", "Sub_Type": "STM", "Nrest_Gage": "11258250", "Strm_Code": "FRS", "RM_II": 16, "HR": "SJR" }, "geometry": { "type": "Point", "coordinates": [ -120.360479623856975, 36.975515097843264 ] } },
{ "type": "Feature", "properties": { "fid": 477, "OBJECTID": 477.0, "CalSim_ID": "FRS032", "Riv_Mi": 32.0, "Riv_Name": "Fresno River", "Comment": "C2VSIM node.", "C2VSIM_GW": "823", "C2VSIM_SW": "72", "CalSim2_ID": null, "Type": "CH", "Sub_Type": "STM", "Nrest_Gage": null, "Strm_Code": "FRS", "RM_II": 32, "HR": "SJR" }, "geometry": { "type": "Point", "coordinates": [ -120.089890572050706, 36.968351044331655 ] } },
{ "type": "Feature", "properties": { "fid": 478, "OBJECTID": 478.0, "CalSim_ID": "FRS036", "Riv_Mi": 36.03, "Riv_Name": "Fresno River", "Comment": "C2VSIM node. John Franchi Diversion Dam. Main Canal Diversion to Madera ID", "C2VSIM_GW": "824", "C2VSIM_SW": "74", "CalSim2_ID": null, "Type": "CH", "Sub_Type": "STM", "Nrest_Gage": null, "Strm_Code": "FRS", "RM_II": 36, "HR": "SJR" }, "geometry": { "type": "Point", "coordinates": [ -120.025814890094722, 36.984804759206234 ] } },
{ "type": "Feature", "properties": { "fid": 479, "OBJECTID": 479.0, "CalSim_ID": "CHW006", "Riv_Mi": 6.0, "Riv_Name": "Chowchilla River", "Comment": "C2VSIM node.", "C2VSIM_GW": "786", "C2VSIM_SW": "86", "CalSim2_ID": null, "Type": "CH", "Sub_Type": "STM", "Nrest_Gage": null, "Strm_Code": "CHW", "RM_II": 6, "HR": "SJR" }, "geometry": { "type": "Point", "coordinates": [ -120.452177419941606, 37.10002100211053 ] } },
{ "type": "Feature", "properties": { "fid": 480, "OBJECTID": 480.0, "CalSim_ID": "CHW011", "Riv_Mi": 11.0, "Riv_Name": "Chowchilla River", "Comment": "C2VSIM node.", "C2VSIM_GW": "787", "C2VSIM_SW": "85", "CalSim2_ID": null, "Type": "CH", "Sub_Type": "STM", "Nrest_Gage": null, "Strm_Code": "CHW", "RM_II": 11, "HR": "SJR" }, "geometry": { "type": "Point", "coordinates": [ -120.380382472951453, 37.124276772752282 ] } },
{ "type": "Feature", "properties": { "fid": 481, "OBJECTID": 481.0, "CalSim_ID": "CHW017", "Riv_Mi": 16.76, "Riv_Name": "Chowchilla River", "Comment": "C2VSIM node.", "C2VSIM_GW": "788", "C2VSIM_SW": "84", "CalSim2_ID": null, "Type": "CH", "Sub_Type": "STM", "Nrest_Gage": null, "Strm_Code": "CHW", "RM_II": 17, "HR": "SJR" }, "geometry": { "type": "Point", "coordinates": [ -120.298251328506311, 37.147530709574873 ] } },
{ "type": "Feature", "properties": { "fid": 482, "OBJECTID": 482.0, "CalSim_ID": "CHW021", "Riv_Mi": 21.0, "Riv_Name": "Chowchilla River", "Comment": "C2VSIM node.", "C2VSIM_GW": "789", "C2VSIM_SW": "83", "CalSim2_ID": null, "Type": "CH", "Sub_Type": "STM", "Nrest_Gage": null, "Strm_Code": "CHW", "RM_II": 21, "HR": "SJR" }, "geometry": { "type": "Point", "coordinates": [ -120.228418481870605, 37.161501466670899 ] } },
{ "type": "Feature", "properties": { "fid": 483, "OBJECTID": 483.0, "CalSim_ID": "CHW024", "Riv_Mi": 24.0, "Riv_Name": "Chowchilla River", "Comment": "C2VSIM node.", "C2VSIM_GW": "790", "C2VSIM_SW": "82", "CalSim2_ID": null, "Type": "CH", "Sub_Type": "STM", "Nrest_Gage": null, "Strm_Code": "CHW", "RM_II": 24, "HR": "SJR" }, "geometry": { "type": "Point", "coordinates": [ -120.178715510099536, 37.161083981499928 ] } },
{ "type": "Feature", "properties": { "fid": 484, "OBJECTID": 484.0, "CalSim_ID": "CHW028", "Riv_Mi": 27.3, "Riv_Name": "Chowchilla River", "Comment": "C2VSIM node. Confluence with Madera Canal.", "C2VSIM_GW": "791", "C2VSIM_SW": "81", "CalSim2_ID": null, "Type": "CH", "Sub_Type": "STM", "Nrest_Gage": null, "Strm_Code": "CHW", "RM_II": 28, "HR": "SJR" }, "geometry": { "type": "Point", "coordinates": [ -120.123297965887303, 37.158749939696207 ] } },
{ "type": "Feature", "properties": { "fid": 485, "OBJECTID": 485.0, "CalSim_ID": "CHW031", "Riv_Mi": 31.0, "Riv_Name": "Chowchilla River", "Comment": "C2VSIM node.", "C2VSIM_GW": "792", "C2VSIM_SW": "80", "CalSim2_ID": null, "Type": "CH", "Sub_Type": "STM", "Nrest_Gage": null, "Strm_Code": "CHW", "RM_II": 31, "HR": "SJR" }, "geometry": { "type": "Point", "coordinates": [ -120.063825141654831, 37.177335738987757 ] } },
{ "type": "Feature", "properties": { "fid": 486, "OBJECTID": 486.0, "CalSim_ID": "ESTMN", "Riv_Mi": 37.06, "Riv_Name": "Chowchilla River", "Comment": "H.V. Eastman Lake/Buchanan Dam.", "C2VSIM_GW": null, "C2VSIM_SW": null, "CalSim2_ID": null, "Type": "STR", "Sub_Type": "SIM", "Nrest_Gage": null, "Strm_Code": null, "RM_II": null, "HR": "SJR" }, "geometry": { "type": "Point", "coordinates": [ -119.98446822550504, 37.216696651819554 ] } },
{ "type": "Feature", "properties": { "fid": 487, "OBJECTID": 487.0, "CalSim_ID": "DED010", "Riv_Mi": 10.0, "Riv_Name": "Deadman Creek", "Comment": "C2VSIM node.", "C2VSIM_GW": "751", "C2VSIM_SW": "99", "CalSim2_ID": null, "Type": "CH", "Sub_Type": "STM", "Nrest_Gage": null, "Strm_Code": "DED", "RM_II": 10, "HR": "SJR" }, "geometry": { "type": "Point", "coordinates": [ -120.587729272198288, 37.193954898772816 ] } },
{ "type": "Feature", "properties": { "fid": 488, "OBJECTID": 488.0, "CalSim_ID": "DED019", "Riv_Mi": 19.0, "Riv_Name": "Deadman Creek", "Comment": "C2VSIM node.", "C2VSIM_GW": "752", "C2VSIM_SW": "98", "CalSim2_ID": null, "Type": "CH", "Sub_Type": "STM", "Nrest_Gage": null, "Strm_Code": "DED", "RM_II": 19, "HR": "SJR" }, "geometry": { "type": "Point", "coordinates": [ -120.456954052774364, 37.192890611248934 ] } },
{ "type": "Feature", "properties": { "fid": 489, "OBJECTID": 489.0, "CalSim_ID": "DED025", "Riv_Mi": 25.0, "Riv_Name": "Deadman Creek", "Comment": "C2VSIM node.", "C2VSIM_GW": "753", "C2VSIM_SW": "97", "CalSim2_ID": null, "Type": "CH", "Sub_Type": "STM", "Nrest_Gage": null, "Strm_Code": "DED", "RM_II": 25, "HR": "SJR" }, "geometry": { "type": "Point", "coordinates": [ -120.372507269451944, 37.200184054474619 ] } },
{ "type": "Feature", "properties": { "fid": 490, "OBJECTID": 490.0, "CalSim_ID": "DED032", "Riv_Mi": 32.0, "Riv_Name": "Deadman Creek", "Comment": "C2VSIM node.", "C2VSIM_GW": "754", "C2VSIM_SW": "96", "CalSim2_ID": null, "Type": "CH", "Sub_Type": "STM", "Nrest_Gage": null, "Strm_Code": "DED", "RM_II": 32, "HR": "SJR" }, "geometry": { "type": "Point", "coordinates": [ -120.271534124199761, 37.204112124826516 ] } },
{ "type": "Feature", "properties": { "fid": 491, "OBJECTID": 491.0, "CalSim_ID": "DED035", "Riv_Mi": 35.0, "Riv_Name": "Deadman Creek", "Comment": "C2VSIM node.", "C2VSIM_GW": "755", "C2VSIM_SW": "95", "CalSim2_ID": null, "Type": "CH", "Sub_Type": "STM", "Nrest_Gage": null, "Strm_Code": "DED", "RM_II": 35, "HR": "SJR" }, "geometry": { "type": "Point", "coordinates": [ -120.223640081874947, 37.209051057378019 ] } },
{ "type": "Feature", "properties": { "fid": 492, "OBJECTID": 492.0, "CalSim_ID": "DED038", "Riv_Mi": 38.0, "Riv_Name": "Deadman Creek", "Comment": "C2VSIM node.", "C2VSIM_GW": "756", "C2VSIM_SW": "94", "CalSim2_ID": null, "Type": "CH", "Sub_Type": "STM", "Nrest_Gage": null, "Strm_Code": "DED", "RM_II": 38, "HR": "SJR" }, "geometry": { "type": "Point", "coordinates": [ -120.189744644386451, 37.223608089840859 ] } },
{ "type": "Feature", "properties": { "fid": 493, "OBJECTID": 493.0, "CalSim_ID": "DED044", "Riv_Mi": 44.0, "Riv_Name": "Deadman Creek", "Comment": "C2VSIM node.", "C2VSIM_GW": "757", "C2VSIM_SW": "93", "CalSim2_ID": null, "Type": "CH", "Sub_Type": "STM", "Nrest_Gage": null, "Strm_Code": "DED", "RM_II": 44, "HR": "SJR" }, "geometry": { "type": "Point", "coordinates": [ -120.130502471813941, 37.2374463459061 ] } },
{ "type": "Feature", "properties": { "fid": 494, "OBJECTID": 494.0, "CalSim_ID": "BCK006", "Riv_Mi": 6.0, "Riv_Name": "Bear Creek", "Comment": null, "C2VSIM_GW": null, "C2VSIM_SW": null, "CalSim2_ID": null, "Type": "CH", "Sub_Type": "STM", "Nrest_Gage": null, "Strm_Code": "BCK", "RM_II": 6, "HR": "SJR" }, "geometry": { "type": "Point", "coordinates": [ -120.695416059042273, 37.256820922966405 ] } },
{ "type": "Feature", "properties": { "fid": 495, "OBJECTID": 495.0, "CalSim_ID": "BCK010", "Riv_Mi": 10.0, "Riv_Name": "Bear Creek", "Comment": "C2VSIM node.", "C2VSIM_GW": "736", "C2VSIM_SW": "110", "CalSim2_ID": null, "Type": "CH", "Sub_Type": "STM", "Nrest_Gage": null, "Strm_Code": "BCK", "RM_II": 10, "HR": "SJR" }, "geometry": { "type": "Point", "coordinates": [ -120.643496596463123, 37.259010814418119 ] } },
{ "type": "Feature", "properties": { "fid": 496, "OBJECTID": 496.0, "CalSim_ID": "BCK017", "Riv_Mi": 17.0, "Riv_Name": "Bear Creek", "Comment": "C2VSIM node.", "C2VSIM_GW": "737", "C2VSIM_SW": "109", "CalSim2_ID": null, "Type": "CH", "Sub_Type": "STM", "Nrest_Gage": null, "Strm_Code": "BCK", "RM_II": 17, "HR": "SJR" }, "geometry": { "type": "Point", "coordinates": [ -120.55495001156828, 37.299835599152502 ] } },
{ "type": "Feature", "properties": { "fid": 497, "OBJECTID": 497.0, "CalSim_ID": "BCK024", "Riv_Mi": 24.0, "Riv_Name": "Bear Creek", "Comment": "C2VSIM node.", "C2VSIM_GW": "738", "C2VSIM_SW": "108", "CalSim2_ID": null, "Type": "CH", "Sub_Type": "STM", "Nrest_Gage": "11260290", "Strm_Code": "BCK", "RM_II": 24, "HR": "SJR" }, "geometry": { "type": "Point", "coordinates": [ -120.453157792458427, 37.309669808432211 ] } },
{ "type": "Feature", "properties": { "fid": 498, "OBJECTID": 498.0, "CalSim_ID": "BCK031", "Riv_Mi": 31.0, "Riv_Name": "Bear Creek", "Comment": "C2VSIM node.", "C2VSIM_GW": "739", "C2VSIM_SW": "107", "CalSim2_ID": null, "Type": "CH", "Sub_Type": "STM", "Nrest_Gage": null, "Strm_Code": "BCK", "RM_II": 31, "HR": "SJR" }, "geometry": { "type": "Point", "coordinates": [ -120.350201917591349, 37.313833839775619 ] } },
{ "type": "Feature", "properties": { "fid": 499, "OBJECTID": 499.0, "CalSim_ID": "BCK035", "Riv_Mi": 35.0, "Riv_Name": "Bear Creek", "Comment": "C2VSIM node.", "C2VSIM_GW": "740", "C2VSIM_SW": "106", "CalSim2_ID": null, "Type": "CH", "Sub_Type": "STM", "Nrest_Gage": null, "Strm_Code": "BCK", "RM_II": 35, "HR": "SJR" }, "geometry": { "type": "Point", "coordinates": [ -120.296170321115483, 37.338593823672277 ] } },
{ "type": "Feature", "properties": { "fid": 500, "OBJECTID": 500.0, "CalSim_ID": "BCK040", "Riv_Mi": 40.16, "Riv_Name": "Bear Creek", "Comment": "C2VSIM node. USACOE Gage - BAR", "C2VSIM_GW": "741", "C2VSIM_SW": "105", "CalSim2_ID": null, "Type": "CH", "Sub_Type": "SG", "Nrest_Gage": "USACE (BAR)", "Strm_Code": "BCK", "RM_II": 40, "HR": "SJR" }, "geometry": { "type": "Point", "coordinates": [ -120.228366770224582, 37.36990331365503 ] } },
{ "type": "Feature", "properties": { "fid": 501, "OBJECTID": 501.0, "CalSim_ID": "SLD027", "Riv_Mi": 27.0, "Riv_Name": "San Luis Drain", "Comment": "Grasslands Bypass Project", "C2VSIM_GW": null, "C2VSIM_SW": null, "CalSim2_ID": null, "Type": "CH", "Sub_Type": "CNL", "Nrest_Gage": "11262890", "Strm_Code": "SLD", "RM_II": 27, "HR": "SJR" }, "geometry": { "type": "Point", "coordinates": [ -120.662390410601631, 36.953209089522652 ] } },
{ "type": "Feature", "properties": { "fid": 502, "OBJECTID": 502.0, "CalSim_ID": "62_NA4", "Riv_Mi": null, "Riv_Name": null, "Comment": null, "C2VSIM_GW": null, "C2VSIM_SW": null, "CalSim2_ID": null, "Type": "NP", "Sub_Type": "A", "Nrest_Gage": null, "Strm_Code": null, "RM_II": null, "HR": "SJR" }, "geometry": { "type": "Point", "coordinates": [ -121.106793169151658, 37.57444953804459 ] } },
{ "type": "Feature", "properties": { "fid": 503, "OBJECTID": 503.0, "CalSim_ID": "RFS62", "Riv_Mi": null, "Riv_Name": null, "Comment": null, "C2VSIM_GW": null, "C2VSIM_SW": null, "CalSim2_ID": null, "Type": "RFS", "Sub_Type": "NA", "Nrest_Gage": null, "Strm_Code": null, "RM_II": null, "HR": "SJR" }, "geometry": { "type": "Point", "coordinates": [ -120.838330293992101, 37.545605590976272 ] } },
{ "type": "Feature", "properties": { "fid": 504, "OBJECTID": 504.0, "CalSim_ID": "62_NA6", "Riv_Mi": null, "Riv_Name": null, "Comment": null, "C2VSIM_GW": null, "C2VSIM_SW": null, "CalSim2_ID": null, "Type": "NP", "Sub_Type": "A", "Nrest_Gage": null, "Strm_Code": null, "RM_II": null, "HR": "SJR" }, "geometry": { "type": "Point", "coordinates": [ -120.544965370484064, 37.510440446475656 ] } },
{ "type": "Feature", "properties": { "fid": 505, "OBJECTID": 505.0, "CalSim_ID": "63_NA3", "Riv_Mi": null, "Riv_Name": null, "Comment": null, "C2VSIM_GW": null, "C2VSIM_SW": null, "CalSim2_ID": null, "Type": "NP", "Sub_Type": "A", "Nrest_Gage": null, "Strm_Code": null, "RM_II": null, "HR": "SJR" }, "geometry": { "type": "Point", "coordinates": [ -120.576435767306435, 37.375076634917455 ] } },
{ "type": "Feature", "properties": { "fid": 506, "OBJECTID": 506.0, "CalSim_ID": "MID021", "Riv_Mi": 20.66, "Riv_Name": "Main Canal", "Comment": "Madera ID Main Canal", "C2VSIM_GW": null, "C2VSIM_SW": null, "CalSim2_ID": null, "Type": "CH", "Sub_Type": "CNL", "Nrest_Gage": null, "Strm_Code": "MID", "RM_II": 21, "HR": "SJR" }, "geometry": { "type": "Point", "coordinates": [ -120.438658362676691, 37.375667911856787 ] } },
{ "type": "Feature", "properties": { "fid": 507, "OBJECTID": 507.0, "CalSim_ID": "63_NA2", "Riv_Mi": null, "Riv_Name": null, "Comment": null, "C2VSIM_GW": null, "C2VSIM_SW": null, "CalSim2_ID": null, "Type": "NP", "Sub_Type": "A", "Nrest_Gage": null, "Strm_Code": null, "RM_II": null, "HR": "SJR" }, "geometry": { "type": "Point", "coordinates": [ -120.618608440286422, 37.438361699710519 ] } },
{ "type": "Feature", "properties": { "fid": 508, "OBJECTID": 508.0, "CalSim_ID": "62_NA2", "Riv_Mi": null, "Riv_Name": null, "Comment": null, "C2VSIM_GW": null, "C2VSIM_SW": null, "CalSim2_ID": null, "Type": "NP", "Sub_Type": "A", "Nrest_Gage": null, "Strm_Code": null, "RM_II": null, "HR": "SJR" }, "geometry": { "type": "Point", "coordinates": [ -120.731554546401284, 37.416419772280911 ] } },
{ "type": "Feature", "properties": { "fid": 509, "OBJECTID": 509.0, "CalSim_ID": "63_NA4", "Riv_Mi": null, "Riv_Name": null, "Comment": null, "C2VSIM_GW": null, "C2VSIM_SW": null, "CalSim2_ID": null, "Type": "NP", "Sub_Type": "A", "Nrest_Gage": null, "Strm_Code": null, "RM_II": null, "HR": "SJR" }, "geometry": { "type": "Point", "coordinates": [ -120.884430870161694, 37.340275689484464 ] } },
{ "type": "Feature", "properties": { "fid": 510, "OBJECTID": 510.0, "CalSim_ID": "62_NA5", "Riv_Mi": null, "Riv_Name": null, "Comment": null, "C2VSIM_GW": null, "C2VSIM_SW": null, "CalSim2_ID": null, "Type": "NP", "Sub_Type": "A", "Nrest_Gage": null, "Strm_Code": null, "RM_II": null, "HR": "SJR" }, "geometry": { "type": "Point", "coordinates": [ -121.085755338982835, 37.514665495567101 ] } },
{ "type": "Feature", "properties": { "fid": 511, "OBJECTID": 511.0, "CalSim_ID": "WTPWDH", "Riv_Mi": null, "Riv_Name": null, "Comment": "Dr. Joe. Waidhofer WTP", "C2VSIM_GW": null, "C2VSIM_SW": null, "CalSim2_ID": null, "Type": "WTP", "Sub_Type": "NA", "Nrest_Gage": null, "Strm_Code": null, "RM_II": null, "HR": "SJR" }, "geometry": { "type": "Point", "coordinates": [ -121.203151532796028, 37.964351863472636 ] } },
{ "type": "Feature", "properties": { "fid": 512, "OBJECTID": 512.0, "CalSim_ID": "STWWTP", "Riv_Mi": null, "Riv_Name": null, "Comment": "City of Stockton Regional WCF Discharge", "C2VSIM_GW": null, "C2VSIM_SW": null, "CalSim2_ID": null, "Type": "WWTP", "Sub_Type": "NA", "Nrest_Gage": null, "Strm_Code": null, "RM_II": null, "HR": "SJR" }, "geometry": { "type": "Point", "coordinates": [ -121.328702271002442, 37.936126335852109 ] } },
{ "type": "Feature", "properties": { "fid": 513, "OBJECTID": 513.0, "CalSim_ID": "WTPJJO", "Riv_Mi": null, "Riv_Name": null, "Comment": "John Jones  WTP", "C2VSIM_GW": null, "C2VSIM_SW": null, "CalSim2_ID": null, "Type": "WTP", "Sub_Type": "NA", "Nrest_Gage": null, "Strm_Code": null, "RM_II": null, "HR": "SJR" }, "geometry": { "type": "Point", "coordinates": [ -121.440069103139933, 37.683634082134674 ] } },
{ "type": "Feature", "properties": { "fid": 514, "OBJECTID": 514.0, "CalSim_ID": "OMR002", "Riv_Mi": 2.0, "Riv_Name": "Old/Middle Rivers", "Comment": null, "C2VSIM_GW": null, "C2VSIM_SW": null, "CalSim2_ID": null, "Type": "CH", "Sub_Type": "STM", "Nrest_Gage": null, "Strm_Code": "OMR", "RM_II": 2, "HR": "SAC" }, "geometry": { "type": "Point", "coordinates": [ -121.581956459430756, 38.052709415894149 ] } },
{ "type": "Feature", "properties": { "fid": 515, "OBJECTID": 515.0, "CalSim_ID": "OMR024", "Riv_Mi": 24.33, "Riv_Name": "Old River", "Comment": null, "C2VSIM_GW": null, "C2VSIM_SW": null, "CalSim2_ID": null, "Type": "CH", "Sub_Type": "STM", "Nrest_Gage": null, "Strm_Code": "OMR", "RM_II": 24, "HR": "SAC" }, "geometry": { "type": "Point", "coordinates": [ -121.552721596451988, 37.858742192347357 ] } },
{ "type": "Feature", "properties": { "fid": 516, "OBJECTID": 516.0, "CalSim_ID": "OMR021", "Riv_Mi": 21.0, "Riv_Name": "Old/Middle Rivers", "Comment": null, "C2VSIM_GW": null, "C2VSIM_SW": null, "CalSim2_ID": null, "Type": "CH", "Sub_Type": "STM", "Nrest_Gage": null, "Strm_Code": "OMR", "RM_II": 21, "HR": "SAC" }, "geometry": { "type": "Point", "coordinates": [ -121.575438202756771, 37.888741734804377 ] } },
{ "type": "Feature", "properties": { "fid": 517, "OBJECTID": 517.0, "CalSim_ID": "OMR013", "Riv_Mi": 13.09, "Riv_Name": "Old/Middle Rivers", "Comment": null, "C2VSIM_GW": null, "C2VSIM_SW": null, "CalSim2_ID": null, "Type": "CH", "Sub_Type": "STM", "Nrest_Gage": null, "Strm_Code": "OMR", "RM_II": 13, "HR": "SAC" }, "geometry": { "type": "Point", "coordinates": [ -121.575936742191345, 37.973490019614495 ] } },
{ "type": "Feature", "properties": { "fid": 518, "OBJECTID": 518.0, "CalSim_ID": "VCT002", "Riv_Mi": 2.0, "Riv_Name": "Victoria Canal", "Comment": null, "C2VSIM_GW": null, "C2VSIM_SW": null, "CalSim2_ID": null, "Type": "CH", "Sub_Type": "STM", "Nrest_Gage": null, "Strm_Code": "VCT", "RM_II": 2, "HR": "SAC" }, "geometry": { "type": "Point", "coordinates": [ -121.523855160243727, 37.874198228519809 ] } },
{ "type": "Feature", "properties": { "fid": 519, "OBJECTID": 519.0, "CalSim_ID": "64_PA1", "Riv_Mi": null, "Riv_Name": null, "Comment": null, "C2VSIM_GW": null, "C2VSIM_SW": null, "CalSim2_ID": null, "Type": "PR", "Sub_Type": "A", "Nrest_Gage": null, "Strm_Code": null, "RM_II": null, "HR": "SJR" }, "geometry": { "type": "Point", "coordinates": [ -120.08281054289364, 36.935552283543707 ] } },
{ "type": "Feature", "properties": { "fid": 520, "OBJECTID": 520.0, "CalSim_ID": "64_PA3", "Riv_Mi": null, "Riv_Name": null, "Comment": "Gravelly Ford W.D. and Root Creek W.D.", "C2VSIM_GW": null, "C2VSIM_SW": null, "CalSim2_ID": null, "Type": "PR", "Sub_Type": "A", "Nrest_Gage": null, "Strm_Code": null, "RM_II": null, "HR": "SJR" }, "geometry": { "type": "Point", "coordinates": [ -120.297227778624489, 36.885181287554438 ] } },
{ "type": "Feature", "properties": { "fid": 521, "OBJECTID": 521.0, "CalSim_ID": "60S_PA2", "Riv_Mi": null, "Riv_Name": null, "Comment": null, "C2VSIM_GW": null, "C2VSIM_SW": null, "CalSim2_ID": null, "Type": "PR", "Sub_Type": "A", "Nrest_Gage": null, "Strm_Code": null, "RM_II": null, "HR": "SJR" }, "geometry": { "type": "Point", "coordinates": [ -121.134050695766135, 37.918619263168104 ] } },
{ "type": "Feature", "properties": { "fid": 522, "OBJECTID": 522.0, "CalSim_ID": "60S_PA1", "Riv_Mi": null, "Riv_Name": null, "Comment": null, "C2VSIM_GW": null, "C2VSIM_SW": null, "CalSim2_ID": null, "Type": "PR", "Sub_Type": "A", "Nrest_Gage": null, "Strm_Code": null, "RM_II": null, "HR": "SJR" }, "geometry": { "type": "Point", "coordinates": [ -121.087214023423712, 37.990644354853799 ] } },
{ "type": "Feature", "properties": { "fid": 523, "OBJECTID": 523.0, "CalSim_ID": "60N_NA3", "Riv_Mi": null, "Riv_Name": null, "Comment": null, "C2VSIM_GW": null, "C2VSIM_SW": null, "CalSim2_ID": null, "Type": "NP", "Sub_Type": "A", "Nrest_Gage": null, "Strm_Code": null, "RM_II": null, "HR": "SJR" }, "geometry": { "type": "Point", "coordinates": [ -121.244222697447626, 38.115533752066391 ] } },
{ "type": "Feature", "properties": { "fid": 524, "OBJECTID": 524.0, "CalSim_ID": "WTPDWS", "Riv_Mi": null, "Riv_Name": null, "Comment": null, "C2VSIM_GW": null, "C2VSIM_SW": null, "CalSim2_ID": null, "Type": "WTP", "Sub_Type": "NA", "Nrest_Gage": null, "Strm_Code": null, "RM_II": null, "HR": "SJR" }, "geometry": { "type": "Point", "coordinates": [ -121.314808499147063, 38.068686505264097 ] } },
{ "type": "Feature", "properties": { "fid": 525, "OBJECTID": 525.0, "CalSim_ID": "60S_NU1", "Riv_Mi": null, "Riv_Name": null, "Comment": null, "C2VSIM_GW": null, "C2VSIM_SW": null, "CalSim2_ID": null, "Type": "NP", "Sub_Type": "U", "Nrest_Gage": null, "Strm_Code": null, "RM_II": null, "HR": "SJR" }, "geometry": { "type": "Point", "coordinates": [ -121.289772776326046, 37.963433947775194 ] } },
{ "type": "Feature", "properties": { "fid": 526, "OBJECTID": 526.0, "CalSim_ID": "CHCGO", "Riv_Mi": null, "Riv_Name": null, "Comment": "Port Chicago/Roe Island Channel", "C2VSIM_GW": null, "C2VSIM_SW": null, "CalSim2_ID": null, "Type": "CH", "Sub_Type": "NA", "Nrest_Gage": null, "Strm_Code": null, "RM_II": null, "HR": "SAC" }, "geometry": { "type": "Point", "coordinates": [ -122.021909975423839, 38.066584995792446 ] } },
{ "type": "Feature", "properties": { "fid": 527, "OBJECTID": 527.0, "CalSim_ID": "71_PA8", "Riv_Mi": null, "Riv_Name": null, "Comment": null, "C2VSIM_GW": null, "C2VSIM_SW": null, "CalSim2_ID": null, "Type": "PR", "Sub_Type": "A", "Nrest_Gage": null, "Strm_Code": null, "RM_II": null, "HR": "SJR" }, "geometry": { "type": "Point", "coordinates": [ -121.512287784627858, 37.733884701356395 ] } },
{ "type": "Feature", "properties": { "fid": 528, "OBJECTID": 528.0, "CalSim_ID": "DMC076", "Riv_Mi": null, "Riv_Name": "Delta-Mendota Canal", "Comment": "Wolfson Bypass", "C2VSIM_GW": null, "C2VSIM_SW": null, "CalSim2_ID": null, "Type": "CH", "Sub_Type": "CNL", "Nrest_Gage": null, "Strm_Code": "DMC", "RM_II": null, "HR": "SJR" }, "geometry": { "type": "Point", "coordinates": [ -120.944960837001389, 37.054841133893085 ] } },
{ "type": "Feature", "properties": { "fid": 529, "OBJECTID": 529.0, "CalSim_ID": "60N_NA4", "Riv_Mi": null, "Riv_Name": null, "Comment": null, "C2VSIM_GW": null, "C2VSIM_SW": null, "CalSim2_ID": null, "Type": "NP", "Sub_Type": "A", "Nrest_Gage": null, "Strm_Code": null, "RM_II": null, "HR": "SJR" }, "geometry": { "type": "Point", "coordinates": [ -121.350611031096776, 38.107648288339334 ] } },
{ "type": "Feature", "properties": { "fid": 530, "OBJECTID": 530.0, "CalSim_ID": "60S_NA2", "Riv_Mi": null, "Riv_Name": null, "Comment": null, "C2VSIM_GW": null, "C2VSIM_SW": null, "CalSim2_ID": null, "Type": "NP", "Sub_Type": "A", "Nrest_Gage": null, "Strm_Code": null, "RM_II": null, "HR": "SJR" }, "geometry": { "type": "Point", "coordinates": [ -121.124793441844687, 37.823959997914976 ] } },
{ "type": "Feature", "properties": { "fid": 531, "OBJECTID": 531.0, "CalSim_ID": "60S_NA1", "Riv_Mi": null, "Riv_Name": null, "Comment": null, "C2VSIM_GW": null, "C2VSIM_SW": null, "CalSim2_ID": null, "Type": "NP", "Sub_Type": "A", "Nrest_Gage": null, "Strm_Code": null, "RM_II": null, "HR": "SJR" }, "geometry": { "type": "Point", "coordinates": [ -120.852306794220254, 37.953178702243363 ] } },
{ "type": "Feature", "properties": { "fid": 532, "OBJECTID": 532.0, "CalSim_ID": "60N_NA5", "Riv_Mi": null, "Riv_Name": null, "Comment": null, "C2VSIM_GW": null, "C2VSIM_SW": null, "CalSim2_ID": null, "Type": "NP", "Sub_Type": "A", "Nrest_Gage": null, "Strm_Code": null, "RM_II": null, "HR": "SJR" }, "geometry": { "type": "Point", "coordinates": [ -121.164753018138512, 38.212318215478163 ] } },
{ "type": "Feature", "properties": { "fid": 533, "OBJECTID": 533.0, "CalSim_ID": "PARDE", "Riv_Mi": null, "Riv_Name": null, "Comment": "Pardee Reservoir/Dam", "C2VSIM_GW": null, "C2VSIM_SW": null, "CalSim2_ID": null, "Type": "STR", "Sub_Type": "NA", "Nrest_Gage": null, "Strm_Code": null, "RM_II": null, "HR": "SJR" }, "geometry": { "type": "Point", "coordinates": [ -120.850074651509019, 38.257299766444739 ] } },
{ "type": "Feature", "properties": { "fid": 534, "OBJECTID": 534.0, "CalSim_ID": "60N_NA1", "Riv_Mi": null, "Riv_Name": null, "Comment": null, "C2VSIM_GW": null, "C2VSIM_SW": null, "CalSim2_ID": null, "Type": "NP", "Sub_Type": "A", "Nrest_Gage": null, "Strm_Code": null, "RM_II": null, "HR": "SJR" }, "geometry": { "type": "Point", "coordinates": [ -120.949096101891399, 38.272722062545654 ] } },
{ "type": "Feature", "properties": { "fid": 535, "OBJECTID": 535.0, "CalSim_ID": "60N_NU1", "Riv_Mi": null, "Riv_Name": null, "Comment": "Galt, Lodi", "C2VSIM_GW": null, "C2VSIM_SW": null, "CalSim2_ID": null, "Type": "NP", "Sub_Type": "U", "Nrest_Gage": null, "Strm_Code": null, "RM_II": null, "HR": "SJR" }, "geometry": { "type": "Point", "coordinates": [ -121.279995707133779, 38.132910199255704 ] } },
{ "type": "Feature", "properties": { "fid": 536, "OBJECTID": 536.0, "CalSim_ID": "60N_NU2", "Riv_Mi": null, "Riv_Name": null, "Comment": "Rancho Murieta", "C2VSIM_GW": null, "C2VSIM_SW": null, "CalSim2_ID": null, "Type": "NP", "Sub_Type": "U", "Nrest_Gage": null, "Strm_Code": null, "RM_II": null, "HR": "SJR" }, "geometry": { "type": "Point", "coordinates": [ -121.070377022172678, 38.510532786820214 ] } },
{ "type": "Feature", "properties": { "fid": 537, "OBJECTID": 537.0, "CalSim_ID": "CSM035", "Riv_Mi": 35.08, "Riv_Name": "Cosumnes River", "Comment": "Cosumnes River at Michigan Bar", "C2VSIM_GW": null, "C2VSIM_SW": null, "CalSim2_ID": null, "Type": "CH", "Sub_Type": "SG", "Nrest_Gage": "B11150", "Strm_Code": "CSM", "RM_II": 35, "HR": "SJR" }, "geometry": { "type": "Point", "coordinates": [ -121.045993200499638, 38.499947066712416 ] } },
{ "type": "Feature", "properties": { "fid": 538, "OBJECTID": 538.0, "CalSim_ID": "HNSLY", "Riv_Mi": null, "Riv_Name": null, "Comment": "Hensley Lake/Hidden Dam", "C2VSIM_GW": null, "C2VSIM_SW": null, "CalSim2_ID": null, "Type": "STR", "Sub_Type": "NA", "Nrest_Gage": null, "Strm_Code": null, "RM_II": null, "HR": "SJR" }, "geometry": { "type": "Point", "coordinates": [ -119.88306379983095, 37.110559584239461 ] } },
{ "type": "Feature", "properties": { "fid": 539, "OBJECTID": 539.0, "CalSim_ID": "SLUIS", "Riv_Mi": null, "Riv_Name": null, "Comment": "San Luis Reservoir/B.F. Sisk Dam", "C2VSIM_GW": null, "C2VSIM_SW": null, "CalSim2_ID": null, "Type": "STR", "Sub_Type": "NA", "Nrest_Gage": null, "Strm_Code": null, "RM_II": null, "HR": "SJR" }, "geometry": { "type": "Point", "coordinates": [ -121.082283809493063, 37.069520339873073 ] } },
{ "type": "Feature", "properties": { "fid": 540, "OBJECTID": 540.0, "CalSim_ID": "64_NA1", "Riv_Mi": null, "Riv_Name": null, "Comment": null, "C2VSIM_GW": null, "C2VSIM_SW": null, "CalSim2_ID": null, "Type": "NP", "Sub_Type": "A", "Nrest_Gage": null, "Strm_Code": null, "RM_II": null, "HR": "SJR" }, "geometry": { "type": "Point", "coordinates": [ -119.905351766827849, 36.957435403197806 ] } },
{ "type": "Feature", "properties": { "fid": 541, "OBJECTID": 541.0, "CalSim_ID": "64_PA2", "Riv_Mi": null, "Riv_Name": null, "Comment": null, "C2VSIM_GW": null, "C2VSIM_SW": null, "CalSim2_ID": null, "Type": "PR", "Sub_Type": "A", "Nrest_Gage": null, "Strm_Code": null, "RM_II": null, "HR": "SJR" }, "geometry": { "type": "Point", "coordinates": [ -120.298124256553479, 37.11514521077212 ] } },
{ "type": "Feature", "properties": { "fid": 542, "OBJECTID": 542.0, "CalSim_ID": "CCC007", "Riv_Mi": null, "Riv_Name": "Contra Costa Canal", "Comment": null, "C2VSIM_GW": null, "C2VSIM_SW": null, "CalSim2_ID": null, "Type": "CH", "Sub_Type": "CNL", "Nrest_Gage": null, "Strm_Code": "CCC", "RM_II": null, "HR": "SAC" }, "geometry": { "type": "Point", "coordinates": [ -121.750025868840837, 37.982251368724512 ] } },
{ "type": "Feature", "properties": { "fid": 543, "OBJECTID": 543.0, "CalSim_ID": "RSL004", "Riv_Mi": 3.86, "Riv_Name": "Rock Slough", "Comment": null, "C2VSIM_GW": null, "C2VSIM_SW": null, "CalSim2_ID": null, "Type": "CH", "Sub_Type": "STM", "Nrest_Gage": null, "Strm_Code": "RSL", "RM_II": 4, "HR": "SAC" }, "geometry": { "type": "Point", "coordinates": [ -121.640827634610915, 37.97599059533389 ] } },
{ "type": "Feature", "properties": { "fid": 544, "OBJECTID": 544.0, "CalSim_ID": "RFS64", "Riv_Mi": null, "Riv_Name": null, "Comment": null, "C2VSIM_GW": null, "C2VSIM_SW": null, "CalSim2_ID": null, "Type": "RFS", "Sub_Type": "NA", "Nrest_Gage": null, "Strm_Code": null, "RM_II": null, "HR": "SJR" }, "geometry": { "type": "Point", "coordinates": [ -120.383313748972341, 37.03170328199765 ] } },
{ "type": "Feature", "properties": { "fid": 545, "OBJECTID": 545.0, "CalSim_ID": "OWN040", "Riv_Mi": 39.64, "Riv_Name": "Owens Creek", "Comment": "USACOE Gage - OWN", "C2VSIM_GW": null, "C2VSIM_SW": null, "CalSim2_ID": null, "Type": "CH", "Sub_Type": "SG", "Nrest_Gage": "USACE (OWN)", "Strm_Code": "OWN", "RM_II": 40, "HR": "SJR" }, "geometry": { "type": "Point", "coordinates": [ -120.185788393358806, 37.314554604112267 ] } },
{ "type": "Feature", "properties": { "fid": 546, "OBJECTID": 546.0, "CalSim_ID": "MPS038", "Riv_Mi": 38.0, "Riv_Name": "Mariposa Creek", "Comment": "USACOE Gage - MAR", "C2VSIM_GW": null, "C2VSIM_SW": null, "CalSim2_ID": null, "Type": "CH", "Sub_Type": "SG", "Nrest_Gage": "USACE (MAR)", "Strm_Code": "MPS", "RM_II": 38, "HR": "SJR" }, "geometry": { "type": "Point", "coordinates": [ -120.147383058404188, 37.290857088247591 ] } },
{ "type": "Feature", "properties": { "fid": 547, "OBJECTID": 547.0, "CalSim_ID": "TRNSF", "Riv_Mi": null, "Riv_Name": null, "Comment": "CCWD Transfer Facility", "C2VSIM_GW": null, "C2VSIM_SW": null, "CalSim2_ID": null, "Type": "CH", "Sub_Type": "NA", "Nrest_Gage": null, "Strm_Code": null, "RM_II": null, "HR": "SAC" }, "geometry": { "type": "Point", "coordinates": [ -121.689992845766696, 37.87748336625981 ] } },
{ "type": "Feature", "properties": { "fid": 548, "OBJECTID": 548.0, "CalSim_ID": "LOSVQ", "Riv_Mi": null, "Riv_Name": null, "Comment": "Los Vacqueros Reservoir/Dam", "C2VSIM_GW": null, "C2VSIM_SW": null, "CalSim2_ID": null, "Type": "STR", "Sub_Type": "NA", "Nrest_Gage": null, "Strm_Code": null, "RM_II": null, "HR": "SAC" }, "geometry": { "type": "Point", "coordinates": [ -121.729380142804104, 37.838053974206588 ] } },
{ "type": "Feature", "properties": { "fid": 549, "OBJECTID": 549.0, "CalSim_ID": "RFS71A", "Riv_Mi": null, "Riv_Name": null, "Comment": null, "C2VSIM_GW": null, "C2VSIM_SW": null, "CalSim2_ID": null, "Type": "RFS", "Sub_Type": "NA", "Nrest_Gage": null, "Strm_Code": null, "RM_II": null, "HR": "SJR" }, "geometry": { "type": "Point", "coordinates": [ -121.512764645123781, 37.757311070326814 ] } },
{ "type": "Feature", "properties": { "fid": 550, "OBJECTID": 550.0, "CalSim_ID": "50_PA1", "Riv_Mi": null, "Riv_Name": null, "Comment": "Banta-Carbona ID and Westside ID", "C2VSIM_GW": null, "C2VSIM_SW": null, "CalSim2_ID": null, "Type": "PR", "Sub_Type": "A", "Nrest_Gage": null, "Strm_Code": null, "RM_II": null, "HR": "SJR" }, "geometry": { "type": "Point", "coordinates": [ -121.413448615407844, 37.701586982972145 ] } },
{ "type": "Feature", "properties": { "fid": 551, "OBJECTID": 551.0, "CalSim_ID": "71_PU1", "Riv_Mi": null, "Riv_Name": null, "Comment": "Musco Family Olive Co.", "C2VSIM_GW": null, "C2VSIM_SW": null, "CalSim2_ID": null, "Type": "PR", "Sub_Type": "U", "Nrest_Gage": null, "Strm_Code": null, "RM_II": null, "HR": "SJR" }, "geometry": { "type": "Point", "coordinates": [ -121.522014793050801, 37.71679647404244 ] } },
{ "type": "Feature", "properties": { "fid": 552, "OBJECTID": 552.0, "CalSim_ID": "71_NA2", "Riv_Mi": null, "Riv_Name": null, "Comment": null, "C2VSIM_GW": null, "C2VSIM_SW": null, "CalSim2_ID": null, "Type": "NP", "Sub_Type": "A", "Nrest_Gage": null, "Strm_Code": null, "RM_II": null, "HR": "SJR" }, "geometry": { "type": "Point", "coordinates": [ -121.264833935389746, 37.648732479567741 ] } },
{ "type": "Feature", "properties": { "fid": 553, "OBJECTID": 553.0, "CalSim_ID": "SFY041", "Riv_Mi": 41.3, "Riv_Name": "South Yuba River", "Comment": "South Yuba River Controlled REleas at Lake Spaulding near Emigrant.  USGS 11414210. Gage actually at MP 41.6", "C2VSIM_GW": null, "C2VSIM_SW": null, "CalSim2_ID": null, "Type": "CH", "Sub_Type": "SG", "Nrest_Gage": "11414210", "Strm_Code": "SFY", "RM_II": 41, "HR": "SAC" }, "geometry": { "type": "Point", "coordinates": [ -120.650416183434771, 39.321708015056991 ] } },
{ "type": "Feature", "properties": { "fid": 554, "OBJECTID": 554.0, "CalSim_ID": "SFY040", "Riv_Mi": 40.79, "Riv_Name": "South Yuba River", "Comment": "South Yuba River at Langs Crossing near Emigrant Gap. USGS 11414250. Below confluene with James Creek.", "C2VSIM_GW": null, "C2VSIM_SW": null, "CalSim2_ID": null, "Type": "CH", "Sub_Type": "SG", "Nrest_Gage": "11414250", "Strm_Code": "SFY", "RM_II": 40, "HR": "SAC" }, "geometry": { "type": "Point", "coordinates": [ -120.657687688611659, 39.318525544939369 ] } },
{ "type": "Feature", "properties": { "fid": 555, "OBJECTID": 555.0, "CalSim_ID": "SYC000", "Riv_Mi": 0.24, "Riv_Name": "South Yuba Canal", "Comment": "Spaulding No.2 Powerhouse. USGS 11414155", "C2VSIM_GW": null, "C2VSIM_SW": null, "CalSim2_ID": null, "Type": "CH", "Sub_Type": "SG", "Nrest_Gage": "11414155", "Strm_Code": "SYC", "RM_II": 0, "HR": "SAC" }, "geometry": { "type": "Point", "coordinates": [ -120.645323268386079, 39.324597184490869 ] } },
{ "type": "Feature", "properties": { "fid": 556, "OBJECTID": 556.0, "CalSim_ID": "DRM000", "Riv_Mi": 0.216, "Riv_Name": "Drum Canal", "Comment": "Spaulding No.1 Powerhouse.  USGS 11414154", "C2VSIM_GW": null, "C2VSIM_SW": null, "CalSim2_ID": null, "Type": "CH", "Sub_Type": "SG", "Nrest_Gage": "11414154", "Strm_Code": "DRM", "RM_II": 0, "HR": "SAC" }, "geometry": { "type": "Point", "coordinates": [ -120.644710555369429, 39.324466791806373 ] } },
{ "type": "Feature", "properties": { "fid": 557, "OBJECTID": 557.0, "CalSim_ID": "GRSVL", "Riv_Mi": null, "Riv_Name": null, "Comment": "Combined urban demand for Grass Valley and Nevada City", "C2VSIM_GW": null, "C2VSIM_SW": null, "CalSim2_ID": null, "Type": "OM", "Sub_Type": "OMD", "Nrest_Gage": null, "Strm_Code": null, "RM_II": null, "HR": "SAC" }, "geometry": { "type": "Point", "coordinates": [ -121.037800041679489, 39.230301098449644 ] } },
{ "type": "Feature", "properties": { "fid": 558, "OBJECTID": 558.0, "CalSim_ID": "CSD014", "Riv_Mi": 14.45, "Riv_Name": "Cascade Canal", "Comment": null, "C2VSIM_GW": null, "C2VSIM_SW": null, "CalSim2_ID": null, "Type": "CH", "Sub_Type": "CNL", "Nrest_Gage": null, "Strm_Code": "CSD", "RM_II": 14, "HR": "SAC" }, "geometry": { "type": "Point", "coordinates": [ -120.996950859743407, 39.240164674299862 ] } },
{ "type": "Feature", "properties": { "fid": 559, "OBJECTID": 559.0, "CalSim_ID": "DES006", "Riv_Mi": 6.44, "Riv_Name": "D-S Canal", "Comment": null, "C2VSIM_GW": null, "C2VSIM_SW": null, "CalSim2_ID": null, "Type": "CH", "Sub_Type": "CNL", "Nrest_Gage": null, "Strm_Code": "DES", "RM_II": 6, "HR": "SC" }, "geometry": { "type": "Point", "coordinates": [ -121.030671903220849, 39.241639918671119 ] } },
{ "type": "Feature", "properties": { "fid": 560, "OBJECTID": 560.0, "CalSim_ID": "WLF017", "Riv_Mi": 16.51, "Riv_Name": "Wolf Creek", "Comment": "Return from NID Off-Model demands. Grass Valley WWTP location.", "C2VSIM_GW": null, "C2VSIM_SW": null, "CalSim2_ID": null, "Type": "CH", "Sub_Type": "STM", "Nrest_Gage": null, "Strm_Code": "WLF", "RM_II": 17, "HR": "SAC" }, "geometry": { "type": "Point", "coordinates": [ -121.068517437979182, 39.204341903590539 ] } },
{ "type": "Feature", "properties": { "fid": 561, "OBJECTID": 561.0, "CalSim_ID": "NIDD2", "Riv_Mi": null, "Riv_Name": null, "Comment": "Nevada ID - Deer Creek System Ag Demand No.2", "C2VSIM_GW": null, "C2VSIM_SW": null, "CalSim2_ID": null, "Type": "OM", "Sub_Type": "OMD", "Nrest_Gage": null, "Strm_Code": null, "RM_II": null, "HR": "SAC" }, "geometry": { "type": "Point", "coordinates": [ -121.192527426516236, 39.209740185207338 ] } },
{ "type": "Feature", "properties": { "fid": 562, "OBJECTID": 562.0, "CalSim_ID": "NWT013", "Riv_Mi": 12.86, "Riv_Name": "Newtown Canal", "Comment": null, "C2VSIM_GW": null, "C2VSIM_SW": null, "CalSim2_ID": null, "Type": "CH", "Sub_Type": "CNL", "Nrest_Gage": null, "Strm_Code": "NWT", "RM_II": 13, "HR": "SAC" }, "geometry": { "type": "Point", "coordinates": [ -121.173597044605643, 39.249696606736066 ] } },
{ "type": "Feature", "properties": { "fid": 563, "OBJECTID": 563.0, "CalSim_ID": "WLDWD", "Riv_Mi": null, "Riv_Name": null, "Comment": "Lake Wildwood area urban demand.", "C2VSIM_GW": null, "C2VSIM_SW": null, "CalSim2_ID": null, "Type": "OM", "Sub_Type": "OMD", "Nrest_Gage": null, "Strm_Code": null, "RM_II": null, "HR": "SAC" }, "geometry": { "type": "Point", "coordinates": [ -121.193200588604952, 39.24949739336337 ] } },
{ "type": "Feature", "properties": { "fid": 564, "OBJECTID": 564.0, "CalSim_ID": "DER027", "Riv_Mi": 27.13, "Riv_Name": "Deer Creek", "Comment": "Confluence with South Fork Deer Creek", "C2VSIM_GW": null, "C2VSIM_SW": null, "CalSim2_ID": null, "Type": "CH", "Sub_Type": "STM", "Nrest_Gage": null, "Strm_Code": "DER", "RM_II": 27, "HR": "SAC" }, "geometry": { "type": "Point", "coordinates": [ -120.886542640533975, 39.295072070470887 ] } },
{ "type": "Feature", "properties": { "fid": 565, "OBJECTID": 565.0, "CalSim_ID": "LKPNE", "Riv_Mi": null, "Riv_Name": null, "Comment": "Lake of the Pines WTP representing urban demand", "C2VSIM_GW": null, "C2VSIM_SW": null, "CalSim2_ID": null, "Type": "OM", "Sub_Type": "OMD", "Nrest_Gage": null, "Strm_Code": null, "RM_II": null, "HR": "SAC" }, "geometry": { "type": "Point", "coordinates": [ -121.050322822231834, 39.034098679020133 ] } },
{ "type": "Feature", "properties": { "fid": 566, "OBJECTID": 566.0, "CalSim_ID": "DHC021", "Riv_Mi": 21.001, "Riv_Name": "Best Slough/Reeds/Dry/Hutchinson Creeks", "Comment": "Upstream of conceptual Best Slough Reeds Creek, Dry Creek, Hutchinson Creek collector (DHC001) at edge of rim watershed I_DHC021", "C2VSIM_GW": null, "C2VSIM_SW": null, "CalSim2_ID": null, "Type": "CH", "Sub_Type": "STM", "Nrest_Gage": null, "Strm_Code": "DHC", "RM_II": 21, "HR": "SAC" }, "geometry": { "type": "Point", "coordinates": [ -121.346780219114564, 39.106808325479747 ] } },
{ "type": "Feature", "properties": { "fid": 567, "OBJECTID": 567.0, "CalSim_ID": "BSC010", "Riv_Mi": 10.67, "Riv_Name": "Bowman-Spaulding Conduit", "Comment": "Powerhouse bypass diversion", "C2VSIM_GW": null, "C2VSIM_SW": null, "CalSim2_ID": null, "Type": "CH", "Sub_Type": "CNL", "Nrest_Gage": null, "Strm_Code": "BSC", "RM_II": 10, "HR": "SAC" }, "geometry": { "type": "Point", "coordinates": [ -120.639586640788764, 39.341217901567163 ] } },
{ "type": "Feature", "properties": { "fid": 568, "OBJECTID": 568.0, "CalSim_ID": "MFA024", "Riv_Mi": 24.18, "Riv_Name": "Middle Fork American River", "Comment": "Confluence with N Fk of Middle Fk American River", "C2VSIM_GW": null, "C2VSIM_SW": null, "CalSim2_ID": null, "Type": "CH", "Sub_Type": "STM", "Nrest_Gage": null, "Strm_Code": "MFA", "RM_II": 24, "HR": "SAC" }, "geometry": { "type": "Point", "coordinates": [ -120.746295413460757, 39.010192626348285 ] } },
{ "type": "Feature", "properties": { "fid": 569, "OBJECTID": 569.0, "CalSim_ID": "08S_PA", "Riv_Mi": null, "Riv_Name": null, "Comment": null, "C2VSIM_GW": null, "C2VSIM_SW": null, "CalSim2_ID": null, "Type": "PR", "Sub_Type": "A", "Nrest_Gage": null, "Strm_Code": null, "RM_II": null, "HR": "SAC" }, "geometry": { "type": "Point", "coordinates": [ -121.942835635712001, 38.918502647983011 ] } },
{ "type": "Feature", "properties": { "fid": 570, "OBJECTID": 570.0, "CalSim_ID": "08S_SA3", "Riv_Mi": null, "Riv_Name": null, "Comment": null, "C2VSIM_GW": null, "C2VSIM_SW": null, "CalSim2_ID": null, "Type": "S", "Sub_Type": "A", "Nrest_Gage": null, "Strm_Code": null, "RM_II": null, "HR": "SAC" }, "geometry": { "type": "Point", "coordinates": [ -121.867204380553659, 38.8987712559938 ] } },
{ "type": "Feature", "properties": { "fid": 571, "OBJECTID": 571.0, "CalSim_ID": "RFS8S", "Riv_Mi": null, "Riv_Name": null, "Comment": null, "C2VSIM_GW": null, "C2VSIM_SW": null, "CalSim2_ID": null, "Type": "RFS", "Sub_Type": "NA", "Nrest_Gage": null, "Strm_Code": null, "RM_II": null, "HR": "SAC" }, "geometry": { "type": "Point", "coordinates": [ -121.804680565401242, 38.851824527226476 ] } },
{ "type": "Feature", "properties": { "fid": 572, "OBJECTID": 572.0, "CalSim_ID": "18_NU", "Riv_Mi": null, "Riv_Name": null, "Comment": "Groundwater", "C2VSIM_GW": null, "C2VSIM_SW": null, "CalSim2_ID": null, "Type": "NP", "Sub_Type": "U", "Nrest_Gage": null, "Strm_Code": null, "RM_II": null, "HR": "SAC" }, "geometry": { "type": "Point", "coordinates": [ -121.918424423526943, 39.134787982168071 ] } },
{ "type": "Feature", "properties": { "fid": 573, "OBJECTID": 573.0, "CalSim_ID": "17S_PR", "Riv_Mi": null, "Riv_Name": null, "Comment": "Difficult to locate within 17S.", "C2VSIM_GW": null, "C2VSIM_SW": null, "CalSim2_ID": null, "Type": "PR", "Sub_Type": "R", "Nrest_Gage": null, "Strm_Code": null, "RM_II": null, "HR": "SAC" }, "geometry": { "type": "Point", "coordinates": [ -121.732675865262252, 39.055859820822008 ] } },
{ "type": "Feature", "properties": { "fid": 574, "OBJECTID": 574.0, "CalSim_ID": "18_NA", "Riv_Mi": null, "Riv_Name": null, "Comment": null, "C2VSIM_GW": null, "C2VSIM_SW": null, "CalSim2_ID": null, "Type": "NP", "Sub_Type": "A", "Nrest_Gage": null, "Strm_Code": null, "RM_II": null, "HR": "SAC" }, "geometry": { "type": "Point", "coordinates": [ -121.822204837545328, 39.107009708848771 ] } },
{ "type": "Feature", "properties": { "fid": 575, "OBJECTID": 575.0, "CalSim_ID": "18_SA", "Riv_Mi": null, "Riv_Name": null, "Comment": null, "C2VSIM_GW": null, "C2VSIM_SW": null, "CalSim2_ID": null, "Type": "S", "Sub_Type": "A", "Nrest_Gage": null, "Strm_Code": null, "RM_II": null, "HR": "SAC" }, "geometry": { "type": "Point", "coordinates": [ -121.841837930215476, 39.090966925937728 ] } },
{ "type": "Feature", "properties": { "fid": 576, "OBJECTID": 576.0, "CalSim_ID": "RFS18", "Riv_Mi": null, "Riv_Name": null, "Comment": "Tisdale Weir?", "C2VSIM_GW": null, "C2VSIM_SW": null, "CalSim2_ID": null, "Type": "RFS", "Sub_Type": "NA", "Nrest_Gage": null, "Strm_Code": null, "RM_II": null, "HR": "SAC" }, "geometry": { "type": "Point", "coordinates": [ -121.78651674514721, 39.038689352398819 ] } },
{ "type": "Feature", "properties": { "fid": 577, "OBJECTID": 577.0, "CalSim_ID": "SAC099", "Riv_Mi": 99.2, "Riv_Name": "Sacramento River", "Comment": "State Ranch Bend Pumping Plant", "C2VSIM_GW": null, "C2VSIM_SW": null, "CalSim2_ID": null, "Type": "CH", "Sub_Type": "STM", "Nrest_Gage": null, "Strm_Code": "SAC", "RM_II": 99, "HR": "SAC" }, "geometry": { "type": "Point", "coordinates": [ -121.753149410706541, 38.870042164359077 ] } },
{ "type": "Feature", "properties": { "fid": 578, "OBJECTID": 578.0, "CalSim_ID": "SAC146", "Riv_Mi": 145.88, "Riv_Name": "Sacramento River", "Comment": "Gage on Sacramento River at Colusa", "C2VSIM_GW": null, "C2VSIM_SW": null, "CalSim2_ID": null, "Type": "CH", "Sub_Type": "SG", "Nrest_Gage": "11389500 / DWR A0-2420 (COL)", "Strm_Code": "SAC", "RM_II": 146, "HR": "SAC" }, "geometry": { "type": "Point", "coordinates": [ -122.000093548710851, 39.21451904415337 ] } },
{ "type": "Feature", "properties": { "fid": 579, "OBJECTID": 579.0, "CalSim_ID": "CAA172", "Riv_Mi": 172.86, "Riv_Name": "California Aqueduct", "Comment": "C2VSIM node. Check 21-End of Repayment Reach 7", "C2VSIM_GW": null, "C2VSIM_SW": null, "CalSim2_ID": null, "Type": "CH", "Sub_Type": "CNL", "Nrest_Gage": null, "Strm_Code": "CAA", "RM_II": 172, "HR": "SJR" }, "geometry": { "type": "Point", "coordinates": [ -119.976004038737827, 36.012020544600446 ] } },
{ "type": "Feature", "properties": { "fid": 580, "OBJECTID": 580.0, "CalSim_ID": "CAA165", "Riv_Mi": 165.0, "Riv_Name": "California Aqueduct", "Comment": "C2VSIM node.Check #20.  Diversion to 90_PU (Avenal, Coalinga, Huron)", "C2VSIM_GW": null, "C2VSIM_SW": null, "CalSim2_ID": null, "Type": "CH", "Sub_Type": "CNL", "Nrest_Gage": null, "Strm_Code": "CAA", "RM_II": 165, "HR": "SJR" }, "geometry": { "type": "Point", "coordinates": [ -120.058457183496699, 36.097963992140322 ] } },
{ "type": "Feature", "properties": { "fid": 581, "OBJECTID": 581.0, "CalSim_ID": "CAA156", "Riv_Mi": 156.0, "Riv_Name": "California Aqueduct", "Comment": "C2VSIM node. Diversion to 90_PU (Avenal, Coalinga, Huron)", "C2VSIM_GW": null, "C2VSIM_SW": null, "CalSim2_ID": null, "Type": "CH", "Sub_Type": "CNL", "Nrest_Gage": null, "Strm_Code": "CAA", "RM_II": 156, "HR": "SJR" }, "geometry": { "type": "Point", "coordinates": [ -120.057610692594963, 36.209948305874534 ] } },
{ "type": "Feature", "properties": { "fid": 582, "OBJECTID": 582.0, "CalSim_ID": "CAA155", "Riv_Mi": 156.11, "Riv_Name": "California Aqueduct", "Comment": "C2VSIM node. Check 19-End of Repayment Reach 6", "C2VSIM_GW": null, "C2VSIM_SW": null, "CalSim2_ID": null, "Type": "CH", "Sub_Type": "CNL", "Nrest_Gage": null, "Strm_Code": "CAA", "RM_II": 155, "HR": "SJR" }, "geometry": { "type": "Point", "coordinates": [ -120.061989796716844, 36.220206629738023 ] } },
{ "type": "Feature", "properties": { "fid": 583, "OBJECTID": 583.0, "CalSim_ID": "CAA143", "Riv_Mi": 143.6, "Riv_Name": "California Aqueduct", "Comment": "C2VSIM node. 0.1 mi upstream of Check 18-End of Repayment Reach 5. Diversion to Coalinga Canal", "C2VSIM_GW": null, "C2VSIM_SW": null, "CalSim2_ID": null, "Type": "CH", "Sub_Type": "CNL", "Nrest_Gage": null, "Strm_Code": "CAA", "RM_II": 143, "HR": "SJR" }, "geometry": { "type": "Point", "coordinates": [ -120.230543091300177, 36.325735711836721 ] } },
{ "type": "Feature", "properties": { "fid": 584, "OBJECTID": 584.0, "CalSim_ID": "CAA109", "Riv_Mi": 108.94, "Riv_Name": "California Aqueduct", "Comment": "C2VSIM node. Check 15 - End of Repayment Reach 4", "C2VSIM_GW": null, "C2VSIM_SW": null, "CalSim2_ID": null, "Type": "CH", "Sub_Type": "CNL", "Nrest_Gage": null, "Strm_Code": "CAA", "RM_II": 109, "HR": "SJR" }, "geometry": { "type": "Point", "coordinates": [ -120.571847547973803, 36.710536394351458 ] } },
{ "type": "Feature", "properties": { "fid": 585, "OBJECTID": 585.0, "CalSim_ID": "CAA087", "Riv_Mi": 87.12, "Riv_Name": "California Aqueduct", "Comment": "C2VSIM node. Dos Amigos Pumping Plant. End of Repayment Reach 3", "C2VSIM_GW": "764, 780, 793", "C2VSIM_SW": null, "CalSim2_ID": null, "Type": "CH", "Sub_Type": "CNL", "Nrest_Gage": null, "Strm_Code": "CAA", "RM_II": 87, "HR": "SJR" }, "geometry": { "type": "Point", "coordinates": [ -120.828330119883404, 36.92398619434659 ] } },
{ "type": "Feature", "properties": { "fid": 586, "OBJECTID": 586.0, "CalSim_ID": "CAA071", "Riv_Mi": 71.26, "Riv_Name": "California Aqueduct", "Comment": "Check 13 - End of Repayemnt Reach 3. Downstream end of O'Neill Forebay.", "C2VSIM_GW": null, "C2VSIM_SW": null, "CalSim2_ID": null, "Type": "CH", "Sub_Type": "CNL", "Nrest_Gage": null, "Strm_Code": "CAA", "RM_II": 71, "HR": "SJR" }, "geometry": { "type": "Point", "coordinates": [ -121.015101994078066, 37.07421503052273 ] } },
{ "type": "Feature", "properties": { "fid": 587, "OBJECTID": 587.0, "CalSim_ID": "CAA069", "Riv_Mi": 69.0, "Riv_Name": "California Aqueduct", "Comment": "C2VSIM node. O'Neill Forebay. Diversion to San Luis Reservoir.", "C2VSIM_GW": null, "C2VSIM_SW": null, "CalSim2_ID": null, "Type": "CH", "Sub_Type": "CNL", "Nrest_Gage": "11263000", "Strm_Code": "CAA", "RM_II": 69, "HR": "SJR" }, "geometry": { "type": "Point", "coordinates": [ -121.048637908922544, 37.083645818490218 ] } },
{ "type": "Feature", "properties": { "fid": 588, "OBJECTID": 588.0, "CalSim_ID": "CAA067", "Riv_Mi": 66.8, "Riv_Name": "California Aqueduct", "Comment": "C2VSIM node. Check 12 - End of Repayment Reach 2B", "C2VSIM_GW": null, "C2VSIM_SW": null, "CalSim2_ID": null, "Type": "CH", "Sub_Type": "CNL", "Nrest_Gage": null, "Strm_Code": "CAA", "RM_II": 67, "HR": "SJR" }, "geometry": { "type": "Point", "coordinates": [ -121.06029304901358, 37.112906361999485 ] } },
{ "type": "Feature", "properties": { "fid": 589, "OBJECTID": 589.0, "CalSim_ID": "CAA066", "Riv_Mi": 66.0, "Riv_Name": "California Aqueduct", "Comment": "Diversion to VA Cemetary?", "C2VSIM_GW": null, "C2VSIM_SW": null, "CalSim2_ID": null, "Type": "CH", "Sub_Type": "CNL", "Nrest_Gage": null, "Strm_Code": "CAA", "RM_II": 66, "HR": "SJR" }, "geometry": { "type": "Point", "coordinates": [ -121.0563693828868, 37.123690314097679 ] } },
{ "type": "Feature", "properties": { "fid": 590, "OBJECTID": 590.0, "CalSim_ID": "CAA051", "Riv_Mi": 51.34, "Riv_Name": "California Aqueduct", "Comment": "C2VSIM node. Check 9/Siphon - End of Repayment Reach 2A.", "C2VSIM_GW": null, "C2VSIM_SW": null, "CalSim2_ID": null, "Type": "CH", "Sub_Type": "CNL", "Nrest_Gage": null, "Strm_Code": "CAA", "RM_II": 51, "HR": "SJR" }, "geometry": { "type": "Point", "coordinates": [ -121.126085973380398, 37.315471208203455 ] } },
{ "type": "Feature", "properties": { "fid": 591, "OBJECTID": 591.0, "CalSim_ID": "CAA046", "Riv_Mi": 46.04, "Riv_Name": "California Aqueduct", "Comment": "Check 8", "C2VSIM_GW": null, "C2VSIM_SW": null, "CalSim2_ID": null, "Type": "CH", "Sub_Type": "CNL", "Nrest_Gage": null, "Strm_Code": "CAA", "RM_II": 46, "HR": "SJR" }, "geometry": { "type": "Point", "coordinates": [ -121.12562753287213, 37.383996241233106 ] } },
{ "type": "Feature", "properties": { "fid": 592, "OBJECTID": 592.0, "CalSim_ID": "XCC053", "Riv_Mi": 53.0, "Riv_Name": null, "Comment": null, "C2VSIM_GW": null, "C2VSIM_SW": null, "CalSim2_ID": null, "Type": "CH", "Sub_Type": "CNL", "Nrest_Gage": null, "Strm_Code": "XCC", "RM_II": 53, "HR": "SJR" }, "geometry": { "type": "Point", "coordinates": [ -121.010871862567569, 37.204718350749935 ] } },
{ "type": "Feature", "properties": { "fid": 593, "OBJECTID": 593.0, "CalSim_ID": "MSH015", "Riv_Mi": 15.39, "Riv_Name": "Marsh Creek", "Comment": "Marsh Creek near Byron (Discontinued)", "C2VSIM_GW": null, "C2VSIM_SW": null, "CalSim2_ID": null, "Type": "CH", "Sub_Type": "SG", "Nrest_Gage": "11337500", "Strm_Code": "MSH", "RM_II": 15, "HR": "SJR" }, "geometry": { "type": "Point", "coordinates": [ -121.727120218520412, 37.873243419016859 ] } },
{ "type": "Feature", "properties": { "fid": 594, "OBJECTID": 594.0, "CalSim_ID": "MOK004", "Riv_Mi": 3.64, "Riv_Name": "Mokelumne River", "Comment": "Inflow from Georgianna Slough", "C2VSIM_GW": "495", "C2VSIM_SW": "198", "CalSim2_ID": null, "Type": "CH", "Sub_Type": "STM", "Nrest_Gage": null, "Strm_Code": "MOK", "RM_II": 4, "HR": "SJR" }, "geometry": { "type": "Point", "coordinates": [ -121.576242736807771, 38.129318806373817 ] } },
{ "type": "Feature", "properties": { "fid": 595, "OBJECTID": 595.0, "CalSim_ID": "MOK", "Riv_Mi": null, "Riv_Name": null, "Comment": "Delta Net Depletion - Mokelumne River", "C2VSIM_GW": null, "C2VSIM_SW": null, "CalSim2_ID": null, "Type": "OM", "Sub_Type": "OMDD", "Nrest_Gage": null, "Strm_Code": null, "RM_II": null, "HR": "SAC" }, "geometry": { "type": "Point", "coordinates": [ -121.590538698662556, 38.121303873473401 ] } },
{ "type": "Feature", "properties": { "fid": 596, "OBJECTID": 596.0, "CalSim_ID": "SJRE", "Riv_Mi": null, "Riv_Name": null, "Comment": "Net Delta Depletion - San Joaquin River (East)", "C2VSIM_GW": null, "C2VSIM_SW": null, "CalSim2_ID": null, "Type": "OM", "Sub_Type": "OMDD", "Nrest_Gage": null, "Strm_Code": null, "RM_II": null, "HR": "SAC" }, "geometry": { "type": "Point", "coordinates": [ -121.516828086226568, 38.071108406669346 ] } },
{ "type": "Feature", "properties": { "fid": 597, "OBJECTID": 597.0, "CalSim_ID": "SJRW", "Riv_Mi": null, "Riv_Name": null, "Comment": "Net Delta Depletion - San JOauin River (West)", "C2VSIM_GW": null, "C2VSIM_SW": null, "CalSim2_ID": null, "Type": "OM", "Sub_Type": "OMDD", "Nrest_Gage": null, "Strm_Code": null, "RM_II": null, "HR": "SAC" }, "geometry": { "type": "Point", "coordinates": [ -121.700084743451612, 38.074455279272016 ] } },
{ "type": "Feature", "properties": { "fid": 598, "OBJECTID": 598.0, "CalSim_ID": "SACS", "Riv_Mi": null, "Riv_Name": null, "Comment": "Net Delta Depletion - Sacramento River (South)", "C2VSIM_GW": null, "C2VSIM_SW": null, "CalSim2_ID": null, "Type": "OM", "Sub_Type": "OMDD", "Nrest_Gage": null, "Strm_Code": null, "RM_II": null, "HR": "SAC" }, "geometry": { "type": "Point", "coordinates": [ -121.638466024171436, 38.153652169171494 ] } },
{ "type": "Feature", "properties": { "fid": 599, "OBJECTID": 599.0, "CalSim_ID": "NBA009", "Riv_Mi": 8.9, "Riv_Name": "North Bay Aqueduct", "Comment": "NBA diversion to Cache Slough Pipeline and WTPTAB", "C2VSIM_GW": null, "C2VSIM_SW": null, "CalSim2_ID": null, "Type": "CH", "Sub_Type": "CNL", "Nrest_Gage": null, "Strm_Code": "NBA", "RM_II": 9, "HR": "SAC" }, "geometry": { "type": "Point", "coordinates": [ -121.933110959104312, 38.299608449152025 ] } },
{ "type": "Feature", "properties": { "fid": 600, "OBJECTID": 600.0, "CalSim_ID": "NBA011", "Riv_Mi": 10.75, "Riv_Name": "North Bay Aqueduct", "Comment": "Diversion to North Bay Regional Water Treatment Plant", "C2VSIM_GW": null, "C2VSIM_SW": null, "CalSim2_ID": null, "Type": "CH", "Sub_Type": "CNL", "Nrest_Gage": null, "Strm_Code": "NBA", "RM_II": 11, "HR": "SAC" }, "geometry": { "type": "Point", "coordinates": [ -121.960899008061887, 38.299274030523229 ] } },
{ "type": "Feature", "properties": { "fid": 601, "OBJECTID": 601.0, "CalSim_ID": "NBA021", "Riv_Mi": 21.0, "Riv_Name": "North Bay Aqueduct", "Comment": null, "C2VSIM_GW": null, "C2VSIM_SW": null, "CalSim2_ID": null, "Type": "CH", "Sub_Type": "CNL", "Nrest_Gage": null, "Strm_Code": "NBA", "RM_II": 21, "HR": "SAC" }, "geometry": { "type": "Point", "coordinates": [ -122.133416214855146, 38.227562039213126 ] } },
{ "type": "Feature", "properties": { "fid": 602, "OBJECTID": 602.0, "CalSim_ID": "NBA027", "Riv_Mi": 27.0, "Riv_Name": "North Bay Aqueduct", "Comment": null, "C2VSIM_GW": null, "C2VSIM_SW": null, "CalSim2_ID": null, "Type": "CH", "Sub_Type": "CNL", "Nrest_Gage": null, "Strm_Code": "NBA", "RM_II": 27, "HR": "SAC" }, "geometry": { "type": "Point", "coordinates": [ -122.220322311048463, 38.21047344232764 ] } },
{ "type": "Feature", "properties": { "fid": 603, "OBJECTID": 603.0, "CalSim_ID": "WTPJAC", "Riv_Mi": null, "Riv_Name": null, "Comment": "Jameson Canyon WTP", "C2VSIM_GW": null, "C2VSIM_SW": null, "CalSim2_ID": null, "Type": "WTP", "Sub_Type": "NA", "Nrest_Gage": null, "Strm_Code": null, "RM_II": null, "HR": "SAC" }, "geometry": { "type": "Point", "coordinates": [ -122.224275150402548, 38.223948080745103 ] } },
{ "type": "Feature", "properties": { "fid": 604, "OBJECTID": 604.0, "CalSim_ID": "WTPAMC", "Riv_Mi": null, "Riv_Name": null, "Comment": "American Canyon WTP", "C2VSIM_GW": null, "C2VSIM_SW": null, "CalSim2_ID": null, "Type": "WTP", "Sub_Type": "NA", "Nrest_Gage": null, "Strm_Code": null, "RM_II": null, "HR": "SAC" }, "geometry": { "type": "Point", "coordinates": [ -122.227154266300616, 38.223888588787943 ] } },
{ "type": "Feature", "properties": { "fid": 605, "OBJECTID": 605.0, "CalSim_ID": "WTPFMH", "Riv_Mi": null, "Riv_Name": null, "Comment": "Flemming-Hill WTP", "C2VSIM_GW": null, "C2VSIM_SW": null, "CalSim2_ID": null, "Type": "WTP", "Sub_Type": "NA", "Nrest_Gage": null, "Strm_Code": null, "RM_II": null, "HR": "SAC" }, "geometry": { "type": "Point", "coordinates": [ -122.241671259981914, 38.137751222975844 ] } },
{ "type": "Feature", "properties": { "fid": 606, "OBJECTID": 606.0, "CalSim_ID": "WTPBNC", "Riv_Mi": null, "Riv_Name": null, "Comment": "Benicia WTP", "C2VSIM_GW": null, "C2VSIM_SW": null, "CalSim2_ID": null, "Type": "WTP", "Sub_Type": "NA", "Nrest_Gage": null, "Strm_Code": null, "RM_II": null, "HR": "SAC" }, "geometry": { "type": "Point", "coordinates": [ -122.131815891113547, 38.090216174867976 ] } },
{ "type": "Feature", "properties": { "fid": 607, "OBJECTID": 607.0, "CalSim_ID": "ORP000", "Riv_Mi": null, "Riv_Name": "Old River Pipeline", "Comment": "CCWD Old River Pipeline from Old River Pump Station", "C2VSIM_GW": null, "C2VSIM_SW": null, "CalSim2_ID": null, "Type": "CH", "Sub_Type": "CNL", "Nrest_Gage": null, "Strm_Code": "ORP", "RM_II": null, "HR": "SAC" }, "geometry": { "type": "Point", "coordinates": [ -121.577538542102317, 37.889688531854191 ] } },
{ "type": "Feature", "properties": { "fid": 608, "OBJECTID": 608.0, "CalSim_ID": "PSC033", "Riv_Mi": 33.52, "Riv_Name": "Putah South Terminal Canal", "Comment": null, "C2VSIM_GW": null, "C2VSIM_SW": null, "CalSim2_ID": null, "Type": "CH", "Sub_Type": "CNL", "Nrest_Gage": null, "Strm_Code": "PSC", "RM_II": 33, "HR": "SAC" }, "geometry": { "type": "Point", "coordinates": [ -122.159464130031509, 38.220774768755078 ] } },
{ "type": "Feature", "properties": { "fid": 609, "OBJECTID": 609.0, "CalSim_ID": "VJB000", "Riv_Mi": null, "Riv_Name": null, "Comment": null, "C2VSIM_GW": null, "C2VSIM_SW": null, "CalSim2_ID": null, "Type": "CH", "Sub_Type": "CNL", "Nrest_Gage": null, "Strm_Code": "VJB", "RM_II": null, "HR": "SAC" }, "geometry": { "type": "Point", "coordinates": [ -122.159032183424642, 38.206162956718067 ] } },
{ "type": "Feature", "properties": { "fid": 610, "OBJECTID": 610.0, "CalSim_ID": "72_PR5", "Riv_Mi": null, "Riv_Name": null, "Comment": null, "C2VSIM_GW": null, "C2VSIM_SW": null, "CalSim2_ID": null, "Type": "PR", "Sub_Type": "R", "Nrest_Gage": null, "Strm_Code": null, "RM_II": null, "HR": "SJR" }, "geometry": { "type": "Point", "coordinates": [ -120.906003646656899, 37.200675956001113 ] } },
{ "type": "Feature", "properties": { "fid": 611, "OBJECTID": 611.0, "CalSim_ID": "DSC012", "Riv_Mi": 12.0, "Riv_Name": "Dry Creek/Sutter Creek", "Comment": "Dry Creek near Galt (DCG)", "C2VSIM_GW": "480", "C2VSIM_SW": "186", "CalSim2_ID": null, "Type": "CH", "Sub_Type": "SG", "Nrest_Gage": "11329500 / DWR B0-1510", "Strm_Code": "DSC", "RM_II": 12, "HR": "SJR" }, "geometry": { "type": "Point", "coordinates": [ -121.226750177683485, 38.248352507148986 ] } },
{ "type": "Feature", "properties": { "fid": 612, "OBJECTID": 612.0, "CalSim_ID": "EBMUD", "Riv_Mi": null, "Riv_Name": null, "Comment": "Off model diversion to EBMUD", "C2VSIM_GW": null, "C2VSIM_SW": null, "CalSim2_ID": null, "Type": "OM", "Sub_Type": "OMD", "Nrest_Gage": null, "Strm_Code": null, "RM_II": null, "HR": "SJR" }, "geometry": { "type": "Point", "coordinates": [ -121.77824932860166, 37.965499520027549 ] } },
{ "type": "Feature", "properties": { "fid": 613, "OBJECTID": 613.0, "CalSim_ID": "MOK057", "Riv_Mi": 57.0, "Riv_Name": "Mokelumne River", "Comment": "Mokelumne River below Camanche Dam", "C2VSIM_GW": null, "C2VSIM_SW": null, "CalSim2_ID": null, "Type": "CH", "Sub_Type": "SG", "Nrest_Gage": "11323500", "Strm_Code": "MOK", "RM_II": 57, "HR": "SJR" }, "geometry": { "type": "Point", "coordinates": [ -121.04139037809091, 38.221063683457054 ] } },
{ "type": "Feature", "properties": { "fid": 614, "OBJECTID": 614.0, "CalSim_ID": "72_PR1", "Riv_Mi": null, "Riv_Name": null, "Comment": null, "C2VSIM_GW": null, "C2VSIM_SW": null, "CalSim2_ID": null, "Type": "PR", "Sub_Type": "R", "Nrest_Gage": null, "Strm_Code": null, "RM_II": null, "HR": "SJR" }, "geometry": { "type": "Point", "coordinates": [ -120.91931550562407, 37.140349676281097 ] } },
{ "type": "Feature", "properties": { "fid": 615, "OBJECTID": 615.0, "CalSim_ID": "72_XA3", "Riv_Mi": null, "Riv_Name": null, "Comment": "CCID (North)", "C2VSIM_GW": null, "C2VSIM_SW": null, "CalSim2_ID": null, "Type": "X", "Sub_Type": "A", "Nrest_Gage": null, "Strm_Code": null, "RM_II": null, "HR": "SJR" }, "geometry": { "type": "Point", "coordinates": [ -121.012777924982231, 37.273026048838915 ] } },
{ "type": "Feature", "properties": { "fid": 616, "OBJECTID": 616.0, "CalSim_ID": "72_PR2", "Riv_Mi": null, "Riv_Name": null, "Comment": null, "C2VSIM_GW": null, "C2VSIM_SW": null, "CalSim2_ID": null, "Type": "PR", "Sub_Type": "R", "Nrest_Gage": null, "Strm_Code": null, "RM_II": null, "HR": "SJR" }, "geometry": { "type": "Point", "coordinates": [ -120.947744319462203, 37.280411342860653 ] } },
{ "type": "Feature", "properties": { "fid": 617, "OBJECTID": 617.0, "CalSim_ID": "71_PU2", "Riv_Mi": null, "Riv_Name": null, "Comment": "VA Cementary", "C2VSIM_GW": null, "C2VSIM_SW": null, "CalSim2_ID": null, "Type": "PR", "Sub_Type": "U", "Nrest_Gage": null, "Strm_Code": null, "RM_II": null, "HR": "SJR" }, "geometry": { "type": "Point", "coordinates": [ -121.077369998758797, 37.120434678795561 ] } },
{ "type": "Feature", "properties": { "fid": 618, "OBJECTID": 618.0, "CalSim_ID": "73_PA1", "Riv_Mi": null, "Riv_Name": null, "Comment": null, "C2VSIM_GW": null, "C2VSIM_SW": null, "CalSim2_ID": null, "Type": "PR", "Sub_Type": "A", "Nrest_Gage": null, "Strm_Code": null, "RM_II": null, "HR": "SJR" }, "geometry": { "type": "Point", "coordinates": [ -121.014750389006863, 37.047822505951515 ] } },
{ "type": "Feature", "properties": { "fid": 619, "OBJECTID": 619.0, "CalSim_ID": "XCC033", "Riv_Mi": 33.09, "Riv_Name": null, "Comment": null, "C2VSIM_GW": null, "C2VSIM_SW": null, "CalSim2_ID": null, "Type": "CH", "Sub_Type": "CNL", "Nrest_Gage": null, "Strm_Code": "XCC", "RM_II": 33, "HR": "SJR" }, "geometry": { "type": "Point", "coordinates": [ -120.826571092909191, 37.024290065702743 ] } },
{ "type": "Feature", "properties": { "fid": 620, "OBJECTID": 620.0, "CalSim_ID": "72_PR4", "Riv_Mi": null, "Riv_Name": null, "Comment": null, "C2VSIM_GW": null, "C2VSIM_SW": null, "CalSim2_ID": null, "Type": "PR", "Sub_Type": "R", "Nrest_Gage": null, "Strm_Code": null, "RM_II": null, "HR": "SJR" }, "geometry": { "type": "Point", "coordinates": [ -120.837653346308073, 37.202683079076238 ] } },
{ "type": "Feature", "properties": { "fid": 621, "OBJECTID": 621.0, "CalSim_ID": "XCC054", "Riv_Mi": 54.0, "Riv_Name": "Main Canal", "Comment": null, "C2VSIM_GW": null, "C2VSIM_SW": null, "CalSim2_ID": null, "Type": "CH", "Sub_Type": "CNL", "Nrest_Gage": null, "Strm_Code": "XCC", "RM_II": 54, "HR": "SJR" }, "geometry": { "type": "Point", "coordinates": [ -121.012040619350387, 37.217915040953017 ] } },
{ "type": "Feature", "properties": { "fid": 622, "OBJECTID": 622.0, "CalSim_ID": "CCC004", "Riv_Mi": 4.0, "Riv_Name": "Contra Costa Canal", "Comment": "CCWD Pumping Plant #1", "C2VSIM_GW": null, "C2VSIM_SW": null, "CalSim2_ID": null, "Type": "CH", "Sub_Type": "CNL", "Nrest_Gage": null, "Strm_Code": "CCC", "RM_II": 4, "HR": "SAC" }, "geometry": { "type": "Point", "coordinates": [ -121.701740838444337, 37.995525892956906 ] } },
{ "type": "Feature", "properties": { "fid": 623, "OBJECTID": 623.0, "CalSim_ID": "90_PA1", "Riv_Mi": null, "Riv_Name": null, "Comment": null, "C2VSIM_GW": null, "C2VSIM_SW": null, "CalSim2_ID": null, "Type": "PR", "Sub_Type": "A", "Nrest_Gage": null, "Strm_Code": null, "RM_II": null, "HR": "SJR" }, "geometry": { "type": "Point", "coordinates": [ -120.231073999262136, 36.505172129304512 ] } },
{ "type": "Feature", "properties": { "fid": 624, "OBJECTID": 624.0, "CalSim_ID": "CAA012", "Riv_Mi": 12.05, "Riv_Name": "California Aqueduct", "Comment": "Check 2. Diversion to 70_PU2", "C2VSIM_GW": null, "C2VSIM_SW": null, "CalSim2_ID": null, "Type": "CH", "Sub_Type": "CNL", "Nrest_Gage": null, "Strm_Code": "CAA", "RM_II": 12, "HR": "SJR" }, "geometry": { "type": "Point", "coordinates": [ -121.528834137015437, 37.716708222414034 ] } },
{ "type": "Feature", "properties": { "fid": 625, "OBJECTID": 625.0, "CalSim_ID": "CAA009", "Riv_Mi": 9.0, "Riv_Name": "California Aqueduct", "Comment": "Proposed CA-DMC Intertie", "C2VSIM_GW": null, "C2VSIM_SW": null, "CalSim2_ID": null, "Type": "CH", "Sub_Type": "CNL", "Nrest_Gage": null, "Strm_Code": "CAA", "RM_II": 9, "HR": "SJR" }, "geometry": { "type": "Point", "coordinates": [ -121.56265379525226, 37.747903076393555 ] } },
{ "type": "Feature", "properties": { "fid": 626, "OBJECTID": 626.0, "CalSim_ID": "CAA006", "Riv_Mi": 5.98, "Riv_Name": "California Aqueduct", "Comment": "Check 1 - End of Repayment Reach 1", "C2VSIM_GW": null, "C2VSIM_SW": null, "CalSim2_ID": null, "Type": "CH", "Sub_Type": "CNL", "Nrest_Gage": null, "Strm_Code": "CAA", "RM_II": 6, "HR": "SJR" }, "geometry": { "type": "Point", "coordinates": [ -121.601138190320185, 37.770905947170178 ] } },
{ "type": "Feature", "properties": { "fid": 627, "OBJECTID": 627.0, "CalSim_ID": "CAA005", "Riv_Mi": 4.59, "Riv_Name": "California Aqueduct", "Comment": "C2VSIM node. Diversion to South Bay Pump Station/Aqueduct", "C2VSIM_GW": null, "C2VSIM_SW": null, "CalSim2_ID": null, "Type": "CH", "Sub_Type": "CNL", "Nrest_Gage": null, "Strm_Code": "CAA", "RM_II": 5, "HR": "SJR" }, "geometry": { "type": "Point", "coordinates": [ -121.6198196940705, 37.782404883571346 ] } },
{ "type": "Feature", "properties": { "fid": 628, "OBJECTID": 628.0, "CalSim_ID": "CAA003", "Riv_Mi": 3.07, "Riv_Name": "California Aqueduct", "Comment": "Harvey O. Banks Pumping Plant", "C2VSIM_GW": null, "C2VSIM_SW": null, "CalSim2_ID": null, "Type": "CH", "Sub_Type": "CNL", "Nrest_Gage": null, "Strm_Code": "CAA", "RM_II": 3, "HR": "SJR" }, "geometry": { "type": "Point", "coordinates": [ -121.620889441717281, 37.800727653497262 ] } },
{ "type": "Feature", "properties": { "fid": 629, "OBJECTID": 629.0, "CalSim_ID": "CAA002", "Riv_Mi": 1.81, "Riv_Name": "California Aqueduct", "Comment": "Diversion to Byron-Bethany ID", "C2VSIM_GW": null, "C2VSIM_SW": null, "CalSim2_ID": null, "Type": "CH", "Sub_Type": "CNL", "Nrest_Gage": null, "Strm_Code": "CAA", "RM_II": 2, "HR": "SJR" }, "geometry": { "type": "Point", "coordinates": [ -121.605293762404685, 37.814113290498746 ] } },
{ "type": "Feature", "properties": { "fid": 630, "OBJECTID": 630.0, "CalSim_ID": "DMC116", "Riv_Mi": 115.58, "Riv_Name": "Delta-Mendota Canal", "Comment": "C2VSIM node. Check Structure", "C2VSIM_GW": null, "C2VSIM_SW": null, "CalSim2_ID": null, "Type": "CH", "Sub_Type": "SG", "Nrest_Gage": "DWR  B0-0770", "Strm_Code": "DMC", "RM_II": 116, "HR": "SJR" }, "geometry": { "type": "Point", "coordinates": [ -120.38606573722447, 36.786472673514368 ] } },
{ "type": "Feature", "properties": { "fid": 631, "OBJECTID": 631.0, "CalSim_ID": "DMC111", "Riv_Mi": 111.21, "Riv_Name": "Delta-Mendota Canal", "Comment": "C2VSIM node. Diversion to Firebaugh Wasteway.", "C2VSIM_GW": null, "C2VSIM_SW": null, "CalSim2_ID": null, "Type": "CH", "Sub_Type": "CNL", "Nrest_Gage": null, "Strm_Code": "DMC", "RM_II": 111, "HR": "SJR" }, "geometry": { "type": "Point", "coordinates": [ -120.439711889481998, 36.829918459343247 ] } },
{ "type": "Feature", "properties": { "fid": 632, "OBJECTID": 632.0, "CalSim_ID": "CACWD", "Riv_Mi": null, "Riv_Name": null, "Comment": "Calaveras County Water District", "C2VSIM_GW": null, "C2VSIM_SW": null, "CalSim2_ID": null, "Type": "OM", "Sub_Type": "OMD", "Nrest_Gage": null, "Strm_Code": null, "RM_II": null, "HR": "SJR" }, "geometry": { "type": "Point", "coordinates": [ -120.865271576446389, 38.075173138017981 ] } },
{ "type": "Feature", "properties": { "fid": 633, "OBJECTID": 633.0, "CalSim_ID": "CLV006", "Riv_Mi": 5.73, "Riv_Name": "Calaveras River", "Comment": null, "C2VSIM_GW": null, "C2VSIM_SW": null, "CalSim2_ID": null, "Type": "CH", "Sub_Type": "STM", "Nrest_Gage": null, "Strm_Code": "CLV", "RM_II": 6, "HR": "SJR" }, "geometry": { "type": "Point", "coordinates": [ -121.280625961123363, 37.994259140095949 ] } },
{ "type": "Feature", "properties": { "fid": 634, "OBJECTID": 634.0, "CalSim_ID": "DCT050", "Riv_Mi": 50.1, "Riv_Name": "Dry Creek (Tuolumne)", "Comment": null, "C2VSIM_GW": null, "C2VSIM_SW": null, "CalSim2_ID": null, "Type": "CH", "Sub_Type": "STM", "Nrest_Gage": null, "Strm_Code": "DCT", "RM_II": 50, "HR": "SJR" }, "geometry": { "type": "Point", "coordinates": [ -120.475859034756795, 37.685413099459943 ] } },
{ "type": "Feature", "properties": { "fid": 635, "OBJECTID": 635.0, "CalSim_ID": "FBW001", "Riv_Mi": 0.42, "Riv_Name": "Firebaugh Wasteway", "Comment": "Artificial point to connect DMC diversion to wasteway", "C2VSIM_GW": null, "C2VSIM_SW": null, "CalSim2_ID": null, "Type": "CH", "Sub_Type": "CNL", "Nrest_Gage": null, "Strm_Code": "FBW", "RM_II": 1, "HR": "SJR" }, "geometry": { "type": "Point", "coordinates": [ -120.436544456968491, 36.835395957585185 ] } },
{ "type": "Feature", "properties": { "fid": 636, "OBJECTID": 636.0, "CalSim_ID": "DMC105", "Riv_Mi": 105.06, "Riv_Name": "Delta-Mendota Canal", "Comment": "C2VSIM node. Check Structure", "C2VSIM_GW": null, "C2VSIM_SW": null, "CalSim2_ID": null, "Type": "CH", "Sub_Type": "CNL", "Nrest_Gage": null, "Strm_Code": "DMC", "RM_II": 105, "HR": "SJR" }, "geometry": { "type": "Point", "coordinates": [ -120.526248979093467, 36.870613161712974 ] } },
{ "type": "Feature", "properties": { "fid": 637, "OBJECTID": 637.0, "CalSim_ID": "DMC097", "Riv_Mi": 96.81, "Riv_Name": "Delta-Mendota Canal", "Comment": "C2VSIM node. Check Structure", "C2VSIM_GW": null, "C2VSIM_SW": null, "CalSim2_ID": null, "Type": "CH", "Sub_Type": "CNL", "Nrest_Gage": null, "Strm_Code": "DMC", "RM_II": 97, "HR": "SJR" }, "geometry": { "type": "Point", "coordinates": [ -120.669774992422191, 36.889936229094985 ] } },
{ "type": "Feature", "properties": { "fid": 638, "OBJECTID": 638.0, "CalSim_ID": "DMC091", "Riv_Mi": 90.56, "Riv_Name": "Delta-Mendota Canal", "Comment": "C2VSIM node. Diversion to 73_PA3 and XCC. Check Structure", "C2VSIM_GW": null, "C2VSIM_SW": null, "CalSim2_ID": null, "Type": "CH", "Sub_Type": "CNL", "Nrest_Gage": null, "Strm_Code": "DMC", "RM_II": 91, "HR": "SJR" }, "geometry": { "type": "Point", "coordinates": [ -120.76988819900788, 36.920128614252619 ] } },
{ "type": "Feature", "properties": { "fid": 639, "OBJECTID": 639.0, "CalSim_ID": "DMC085", "Riv_Mi": 85.09, "Riv_Name": "Delta-Mendota Canal", "Comment": "C2VSIM node. Check Structure", "C2VSIM_GW": null, "C2VSIM_SW": null, "CalSim2_ID": null, "Type": "CH", "Sub_Type": "CNL", "Nrest_Gage": null, "Strm_Code": "DMC", "RM_II": 85, "HR": "SJR" }, "geometry": { "type": "Point", "coordinates": [ -120.83179123095799, 36.968921269998326 ] } },
{ "type": "Feature", "properties": { "fid": 640, "OBJECTID": 640.0, "CalSim_ID": "DMC080", "Riv_Mi": 79.6, "Riv_Name": "Delta-Mendota Canal", "Comment": "C2VSIM node. Check Structure #15", "C2VSIM_GW": null, "C2VSIM_SW": null, "CalSim2_ID": null, "Type": "CH", "Sub_Type": "CNL", "Nrest_Gage": null, "Strm_Code": "DMC", "RM_II": 80, "HR": "SJR" }, "geometry": { "type": "Point", "coordinates": [ -120.901116363642785, 37.019292680909764 ] } },
{ "type": "Feature", "properties": { "fid": 641, "OBJECTID": 641.0, "CalSim_ID": "DMC074", "Riv_Mi": 74.4, "Riv_Name": "Delta-Mendota Canal", "Comment": "C2VSIM node. Diversion to XCC? Check Structure #14", "C2VSIM_GW": null, "C2VSIM_SW": null, "CalSim2_ID": null, "Type": "CH", "Sub_Type": "CNL", "Nrest_Gage": null, "Strm_Code": "DMC", "RM_II": 74, "HR": "SJR" }, "geometry": { "type": "Point", "coordinates": [ -120.966474741433174, 37.066720616980078 ] } },
{ "type": "Feature", "properties": { "fid": 642, "OBJECTID": 642.0, "CalSim_ID": "DMC070", "Riv_Mi": 69.98, "Riv_Name": "Delta-Mendota Canal", "Comment": "C2VSIM node. Diversion to Volta Wasteway. Check Structure #13", "C2VSIM_GW": null, "C2VSIM_SW": null, "CalSim2_ID": null, "Type": "CH", "Sub_Type": "CNL", "Nrest_Gage": null, "Strm_Code": "DMC", "RM_II": 70, "HR": "SJR" }, "geometry": { "type": "Point", "coordinates": [ -121.037608860817798, 37.090971298056495 ] } },
{ "type": "Feature", "properties": { "fid": 643, "OBJECTID": 643.0, "CalSim_ID": "WTPDGT", "Riv_Mi": null, "Riv_Name": null, "Comment": "Nick C. DeGroot Water Treatment Plant", "C2VSIM_GW": null, "C2VSIM_SW": null, "CalSim2_ID": null, "Type": "WTP", "Sub_Type": "NA", "Nrest_Gage": null, "Strm_Code": null, "RM_II": null, "HR": "SJR" }, "geometry": { "type": "Point", "coordinates": [ -120.890865324297934, 37.858557400246248 ] } },
{ "type": "Feature", "properties": { "fid": 644, "OBJECTID": 644.0, "CalSim_ID": "DMC064", "Riv_Mi": 64.02, "Riv_Name": "Delta-Mendota Canal", "Comment": "C2VSIM node. Check Structure #12", "C2VSIM_GW": null, "C2VSIM_SW": null, "CalSim2_ID": null, "Type": "CH", "Sub_Type": "CNL", "Nrest_Gage": null, "Strm_Code": "DMC", "RM_II": 64, "HR": "SJR" }, "geometry": { "type": "Point", "coordinates": [ -121.045894435382948, 37.169676142992991 ] } },
{ "type": "Feature", "properties": { "fid": 645, "OBJECTID": 645.0, "CalSim_ID": "DMC058", "Riv_Mi": 58.27, "Riv_Name": "Delta-Mendota Canal", "Comment": "C2VSIM node. Check Structure #11", "C2VSIM_GW": null, "C2VSIM_SW": null, "CalSim2_ID": null, "Type": "CH", "Sub_Type": "CNL", "Nrest_Gage": null, "Strm_Code": "DMC", "RM_II": 58, "HR": "SJR" }, "geometry": { "type": "Point", "coordinates": [ -121.07736462510114, 37.242060473506484 ] } },
{ "type": "Feature", "properties": { "fid": 646, "OBJECTID": 646.0, "CalSim_ID": "DMC054", "Riv_Mi": 54.41, "Riv_Name": "Delta-Mendota Canal", "Comment": "C2VSIM node. Diversion to Newman Wasteway and 71_PA6. Check Structure #10", "C2VSIM_GW": null, "C2VSIM_SW": null, "CalSim2_ID": null, "Type": "CH", "Sub_Type": "CNL", "Nrest_Gage": null, "Strm_Code": "DMC", "RM_II": 54, "HR": "SJR" }, "geometry": { "type": "Point", "coordinates": [ -121.088004886264429, 37.290901864816092 ] } },
{ "type": "Feature", "properties": { "fid": 647, "OBJECTID": 647.0, "CalSim_ID": "DMC049", "Riv_Mi": 48.66, "Riv_Name": "Delta-Mendota Canal", "Comment": "C2VSIM node. Check Structure #9", "C2VSIM_GW": null, "C2VSIM_SW": null, "CalSim2_ID": null, "Type": "CH", "Sub_Type": "CNL", "Nrest_Gage": null, "Strm_Code": "DMC", "RM_II": 49, "HR": "SJR" }, "geometry": { "type": "Point", "coordinates": [ -121.104457454962073, 37.36623583262886 ] } },
{ "type": "Feature", "properties": { "fid": 648, "OBJECTID": 648.0, "CalSim_ID": "DMC044", "Riv_Mi": 44.3, "Riv_Name": "Delta-Mendota Canal", "Comment": "C2VSIM node. Check Structure #8", "C2VSIM_GW": null, "C2VSIM_SW": null, "CalSim2_ID": null, "Type": "CH", "Sub_Type": "CNL", "Nrest_Gage": null, "Strm_Code": "DMC", "RM_II": 44, "HR": "SJR" }, "geometry": { "type": "Point", "coordinates": [ -121.130890185049466, 37.420183549035606 ] } },
{ "type": "Feature", "properties": { "fid": 649, "OBJECTID": 649.0, "CalSim_ID": "DMC039", "Riv_Mi": 38.7, "Riv_Name": "Delta-Mendota Canal", "Comment": "C2VSIM node. Check Structure #7", "C2VSIM_GW": null, "C2VSIM_SW": null, "CalSim2_ID": null, "Type": "CH", "Sub_Type": "CNL", "Nrest_Gage": null, "Strm_Code": "DMC", "RM_II": 39, "HR": "SJR" }, "geometry": { "type": "Point", "coordinates": [ -121.184995462438124, 37.476127205611164 ] } },
{ "type": "Feature", "properties": { "fid": 650, "OBJECTID": 650.0, "CalSim_ID": "DMC034", "Riv_Mi": 34.34, "Riv_Name": "Delta-Mendota Canal", "Comment": "C2VSIM node. Diversion to Westley Wasteway, 71_PA2 and 71_PA3. Check Structure #6", "C2VSIM_GW": null, "C2VSIM_SW": null, "CalSim2_ID": null, "Type": "CH", "Sub_Type": "CNL", "Nrest_Gage": null, "Strm_Code": "DMC", "RM_II": 34, "HR": "SJR" }, "geometry": { "type": "Point", "coordinates": [ -121.219293663905844, 37.523237129393507 ] } },
{ "type": "Feature", "properties": { "fid": 651, "OBJECTID": 651.0, "CalSim_ID": "DMC030", "Riv_Mi": 29.86, "Riv_Name": "Delta-Mendota Canal", "Comment": "C2VSIM node. Diversion to 71_PA1. Check Structure #5", "C2VSIM_GW": null, "C2VSIM_SW": null, "CalSim2_ID": null, "Type": "CH", "Sub_Type": "CNL", "Nrest_Gage": null, "Strm_Code": "DMC", "RM_II": 30, "HR": "SJR" }, "geometry": { "type": "Point", "coordinates": [ -121.270834459179028, 37.560045667376045 ] } },
{ "type": "Feature", "properties": { "fid": 652, "OBJECTID": 652.0, "CalSim_ID": "DMC024", "Riv_Mi": 24.46, "Riv_Name": "Delta-Mendota Canal", "Comment": "C2VSIM node. Check Structure", "C2VSIM_GW": null, "C2VSIM_SW": null, "CalSim2_ID": null, "Type": "CH", "Sub_Type": "CNL", "Nrest_Gage": null, "Strm_Code": "DMC", "RM_II": 24, "HR": "SJR" }, "geometry": { "type": "Point", "coordinates": [ -121.325030889631122, 37.617968442771939 ] } },
{ "type": "Feature", "properties": { "fid": 653, "OBJECTID": 653.0, "CalSim_ID": "DMC021", "Riv_Mi": 20.62, "Riv_Name": "Delta-Mendota Canal", "Comment": "C2VSIM node. Diversion to 70_PA2. Check Structure", "C2VSIM_GW": null, "C2VSIM_SW": null, "CalSim2_ID": null, "Type": "CH", "Sub_Type": "CNL", "Nrest_Gage": null, "Strm_Code": "DMC", "RM_II": 21, "HR": "SJR" }, "geometry": { "type": "Point", "coordinates": [ -121.376114041029808, 37.643205638224906 ] } },
{ "type": "Feature", "properties": { "fid": 654, "OBJECTID": 654.0, "CalSim_ID": "DMC016", "Riv_Mi": 15.74, "Riv_Name": "Delta-Mendota Canal", "Comment": "C2VSIM node. Diversion to John Jones WTP. Check Structure", "C2VSIM_GW": null, "C2VSIM_SW": null, "CalSim2_ID": null, "Type": "CH", "Sub_Type": "CNL", "Nrest_Gage": null, "Strm_Code": "DMC", "RM_II": 16, "HR": "SJR" }, "geometry": { "type": "Point", "coordinates": [ -121.434861327424528, 37.679183219643555 ] } },
{ "type": "Feature", "properties": { "fid": 655, "OBJECTID": 655.0, "CalSim_ID": "DMC011", "Riv_Mi": 11.34, "Riv_Name": "Delta-Mendota Canal", "Comment": "C2VSIM node. USGS Gage.", "C2VSIM_GW": null, "C2VSIM_SW": null, "CalSim2_ID": null, "Type": "CH", "Sub_Type": "CNL", "Nrest_Gage": null, "Strm_Code": "DMC", "RM_II": 11, "HR": "SJR" }, "geometry": { "type": "Point", "coordinates": [ -121.502497413113545, 37.712251758663697 ] } },
{ "type": "Feature", "properties": { "fid": 656, "OBJECTID": 656.0, "CalSim_ID": "DMC007", "Riv_Mi": 7.0, "Riv_Name": "Delta-Mendota Canal", "Comment": "Proposed CA-DMC Intertie", "C2VSIM_GW": null, "C2VSIM_SW": null, "CalSim2_ID": null, "Type": "CH", "Sub_Type": "CNL", "Nrest_Gage": null, "Strm_Code": "DMC", "RM_II": 7, "HR": "SJR" }, "geometry": { "type": "Point", "coordinates": [ -121.562539607188427, 37.74951396601346 ] } },
{ "type": "Feature", "properties": { "fid": 657, "OBJECTID": 657.0, "CalSim_ID": "FSL005", "Riv_Mi": 5.0, "Riv_Name": "Fresno Slough", "Comment": "C2VSIM node.", "C2VSIM_GW": "886", "C2VSIM_SW": "52", "CalSim2_ID": null, "Type": "CH", "Sub_Type": "STM", "Nrest_Gage": null, "Strm_Code": "FSL", "RM_II": 5, "HR": "SJR" }, "geometry": { "type": "Point", "coordinates": [ -120.34081239101755, 36.730585903779215 ] } },
{ "type": "Feature", "properties": { "fid": 658, "OBJECTID": 658.0, "CalSim_ID": "MDOTA", "Riv_Mi": 202.7, "Riv_Name": "San Joaquin River", "Comment": "Mendota Pool. C2VSIM node.", "C2VSIM_GW": "872", "C2VSIM_SW": "53", "CalSim2_ID": null, "Type": "STR", "Sub_Type": "SIM", "Nrest_Gage": null, "Strm_Code": null, "RM_II": null, "HR": "SJR" }, "geometry": { "type": "Point", "coordinates": [ -120.369878325830314, 36.785090528213459 ] } },
{ "type": "Feature", "properties": { "fid": 659, "OBJECTID": 659.0, "CalSim_ID": "50_PU", "Riv_Mi": null, "Riv_Name": null, "Comment": "City of Tracy", "C2VSIM_GW": null, "C2VSIM_SW": null, "CalSim2_ID": null, "Type": "PR", "Sub_Type": "U", "Nrest_Gage": null, "Strm_Code": null, "RM_II": null, "HR": "SJR" }, "geometry": { "type": "Point", "coordinates": [ -121.420588700691326, 37.740042876102933 ] } },
{ "type": "Feature", "properties": { "fid": 660, "OBJECTID": 660.0, "CalSim_ID": "61_PA1", "Riv_Mi": null, "Riv_Name": null, "Comment": null, "C2VSIM_GW": null, "C2VSIM_SW": null, "CalSim2_ID": null, "Type": "PR", "Sub_Type": "A", "Nrest_Gage": null, "Strm_Code": null, "RM_II": null, "HR": "SJR" }, "geometry": { "type": "Point", "coordinates": [ -120.883701224490466, 37.811432425073676 ] } },
{ "type": "Feature", "properties": { "fid": 661, "OBJECTID": 661.0, "CalSim_ID": "XCC025", "Riv_Mi": 25.32, "Riv_Name": "Main Canal", "Comment": "Intertie to DMC.  Diversion to 72_XA1.  Mileage doe NOT match ID.", "C2VSIM_GW": null, "C2VSIM_SW": null, "CalSim2_ID": null, "Type": "CH", "Sub_Type": "CNL", "Nrest_Gage": null, "Strm_Code": "XCC", "RM_II": 25, "HR": "SJR" }, "geometry": { "type": "Point", "coordinates": [ -120.757743063618392, 36.940317064699748 ] } },
{ "type": "Feature", "properties": { "fid": 662, "OBJECTID": 662.0, "CalSim_ID": "XCC043", "Riv_Mi": 42.74, "Riv_Name": "Main Canal", "Comment": "Intertie to DMC. Diversion to 72_PR5", "C2VSIM_GW": null, "C2VSIM_SW": null, "CalSim2_ID": null, "Type": "CH", "Sub_Type": "CNL", "Nrest_Gage": null, "Strm_Code": "XCC", "RM_II": 43, "HR": "SJR" }, "geometry": { "type": "Point", "coordinates": [ -120.957908748388675, 37.075615808739286 ] } },
{ "type": "Feature", "properties": { "fid": 663, "OBJECTID": 663.0, "CalSim_ID": "SJR009", "Riv_Mi": 9.0, "Riv_Name": "San Joaquin River", "Comment": "Inflow from Marsh Creek. C2VSIM node", "C2VSIM_GW": "533", "C2VSIM_SW": "202", "CalSim2_ID": null, "Type": "CH", "Sub_Type": "STM", "Nrest_Gage": null, "Strm_Code": "SJR", "RM_II": 9, "HR": "SAC" }, "geometry": { "type": "Point", "coordinates": [ -121.739365929683757, 38.026713147364838 ] } },
{ "type": "Feature", "properties": { "fid": 664, "OBJECTID": 664.0, "CalSim_ID": "DEE020", "Riv_Mi": 20.24, "Riv_Name": "Dry Creek (South)", "Comment": null, "C2VSIM_GW": null, "C2VSIM_SW": null, "CalSim2_ID": null, "Type": "CH", "Sub_Type": "STM", "Nrest_Gage": null, "Strm_Code": "DEE", "RM_II": 20, "HR": "SJR" }, "geometry": { "type": "Point", "coordinates": [ -121.141969404645764, 38.533508943605653 ] } },
{ "type": "Feature", "properties": { "fid": 665, "OBJECTID": 665.0, "CalSim_ID": "MCD032", "Riv_Mi": 32.1, "Riv_Name": "Merced River", "Comment": null, "C2VSIM_GW": null, "C2VSIM_SW": null, "CalSim2_ID": null, "Type": "CH", "Sub_Type": "STM", "Nrest_Gage": null, "Strm_Code": "MCD", "RM_II": 32, "HR": "SJR" }, "geometry": { "type": "Point", "coordinates": [ -120.619203433256686, 37.451826384431513 ] } },
{ "type": "Feature", "properties": { "fid": 666, "OBJECTID": 666.0, "CalSim_ID": "SJR013", "Riv_Mi": 13.0, "Riv_Name": "San Joaquin River", "Comment": "Confluence with Threemile Slough/Connection to Sacramento River. C2VSIM node. USGS Gage.", "C2VSIM_GW": "534", "C2VSIM_SW": "201", "CalSim2_ID": null, "Type": "CH", "Sub_Type": "STM", "Nrest_Gage": null, "Strm_Code": "SJR", "RM_II": 13, "HR": "SAC" }, "geometry": { "type": "Point", "coordinates": [ -121.681443207032629, 38.060244612774795 ] } },
{ "type": "Feature", "properties": { "fid": 667, "OBJECTID": 667.0, "CalSim_ID": "SJR022", "Riv_Mi": 21.68, "Riv_Name": "San Joaquin River", "Comment": "Confluence with Mokelumne River. C2VSIMnode.", "C2VSIM_GW": "520", "C2VSIM_SW": "172", "CalSim2_ID": null, "Type": "CH", "Sub_Type": "STM", "Nrest_Gage": null, "Strm_Code": "SJR", "RM_II": 22, "HR": "SAC" }, "geometry": { "type": "Point", "coordinates": [ -121.577388890350704, 38.096848196806505 ] } },
{ "type": "Feature", "properties": { "fid": 668, "OBJECTID": 668.0, "CalSim_ID": "SJR023", "Riv_Mi": 23.27, "Riv_Name": "San Joaquin River", "Comment": "Confluence with Old River. C2VSIM node.", "C2VSIM_GW": "540", "C2VSIM_SW": "171", "CalSim2_ID": "408", "Type": "CH", "Sub_Type": "STM", "Nrest_Gage": null, "Strm_Code": "SJR", "RM_II": 23, "HR": "SAC" }, "geometry": { "type": "Point", "coordinates": [ -121.568864251768389, 38.075712057710284 ] } },
{ "type": "Feature", "properties": { "fid": 669, "OBJECTID": 669.0, "CalSim_ID": "SJR026", "Riv_Mi": 25.89, "Riv_Name": "San Joaquin River", "Comment": "Confluence with Middle River.", "C2VSIM_GW": null, "C2VSIM_SW": null, "CalSim2_ID": "409", "Type": "CH", "Sub_Type": "STM", "Nrest_Gage": null, "Strm_Code": "SJR", "RM_II": 26, "HR": "SAC" }, "geometry": { "type": "Point", "coordinates": [ -121.535440410452466, 38.055901687779162 ] } },
{ "type": "Feature", "properties": { "fid": 670, "OBJECTID": 670.0, "CalSim_ID": "SJR028", "Riv_Mi": 28.23, "Riv_Name": "San Joaquin River", "Comment": "Diversion to future Stockton WTPDWS.  C2VSIM node.", "C2VSIM_GW": "543", "C2VSIM_SW": "170", "CalSim2_ID": "411", "Type": "CH", "Sub_Type": "STM", "Nrest_Gage": null, "Strm_Code": "SJR", "RM_II": 28, "HR": "SAC" }, "geometry": { "type": "Point", "coordinates": [ -121.498593696975519, 38.042814710794474 ] } },
{ "type": "Feature", "properties": { "fid": 671, "OBJECTID": 671.0, "CalSim_ID": "SJR033", "Riv_Mi": 32.59, "Riv_Name": "San Joaquin River", "Comment": "Confluence with Turner Cut (Middle River access). C2VSIM node.", "C2VSIM_GW": "553", "C2VSIM_SW": "169", "CalSim2_ID": null, "Type": "CH", "Sub_Type": "STM", "Nrest_Gage": null, "Strm_Code": "SJR", "RM_II": 33, "HR": "SAC" }, "geometry": { "type": "Point", "coordinates": [ -121.444671082557534, 37.997657683553626 ] } },
{ "type": "Feature", "properties": { "fid": 672, "OBJECTID": 672.0, "CalSim_ID": "SJR038", "Riv_Mi": 37.53, "Riv_Name": "San Joaquin River", "Comment": "Confluence with Calaveras River. C2VSIM node.", "C2VSIM_GW": "558", "C2VSIM_SW": "160", "CalSim2_ID": null, "Type": "CH", "Sub_Type": "STM", "Nrest_Gage": null, "Strm_Code": "SJR", "RM_II": 38, "HR": "SAC" }, "geometry": { "type": "Point", "coordinates": [ -121.36897847241039, 37.966496066104085 ] } },
{ "type": "Feature", "properties": { "fid": 673, "OBJECTID": 673.0, "CalSim_ID": "SJR042", "Riv_Mi": 41.68, "Riv_Name": "San Joaquin River", "Comment": "Return from SRWWTP (Stockton Regional WWTP). NOT confluence with FCS (See SJR043)", "C2VSIM_GW": "567", "C2VSIM_SW": "159", "CalSim2_ID": null, "Type": "CH", "Sub_Type": "STM", "Nrest_Gage": null, "Strm_Code": "SJR", "RM_II": 42, "HR": "SAC" }, "geometry": { "type": "Point", "coordinates": [ -121.330521669484199, 37.935282142755391 ] } },
{ "type": "Feature", "properties": { "fid": 674, "OBJECTID": 674.0, "CalSim_ID": "SJR043", "Riv_Mi": 42.92, "Riv_Name": "San Joaquin River", "Comment": "Confluence with French Camp Slough.", "C2VSIM_GW": null, "C2VSIM_SW": null, "CalSim2_ID": null, "Type": "CH", "Sub_Type": "STM", "Nrest_Gage": null, "Strm_Code": "SJR", "RM_II": 43, "HR": "SJR" }, "geometry": { "type": "Point", "coordinates": [ -121.319653731371972, 37.920569999751777 ] } },
{ "type": "Feature", "properties": { "fid": 675, "OBJECTID": 675.0, "CalSim_ID": "SJR048", "Riv_Mi": 48.0, "Riv_Name": "San Joaquin River", "Comment": "C2VSIM node.", "C2VSIM_GW": "576", "C2VSIM_SW": "158", "CalSim2_ID": null, "Type": "CH", "Sub_Type": "STM", "Nrest_Gage": null, "Strm_Code": "SJR", "RM_II": 48, "HR": "SJR" }, "geometry": { "type": "Point", "coordinates": [ -121.318614303013078, 37.857814284982844 ] } },
{ "type": "Feature", "properties": { "fid": 676, "OBJECTID": 676.0, "CalSim_ID": "SAL006", "Riv_Mi": 5.83, "Riv_Name": "Salt Slough", "Comment": "Salt Slough at HWY165 near Stevinson", "C2VSIM_GW": null, "C2VSIM_SW": null, "CalSim2_ID": null, "Type": "CH", "Sub_Type": "SG", "Nrest_Gage": "11261100", "Strm_Code": "SAL", "RM_II": 6, "HR": "SJR" }, "geometry": { "type": "Point", "coordinates": [ -120.852202072002157, 37.247878531598467 ] } },
{ "type": "Feature", "properties": { "fid": 677, "OBJECTID": 677.0, "CalSim_ID": "SBA000", "Riv_Mi": null, "Riv_Name": null, "Comment": "South Bay Pumping Plant", "C2VSIM_GW": null, "C2VSIM_SW": null, "CalSim2_ID": null, "Type": "CH", "Sub_Type": "CNL", "Nrest_Gage": null, "Strm_Code": "SBA", "RM_II": null, "HR": "SJR" }, "geometry": { "type": "Point", "coordinates": [ -121.625034556015763, 37.77723754119333 ] } },
{ "type": "Feature", "properties": { "fid": 678, "OBJECTID": 678.0, "CalSim_ID": "SJR053", "Riv_Mi": 53.34, "Riv_Name": "San Joaquin River", "Comment": "Old River split. Diversion to Net Delta Depletion.", "C2VSIM_GW": null, "C2VSIM_SW": null, "CalSim2_ID": null, "Type": "CH", "Sub_Type": "STM", "Nrest_Gage": null, "Strm_Code": "SJR", "RM_II": 53, "HR": "SJR" }, "geometry": { "type": "Point", "coordinates": [ -121.326838761310441, 37.807903630708275 ] } },
{ "type": "Feature", "properties": { "fid": 679, "OBJECTID": 679.0, "CalSim_ID": "UFC000", "Riv_Mi": 0.0, "Riv_Name": "Upper Farmington Canal", "Comment": "End of Goodwin Tunnel", "C2VSIM_GW": null, "C2VSIM_SW": null, "CalSim2_ID": null, "Type": "CH", "Sub_Type": "CNL", "Nrest_Gage": null, "Strm_Code": "UFC", "RM_II": 0, "HR": "SJR" }, "geometry": { "type": "Point", "coordinates": [ -120.684072688815647, 37.848078228840471 ] } },
{ "type": "Feature", "properties": { "fid": 680, "OBJECTID": 680.0, "CalSim_ID": "SJR056", "Riv_Mi": 56.0, "Riv_Name": "San Joaquin River", "Comment": "C2VSIM node.", "C2VSIM_GW": "592", "C2VSIM_SW": "157", "CalSim2_ID": null, "Type": "CH", "Sub_Type": "STM", "Nrest_Gage": null, "Strm_Code": "SJR", "RM_II": 56, "HR": "SJR" }, "geometry": { "type": "Point", "coordinates": [ -121.307999112511624, 37.787793199125034 ] } },
{ "type": "Feature", "properties": { "fid": 681, "OBJECTID": 681.0, "CalSim_ID": "SJR062", "Riv_Mi": 61.64, "Riv_Name": "San Joaquin River", "Comment": "C2VSIM node. Diversion to Banta-Carbona Lift Canal.", "C2VSIM_GW": "605", "C2VSIM_SW": "156", "CalSim2_ID": null, "Type": "CH", "Sub_Type": "STM", "Nrest_Gage": null, "Strm_Code": "SJR", "RM_II": 62, "HR": "SJR" }, "geometry": { "type": "Point", "coordinates": [ -121.297660855362679, 37.726142756958318 ] } },
{ "type": "Feature", "properties": { "fid": 682, "OBJECTID": 682.0, "CalSim_ID": "SJR070", "Riv_Mi": 69.82, "Riv_Name": "San Joaquin River", "Comment": "C2VSIM node. USGS Gage near Vernalis", "C2VSIM_GW": null, "C2VSIM_SW": null, "CalSim2_ID": null, "Type": "CH", "Sub_Type": "SG", "Nrest_Gage": "11303500", "Strm_Code": "SJR", "RM_II": 70, "HR": "SJR" }, "geometry": { "type": "Point", "coordinates": [ -121.265292774099038, 37.675766126304211 ] } },
{ "type": "Feature", "properties": { "fid": 683, "OBJECTID": 683.0, "CalSim_ID": "SJR072", "Riv_Mi": 71.56, "Riv_Name": "San Joaquin River", "Comment": "C2VSIM node. Confluence with Stanislaus River. Stanislaus River at mouth near Vernalis. DWRB03102", "C2VSIM_GW": "615", "C2VSIM_SW": "145", "CalSim2_ID": null, "Type": "CH", "Sub_Type": "SG", "Nrest_Gage": "DWR B0-3102", "Strm_Code": "SJR", "RM_II": 72, "HR": "SJR" }, "geometry": { "type": "Point", "coordinates": [ -121.241480861061206, 37.665002542429193 ] } },
{ "type": "Feature", "properties": { "fid": 684, "OBJECTID": 684.0, "CalSim_ID": "SJR075", "Riv_Mi": 74.91, "Riv_Name": "San Joaquin River", "Comment": "San Joaquin River at Maze Rd Bridge near Modesto", "C2VSIM_GW": null, "C2VSIM_SW": null, "CalSim2_ID": null, "Type": "CH", "Sub_Type": "SG", "Nrest_Gage": "11290500", "Strm_Code": "SJR", "RM_II": 75, "HR": "SJR" }, "geometry": { "type": "Point", "coordinates": [ -121.228623284463737, 37.64121323951278 ] } },
{ "type": "Feature", "properties": { "fid": 685, "OBJECTID": 685.0, "CalSim_ID": "SJR081", "Riv_Mi": 81.49, "Riv_Name": "San Joaquin River", "Comment": "C2VSIM node. Confluence wtih Tuolumne River.", "C2VSIM_GW": "633", "C2VSIM_SW": "134", "CalSim2_ID": null, "Type": "CH", "Sub_Type": "STM", "Nrest_Gage": null, "Strm_Code": "SJR", "RM_II": 81, "HR": "SJR" }, "geometry": { "type": "Point", "coordinates": [ -121.174181524419822, 37.606033121701316 ] } },
{ "type": "Feature", "properties": { "fid": 686, "OBJECTID": 686.0, "CalSim_ID": "SJR082", "Riv_Mi": 81.76, "Riv_Name": "San Joaquin River", "Comment": "Diversion to Westside ID Canal.", "C2VSIM_GW": null, "C2VSIM_SW": null, "CalSim2_ID": null, "Type": "CH", "Sub_Type": "STM", "Nrest_Gage": null, "Strm_Code": "SJR", "RM_II": 82, "HR": "SJR" }, "geometry": { "type": "Point", "coordinates": [ -121.177846205931345, 37.605572098752454 ] } },
{ "type": "Feature", "properties": { "fid": 687, "OBJECTID": 687.0, "CalSim_ID": "SJR087", "Riv_Mi": 87.31, "Riv_Name": "San Joaquin River", "Comment": "Confluence with Westley Wasteway.", "C2VSIM_GW": null, "C2VSIM_SW": null, "CalSim2_ID": null, "Type": "CH", "Sub_Type": "STM", "Nrest_Gage": null, "Strm_Code": "SJR", "RM_II": 87, "HR": "SJR" }, "geometry": { "type": "Point", "coordinates": [ -121.153857899483157, 37.559829169554305 ] } },
{ "type": "Feature", "properties": { "fid": 688, "OBJECTID": 688.0, "CalSim_ID": "SJR090", "Riv_Mi": 90.0, "Riv_Name": "San Joaquin River", "Comment": "C2VSIM node.", "C2VSIM_GW": "649", "C2VSIM_SW": "133", "CalSim2_ID": null, "Type": "CH", "Sub_Type": "STM", "Nrest_Gage": null, "Strm_Code": "SJR", "RM_II": 90, "HR": "SJR" }, "geometry": { "type": "Point", "coordinates": [ -121.123299263681659, 37.554377897409715 ] } },
{ "type": "Feature", "properties": { "fid": 689, "OBJECTID": 689.0, "CalSim_ID": "SJR091", "Riv_Mi": 91.0, "Riv_Name": "San Joaquin River", "Comment": "Confluence with Del Puerto Creek.", "C2VSIM_GW": null, "C2VSIM_SW": null, "CalSim2_ID": null, "Type": "CH", "Sub_Type": "STM", "Nrest_Gage": null, "Strm_Code": "SJR", "RM_II": 91, "HR": "SJR" }, "geometry": { "type": "Point", "coordinates": [ -121.115710563014545, 37.542823381717263 ] } },
{ "type": "Feature", "properties": { "fid": 690, "OBJECTID": 690.0, "CalSim_ID": "SJR096", "Riv_Mi": 95.94, "Riv_Name": "San Joaquin River", "Comment": "San Joaquin near Patterson", "C2VSIM_GW": "660", "C2VSIM_SW": "132", "CalSim2_ID": null, "Type": "CH", "Sub_Type": "SG", "Nrest_Gage": "CDEC (SJP)", "Strm_Code": "SJR", "RM_II": 96, "HR": "SJR" }, "geometry": { "type": "Point", "coordinates": [ -121.082417136905434, 37.49758755053508 ] } },
{ "type": "Feature", "properties": { "fid": 691, "OBJECTID": 691.0, "CalSim_ID": "SJR105", "Riv_Mi": 104.69, "Riv_Name": "San Joaquin River", "Comment": "San Joaquin River near Crows Landing.", "C2VSIM_GW": null, "C2VSIM_SW": null, "CalSim2_ID": null, "Type": "CH", "Sub_Type": "SG", "Nrest_Gage": "11274550", "Strm_Code": "SJR", "RM_II": 105, "HR": "SJR" }, "geometry": { "type": "Point", "coordinates": [ -121.013459444108378, 37.431428359150146 ] } },
{ "type": "Feature", "properties": { "fid": 692, "OBJECTID": 692.0, "CalSim_ID": "LJC010", "Riv_Mi": 14.44, "Riv_Name": "Littlejohns Creek", "Comment": "Diversion to 60S_PA2", "C2VSIM_GW": null, "C2VSIM_SW": null, "CalSim2_ID": null, "Type": "CH", "Sub_Type": "STM", "Nrest_Gage": null, "Strm_Code": "LJC", "RM_II": 10, "HR": "SJR" }, "geometry": { "type": "Point", "coordinates": [ -121.035193344602391, 37.919530437053403 ] } },
{ "type": "Feature", "properties": { "fid": 693, "OBJECTID": 693.0, "CalSim_ID": "CHC000", "Riv_Mi": null, "Riv_Name": "Corral Hollow Creek", "Comment": "Straight to groundwater. Nearby USGS 11304000", "C2VSIM_GW": "609", "C2VSIM_SW": "N/A", "CalSim2_ID": null, "Type": "CH", "Sub_Type": "GWO", "Nrest_Gage": null, "Strm_Code": "CHC", "RM_II": null, "HR": "SJR" }, "geometry": { "type": "Point", "coordinates": [ -121.448683877391034, 37.6726803716981 ] } },
{ "type": "Feature", "properties": { "fid": 694, "OBJECTID": 694.0, "CalSim_ID": "SFLPE", "Riv_Mi": null, "Riv_Name": null, "Comment": "San Felipe Division", "C2VSIM_GW": null, "C2VSIM_SW": null, "CalSim2_ID": null, "Type": "OM", "Sub_Type": "OMD", "Nrest_Gage": null, "Strm_Code": null, "RM_II": null, "HR": "SJR" }, "geometry": { "type": "Point", "coordinates": [ -121.138519158851551, 37.068993847061932 ] } },
{ "type": "Feature", "properties": { "fid": 695, "OBJECTID": 695.0, "CalSim_ID": "CAA095", "Riv_Mi": 95.49, "Riv_Name": "California Aqueduct", "Comment": "Check #14.", "C2VSIM_GW": null, "C2VSIM_SW": null, "CalSim2_ID": null, "Type": "CH", "Sub_Type": "CNL", "Nrest_Gage": null, "Strm_Code": "CAA", "RM_II": 95, "HR": "SJR" }, "geometry": { "type": "Point", "coordinates": [ -120.741962586995527, 36.833568867946205 ] } },
{ "type": "Feature", "properties": { "fid": 696, "OBJECTID": 696.0, "CalSim_ID": "64_NU", "Riv_Mi": null, "Riv_Name": null, "Comment": "Madera, Chowchilla, Madera Acres", "C2VSIM_GW": null, "C2VSIM_SW": null, "CalSim2_ID": null, "Type": "NP", "Sub_Type": "U", "Nrest_Gage": null, "Strm_Code": null, "RM_II": null, "HR": "SJR" }, "geometry": { "type": "Point", "coordinates": [ -120.06072541794552, 36.975541090242103 ] } },
{ "type": "Feature", "properties": { "fid": 697, "OBJECTID": 697.0, "CalSim_ID": "LJC022", "Riv_Mi": 22.48, "Riv_Name": "Littlejohns Creek", "Comment": "Farmington Flood Control Basin", "C2VSIM_GW": null, "C2VSIM_SW": null, "CalSim2_ID": null, "Type": "CH", "Sub_Type": "STM", "Nrest_Gage": null, "Strm_Code": "LJC", "RM_II": 22, "HR": "SJR" }, "geometry": { "type": "Point", "coordinates": [ -120.929585188526815, 37.900246811397572 ] } },
{ "type": "Feature", "properties": { "fid": 698, "OBJECTID": 698.0, "CalSim_ID": "STS011", "Riv_Mi": 11.0, "Riv_Name": "Stanislaus River", "Comment": "C2VSIM node.", "C2VSIM_GW": "616", "C2VSIM_SW": "153", "CalSim2_ID": null, "Type": "CH", "Sub_Type": "STM", "Nrest_Gage": null, "Strm_Code": "STS", "RM_II": 11, "HR": "SJR" }, "geometry": { "type": "Point", "coordinates": [ -121.16420076366218, 37.703961545052444 ] } },
{ "type": "Feature", "properties": { "fid": 699, "OBJECTID": 699.0, "CalSim_ID": "STS020", "Riv_Mi": 20.0, "Riv_Name": "Stanislaus River", "Comment": "C2VSIM node.", "C2VSIM_GW": "617", "C2VSIM_SW": "152", "CalSim2_ID": null, "Type": "CH", "Sub_Type": "STM", "Nrest_Gage": null, "Strm_Code": "STS", "RM_II": 20, "HR": "SJR" }, "geometry": { "type": "Point", "coordinates": [ -121.089669934559524, 37.738260066322056 ] } },
{ "type": "Feature", "properties": { "fid": 700, "OBJECTID": 700.0, "CalSim_ID": "STS030", "Riv_Mi": 30.0, "Riv_Name": "Stanislaus River", "Comment": "C2VSIM node.", "C2VSIM_GW": "618", "C2VSIM_SW": "151", "CalSim2_ID": null, "Type": "CH", "Sub_Type": "STM", "Nrest_Gage": null, "Strm_Code": "STS", "RM_II": 30, "HR": "SJR" }, "geometry": { "type": "Point", "coordinates": [ -120.99883039781038, 37.756908930821027 ] } },
{ "type": "Feature", "properties": { "fid": 701, "OBJECTID": 701.0, "CalSim_ID": "STS036", "Riv_Mi": 36.0, "Riv_Name": "Stanislaus River", "Comment": "C2VSIM node.", "C2VSIM_GW": "619", "C2VSIM_SW": "150", "CalSim2_ID": null, "Type": "CH", "Sub_Type": "STM", "Nrest_Gage": null, "Strm_Code": "STS", "RM_II": 36, "HR": "SJR" }, "geometry": { "type": "Point", "coordinates": [ -120.921752245436736, 37.748819669178161 ] } },
{ "type": "Feature", "properties": { "fid": 702, "OBJECTID": 702.0, "CalSim_ID": "STS043", "Riv_Mi": 43.0, "Riv_Name": "Stanislaus River", "Comment": "C2VSIM node.", "C2VSIM_GW": "620", "C2VSIM_SW": "149", "CalSim2_ID": null, "Type": "CH", "Sub_Type": "STM", "Nrest_Gage": null, "Strm_Code": "STS", "RM_II": 43, "HR": "SJR" }, "geometry": { "type": "Point", "coordinates": [ -120.832818395051717, 37.784547052630558 ] } },
{ "type": "Feature", "properties": { "fid": 703, "OBJECTID": 703.0, "CalSim_ID": "STS050", "Riv_Mi": 50.0, "Riv_Name": "Stanislaus River", "Comment": "C2VSIM node.", "C2VSIM_GW": "621", "C2VSIM_SW": "148", "CalSim2_ID": null, "Type": "CH", "Sub_Type": "STM", "Nrest_Gage": null, "Strm_Code": "STS", "RM_II": 50, "HR": "SJR" }, "geometry": { "type": "Point", "coordinates": [ -120.728841212052586, 37.793914257721923 ] } },
{ "type": "Feature", "properties": { "fid": 704, "OBJECTID": 704.0, "CalSim_ID": "STS053", "Riv_Mi": 53.0, "Riv_Name": "Stanislaus River", "Comment": "C2VSIM node.", "C2VSIM_GW": "622", "C2VSIM_SW": "147", "CalSim2_ID": null, "Type": "CH", "Sub_Type": "STM", "Nrest_Gage": null, "Strm_Code": "STS", "RM_II": 53, "HR": "SJR" }, "geometry": { "type": "Point", "coordinates": [ -120.693862531689916, 37.808930108270559 ] } },
{ "type": "Feature", "properties": { "fid": 705, "OBJECTID": 705.0, "CalSim_ID": "STS059", "Riv_Mi": 59.39, "Riv_Name": "Stanislaus River", "Comment": null, "C2VSIM_GW": null, "C2VSIM_SW": null, "CalSim2_ID": null, "Type": "CH", "Sub_Type": "STM", "Nrest_Gage": null, "Strm_Code": "STS", "RM_II": 59, "HR": "SJR" }, "geometry": { "type": "Point", "coordinates": [ -120.629914811234656, 37.862773096689324 ] } },
{ "type": "Feature", "properties": { "fid": 706, "OBJECTID": 706.0, "CalSim_ID": "TULOC", "Riv_Mi": 61.14, "Riv_Name": "Stanislaus River", "Comment": "Tullock Reservoir/Dam.", "C2VSIM_GW": null, "C2VSIM_SW": null, "CalSim2_ID": null, "Type": "STR", "Sub_Type": "SIM", "Nrest_Gage": null, "Strm_Code": null, "RM_II": null, "HR": "SJR" }, "geometry": { "type": "Point", "coordinates": [ -120.604795153164403, 37.87646312215719 ] } },
{ "type": "Feature", "properties": { "fid": 707, "OBJECTID": 707.0, "CalSim_ID": "MELON", "Riv_Mi": 69.21, "Riv_Name": "Stanislaus River", "Comment": "New Melones Reservoir/Dam.", "C2VSIM_GW": null, "C2VSIM_SW": null, "CalSim2_ID": null, "Type": "STR", "Sub_Type": "SIM", "Nrest_Gage": "11299200", "Strm_Code": null, "RM_II": null, "HR": "SJR" }, "geometry": { "type": "Point", "coordinates": [ -120.523946703996742, 37.948791613458972 ] } },
{ "type": "Feature", "properties": { "fid": 708, "OBJECTID": 708.0, "CalSim_ID": "SJR115", "Riv_Mi": 115.86, "Riv_Name": "San Joaquin River", "Comment": "San Joaquin River near Newman", "C2VSIM_GW": null, "C2VSIM_SW": null, "CalSim2_ID": null, "Type": "CH", "Sub_Type": "SG", "Nrest_Gage": "11274000", "Strm_Code": "SJR", "RM_II": 115, "HR": "SJR" }, "geometry": { "type": "Point", "coordinates": [ -120.976711186928938, 37.350812974066656 ] } },
{ "type": "Feature", "properties": { "fid": 709, "OBJECTID": 709.0, "CalSim_ID": "SJR116", "Riv_Mi": 116.0, "Riv_Name": "San Joaquin River", "Comment": "C2VSIM Gage. Confluence with Merced River.", "C2VSIM_GW": "693", "C2VSIM_SW": "115", "CalSim2_ID": null, "Type": "CH", "Sub_Type": "STM", "Nrest_Gage": null, "Strm_Code": "SJR", "RM_II": 116, "HR": "SJR" }, "geometry": { "type": "Point", "coordinates": [ -120.975294646786807, 37.349265613198064 ] } },
{ "type": "Feature", "properties": { "fid": 710, "OBJECTID": 710.0, "CalSim_ID": "SJR117", "Riv_Mi": 117.19, "Riv_Name": "San Joaquin River", "Comment": "Confluence with Newman Wasteway.", "C2VSIM_GW": null, "C2VSIM_SW": null, "CalSim2_ID": null, "Type": "CH", "Sub_Type": "STM", "Nrest_Gage": null, "Strm_Code": "SJR", "RM_II": 117, "HR": "SJR" }, "geometry": { "type": "Point", "coordinates": [ -120.972665927717173, 37.338379203970817 ] } },
{ "type": "Feature", "properties": { "fid": 711, "OBJECTID": 711.0, "CalSim_ID": "SJR119", "Riv_Mi": 119.1, "Riv_Name": "San Joaquin River", "Comment": "Confluence with Mud Slough (North)", "C2VSIM_GW": null, "C2VSIM_SW": null, "CalSim2_ID": null, "Type": "CH", "Sub_Type": "STM", "Nrest_Gage": null, "Strm_Code": "SJR", "RM_II": 119, "HR": "SJR" }, "geometry": { "type": "Point", "coordinates": [ -120.952396412746523, 37.331413688400652 ] } },
{ "type": "Feature", "properties": { "fid": 712, "OBJECTID": 712.0, "CalSim_ID": "SJR123", "Riv_Mi": 123.22, "Riv_Name": "San Joaquin River", "Comment": "San Joaquin River at Fremont Ford Bridge near Stevinson. C2VSIM Node.", "C2VSIM_GW": "702", "C2VSIM_SW": "114", "CalSim2_ID": null, "Type": "CH", "Sub_Type": "SG", "Nrest_Gage": "11261500", "Strm_Code": "SJR", "RM_II": 123, "HR": "SJR" }, "geometry": { "type": "Point", "coordinates": [ -120.93052681909171, 37.309882719945655 ] } },
{ "type": "Feature", "properties": { "fid": 713, "OBJECTID": 713.0, "CalSim_ID": "SJR106", "Riv_Mi": 106.43, "Riv_Name": "San Joaquin River", "Comment": "C2VSIM node.  Confluence with Orestimba Creek.", "C2VSIM_GW": "671", "C2VSIM_SW": "127", "CalSim2_ID": null, "Type": "CH", "Sub_Type": "STM", "Nrest_Gage": null, "Strm_Code": "SJR", "RM_II": 106, "HR": "SJR" }, "geometry": { "type": "Point", "coordinates": [ -121.003273846990353, 37.422709188710328 ] } },
{ "type": "Feature", "properties": { "fid": 714, "OBJECTID": 714.0, "CalSim_ID": "SJR111", "Riv_Mi": 111.0, "Riv_Name": "San Joaquin River", "Comment": "C2VSIM node.", "C2VSIM_GW": "683", "C2VSIM_SW": "126", "CalSim2_ID": null, "Type": "CH", "Sub_Type": "STM", "Nrest_Gage": null, "Strm_Code": "SJR", "RM_II": 111, "HR": "SJR" }, "geometry": { "type": "Point", "coordinates": [ -120.992414316005295, 37.384735592884397 ] } },
{ "type": "Feature", "properties": { "fid": 715, "OBJECTID": 715.0, "CalSim_ID": "CLV004", "Riv_Mi": 4.0, "Riv_Name": "Calaveras River", "Comment": "C2VSIM node.", "C2VSIM_GW": "559", "C2VSIM_SW": "166", "CalSim2_ID": null, "Type": "CH", "Sub_Type": "STM", "Nrest_Gage": null, "Strm_Code": "CLV", "RM_II": 4, "HR": "SJR" }, "geometry": { "type": "Point", "coordinates": [ -121.307890710609641, 37.986041853548983 ] } },
{ "type": "Feature", "properties": { "fid": 716, "OBJECTID": 716.0, "CalSim_ID": "CLV009", "Riv_Mi": 9.0, "Riv_Name": "Calaveras River", "Comment": "Calaveras River near Stockton", "C2VSIM_GW": null, "C2VSIM_SW": null, "CalSim2_ID": null, "Type": "CH", "Sub_Type": "SG", "Nrest_Gage": "11310900", "Strm_Code": "CLV", "RM_II": 9, "HR": "SJR" }, "geometry": { "type": "Point", "coordinates": [ -121.234335139340686, 38.016279688649739 ] } },
{ "type": "Feature", "properties": { "fid": 717, "OBJECTID": 717.0, "CalSim_ID": "CLV010", "Riv_Mi": 10.0, "Riv_Name": "Calaveras River", "Comment": "C2VSIM node.  Need to be added to model.", "C2VSIM_GW": "560", "C2VSIM_SW": "165", "CalSim2_ID": null, "Type": "CH", "Sub_Type": "STM", "Nrest_Gage": null, "Strm_Code": "CLV", "RM_II": 10, "HR": "SJR" }, "geometry": { "type": "Point", "coordinates": [ -121.222044053264, 38.026943365453938 ] } },
{ "type": "Feature", "properties": { "fid": 718, "OBJECTID": 718.0, "CalSim_ID": "CLV016", "Riv_Mi": 16.0, "Riv_Name": "Calaveras River", "Comment": "C2VSIM node.", "C2VSIM_GW": "561", "C2VSIM_SW": "164", "CalSim2_ID": null, "Type": "CH", "Sub_Type": "STM", "Nrest_Gage": null, "Strm_Code": "CLV", "RM_II": 16, "HR": "SJR" }, "geometry": { "type": "Point", "coordinates": [ -121.148050649852507, 38.067925909728018 ] } },
{ "type": "Feature", "properties": { "fid": 719, "OBJECTID": 719.0, "CalSim_ID": "CLV023", "Riv_Mi": 23.0, "Riv_Name": "Calaveras River", "Comment": "C2VSIM node.", "C2VSIM_GW": "562", "C2VSIM_SW": "163", "CalSim2_ID": null, "Type": "CH", "Sub_Type": "STM", "Nrest_Gage": null, "Strm_Code": "CLV", "RM_II": 23, "HR": "SJR" }, "geometry": { "type": "Point", "coordinates": [ -121.05911124736916, 38.049261840225064 ] } },
{ "type": "Feature", "properties": { "fid": 720, "OBJECTID": 720.0, "CalSim_ID": "CLV026", "Riv_Mi": 26.14, "Riv_Name": "Calaveras River", "Comment": "Diversion to 60S_PA1 (SEWD). NO C2VSIM NODE HERE!", "C2VSIM_GW": null, "C2VSIM_SW": null, "CalSim2_ID": null, "Type": "CH", "Sub_Type": "STM", "Nrest_Gage": "11310100", "Strm_Code": "CLV", "RM_II": 26, "HR": "SJR" }, "geometry": { "type": "Point", "coordinates": [ -121.010083930390152, 38.053051272758744 ] } },
{ "type": "Feature", "properties": { "fid": 721, "OBJECTID": 721.0, "CalSim_ID": "CLV028", "Riv_Mi": 28.0, "Riv_Name": "Calaveras River", "Comment": "C2VSIM node.", "C2VSIM_GW": "563", "C2VSIM_SW": "162", "CalSim2_ID": null, "Type": "CH", "Sub_Type": "STM", "Nrest_Gage": null, "Strm_Code": "CLV", "RM_II": 28, "HR": "SJR" }, "geometry": { "type": "Point", "coordinates": [ -120.985081077826052, 38.068028816407249 ] } },
{ "type": "Feature", "properties": { "fid": 722, "OBJECTID": 722.0, "CalSim_ID": "CLV037", "Riv_Mi": 37.1, "Riv_Name": "Calaveras River", "Comment": "Calaveras River at Jenny Lind", "C2VSIM_GW": null, "C2VSIM_SW": null, "CalSim2_ID": null, "Type": "CH", "Sub_Type": "SG", "Nrest_Gage": "11309500", "Strm_Code": "CLV", "RM_II": 37, "HR": "SJR" }, "geometry": { "type": "Point", "coordinates": [ -120.865434979066606, 38.089036622856 ] } },
{ "type": "Feature", "properties": { "fid": 723, "OBJECTID": 723.0, "CalSim_ID": "CLV035", "Riv_Mi": 35.0, "Riv_Name": "Calaveras River", "Comment": "C2VSIM node.", "C2VSIM_GW": "564", "C2VSIM_SW": "161", "CalSim2_ID": null, "Type": "CH", "Sub_Type": "STM", "Nrest_Gage": null, "Strm_Code": "CLV", "RM_II": 35, "HR": "SJR" }, "geometry": { "type": "Point", "coordinates": [ -120.8809045615983, 38.08024061312333 ] } },
{ "type": "Feature", "properties": { "fid": 724, "OBJECTID": 724.0, "CalSim_ID": "CLV043", "Riv_Mi": 43.43, "Riv_Name": "Calaveras River", "Comment": "Diversion to Jenny Lind WTP", "C2VSIM_GW": null, "C2VSIM_SW": null, "CalSim2_ID": null, "Type": "CH", "Sub_Type": "STM", "Nrest_Gage": null, "Strm_Code": "CLV", "RM_II": 43, "HR": "SJR" }, "geometry": { "type": "Point", "coordinates": [ -120.83257307735785, 38.149991958378344 ] } },
{ "type": "Feature", "properties": { "fid": 725, "OBJECTID": 725.0, "CalSim_ID": "CLV044", "Riv_Mi": 43.87, "Riv_Name": "Calaveras River", "Comment": "Calaveras River below New Hogan Dam", "C2VSIM_GW": null, "C2VSIM_SW": null, "CalSim2_ID": null, "Type": "CH", "Sub_Type": "SG", "Nrest_Gage": "11308900", "Strm_Code": "CLV", "RM_II": 44, "HR": "SJR" }, "geometry": { "type": "Point", "coordinates": [ -120.825510770262483, 38.148040551154672 ] } },
{ "type": "Feature", "properties": { "fid": 726, "OBJECTID": 726.0, "CalSim_ID": "NHGAN", "Riv_Mi": 44.63, "Riv_Name": "Calaveras River", "Comment": "New Hogan Reservoir/Dam", "C2VSIM_GW": null, "C2VSIM_SW": null, "CalSim2_ID": null, "Type": "STR", "Sub_Type": "SIM", "Nrest_Gage": null, "Strm_Code": null, "RM_II": null, "HR": "SJR" }, "geometry": { "type": "Point", "coordinates": [ -120.8131101840887, 38.150480211289583 ] } },
{ "type": "Feature", "properties": { "fid": 727, "OBJECTID": 727.0, "CalSim_ID": "AMADR", "Riv_Mi": 8.58, "Riv_Name": "Jackson Creek", "Comment": "Lake Amador/Devils Lake", "C2VSIM_GW": null, "C2VSIM_SW": null, "CalSim2_ID": null, "Type": "STR", "Sub_Type": "SIM", "Nrest_Gage": null, "Strm_Code": null, "RM_II": null, "HR": "SJR" }, "geometry": { "type": "Point", "coordinates": [ -120.888532130105432, 38.302842176135158 ] } },
{ "type": "Feature", "properties": { "fid": 728, "OBJECTID": 728.0, "CalSim_ID": "DSC026", "Riv_Mi": 26.14, "Riv_Name": "Dry Creek/Sutter Creek", "Comment": "Inflow from AMADR via Jackson Creek.", "C2VSIM_GW": null, "C2VSIM_SW": null, "CalSim2_ID": null, "Type": "CH", "Sub_Type": "NA", "Nrest_Gage": null, "Strm_Code": "DSC", "RM_II": 26, "HR": "SJR" }, "geometry": { "type": "Point", "coordinates": [ -121.012549970318062, 38.298995529968749 ] } },
{ "type": "Feature", "properties": { "fid": 729, "OBJECTID": 729.0, "CalSim_ID": "SDC001", "Riv_Mi": 4.0, "Riv_Name": "Stockton Diverting Canal", "Comment": "USGS Gage. Existing?", "C2VSIM_GW": null, "C2VSIM_SW": null, "CalSim2_ID": null, "Type": "CH", "Sub_Type": "CNL", "Nrest_Gage": "11311000", "Strm_Code": "SDC", "RM_II": 1, "HR": "SJR" }, "geometry": { "type": "Point", "coordinates": [ -121.266394980629897, 37.988851335346183 ] } },
{ "type": "Feature", "properties": { "fid": 730, "OBJECTID": 730.0, "CalSim_ID": "CCH053", "Riv_Mi": 53.28, "Riv_Name": "Cache Creek", "Comment": "Cache Creek above Rumsey", "C2VSIM_GW": null, "C2VSIM_SW": null, "CalSim2_ID": null, "Type": "CH", "Sub_Type": "SG", "Nrest_Gage": "11451760", "Strm_Code": "CCH", "RM_II": 53, "HR": "SAC" }, "geometry": { "type": "Point", "coordinates": [ -122.271866626181989, 38.913480592488547 ] } },
{ "type": "Feature", "properties": { "fid": 731, "OBJECTID": 731.0, "CalSim_ID": "CCH058", "Riv_Mi": 58.4, "Riv_Name": "Cache Creek", "Comment": "Confluence with Bear Creek", "C2VSIM_GW": null, "C2VSIM_SW": null, "CalSim2_ID": null, "Type": "CH", "Sub_Type": "STM", "Nrest_Gage": null, "Strm_Code": "CCH", "RM_II": 58, "HR": "SAC" }, "geometry": { "type": "Point", "coordinates": [ -122.333248400535538, 38.926456755297735 ] } },
{ "type": "Feature", "properties": { "fid": 732, "OBJECTID": 732.0, "CalSim_ID": "NFC005", "Riv_Mi": 5.18, "Riv_Name": "North Fork Cache Creek", "Comment": "N.F. Cache Creek near Lower Lake", "C2VSIM_GW": null, "C2VSIM_SW": null, "CalSim2_ID": null, "Type": "CH", "Sub_Type": "SG", "Nrest_Gage": "11451500", "Strm_Code": "NFC", "RM_II": 5, "HR": "SAC" }, "geometry": { "type": "Point", "coordinates": [ -122.56871935556228, 39.019319138941718 ] } },
{ "type": "Feature", "properties": { "fid": 733, "OBJECTID": 733.0, "CalSim_ID": "NFC013", "Riv_Mi": 12.62, "Riv_Name": "North Fork Cache Creek", "Comment": "N.F. Cache Creek near Clear Lake Oaks", "C2VSIM_GW": null, "C2VSIM_SW": null, "CalSim2_ID": null, "Type": "CH", "Sub_Type": "SG", "Nrest_Gage": "11451300", "Strm_Code": "NFC", "RM_II": 13, "HR": "SAC" }, "geometry": { "type": "Point", "coordinates": [ -122.534243036583163, 39.075536242643345 ] } },
{ "type": "Feature", "properties": { "fid": 734, "OBJECTID": 734.0, "CalSim_ID": "INDVL", "Riv_Mi": 13.0, "Riv_Name": "North Fork Cache Creek", "Comment": "Indian Valley Reservoir/Dam", "C2VSIM_GW": null, "C2VSIM_SW": null, "CalSim2_ID": null, "Type": "STR", "Sub_Type": "NA", "Nrest_Gage": null, "Strm_Code": "NFC", "RM_II": 13, "HR": "SAC" }, "geometry": { "type": "Point", "coordinates": [ -122.536529706623298, 39.08057586807179 ] } },
{ "type": "Feature", "properties": { "fid": 735, "OBJECTID": 735.0, "CalSim_ID": "BRC002", "Riv_Mi": 1.62, "Riv_Name": "Bear Creek", "Comment": "Bear Creek near Rumsey", "C2VSIM_GW": null, "C2VSIM_SW": null, "CalSim2_ID": null, "Type": "CH", "Sub_Type": "SG", "Nrest_Gage": "11451720", "Strm_Code": "BRC", "RM_II": 2, "HR": "SAC" }, "geometry": { "type": "Point", "coordinates": [ -122.344954615550279, 38.944088468236629 ] } },
{ "type": "Feature", "properties": { "fid": 736, "OBJECTID": 736.0, "CalSim_ID": "BRC003", "Riv_Mi": 3.0, "Riv_Name": "Bear Creek", "Comment": "Above Holsten Chimney Canyon near Rumsey", "C2VSIM_GW": null, "C2VSIM_SW": null, "CalSim2_ID": null, "Type": "CH", "Sub_Type": "SG", "Nrest_Gage": "11451715", "Strm_Code": "BRC", "RM_II": 3, "HR": "SAC" }, "geometry": { "type": "Point", "coordinates": [ -122.342211143308305, 38.958206133662863 ] } },
{ "type": "Feature", "properties": { "fid": 737, "OBJECTID": 737.0, "CalSim_ID": "WSB000", "Riv_Mi": 0.0, "Riv_Name": "Willow Slough Bypass", "Comment": null, "C2VSIM_GW": null, "C2VSIM_SW": null, "CalSim2_ID": null, "Type": "CH", "Sub_Type": "BYP", "Nrest_Gage": null, "Strm_Code": "WSB", "RM_II": 0, "HR": "SAC" }, "geometry": { "type": "Point", "coordinates": [ -121.753491979606437, 38.599524478241733 ] } },
{ "type": "Feature", "properties": { "fid": 738, "OBJECTID": 738.0, "CalSim_ID": "PTH021", "Riv_Mi": 21.48, "Riv_Name": "Putah Creek", "Comment": "Putah Creek at Winters", "C2VSIM_GW": null, "C2VSIM_SW": null, "CalSim2_ID": null, "Type": "CH", "Sub_Type": "SG", "Nrest_Gage": "11454500", "Strm_Code": "PTH", "RM_II": 21, "HR": "SAC" }, "geometry": { "type": "Point", "coordinates": [ -121.967441603913116, 38.520217278094933 ] } },
{ "type": "Feature", "properties": { "fid": 739, "OBJECTID": 739.0, "CalSim_ID": "PTH030", "Riv_Mi": 29.68, "Riv_Name": "Putah Creek", "Comment": "Putah Creek near Winters", "C2VSIM_GW": null, "C2VSIM_SW": null, "CalSim2_ID": null, "Type": "CH", "Sub_Type": "SG", "Nrest_Gage": "11454000", "Strm_Code": "PTH", "RM_II": 30, "HR": "SAC" }, "geometry": { "type": "Point", "coordinates": [ -122.082116335351358, 38.514939264872204 ] } },
{ "type": "Feature", "properties": { "fid": 740, "OBJECTID": 740.0, "CalSim_ID": "PSC003", "Riv_Mi": 3.26, "Riv_Name": "Putah South Canal", "Comment": null, "C2VSIM_GW": null, "C2VSIM_SW": null, "CalSim2_ID": null, "Type": "CH", "Sub_Type": "CNL", "Nrest_Gage": null, "Strm_Code": "PSC", "RM_II": 3, "HR": "SAC" }, "geometry": { "type": "Point", "coordinates": [ -121.952323346255767, 38.485542679693161 ] } },
{ "type": "Feature", "properties": { "fid": 741, "OBJECTID": 741.0, "CalSim_ID": "20_PA", "Riv_Mi": null, "Riv_Name": null, "Comment": "UC Davis. Water source on wrong side of Putah Creek", "C2VSIM_GW": null, "C2VSIM_SW": null, "CalSim2_ID": null, "Type": "PR", "Sub_Type": "A", "Nrest_Gage": null, "Strm_Code": null, "RM_II": null, "HR": "SAC" }, "geometry": { "type": "Point", "coordinates": [ -121.808655231088395, 38.545000402357552 ] } },
{ "type": "Feature", "properties": { "fid": 742, "OBJECTID": 742.0, "CalSim_ID": "PSC006", "Riv_Mi": 6.35, "Riv_Name": "Putah South Canal", "Comment": null, "C2VSIM_GW": null, "C2VSIM_SW": null, "CalSim2_ID": null, "Type": "CH", "Sub_Type": "CNL", "Nrest_Gage": null, "Strm_Code": "PSC", "RM_II": 6, "HR": "SAC" }, "geometry": { "type": "Point", "coordinates": [ -121.95303457118878, 38.44325472263948 ] } },
{ "type": "Feature", "properties": { "fid": 743, "OBJECTID": 743.0, "CalSim_ID": "CSPSO", "Riv_Mi": null, "Riv_Name": null, "Comment": "Solano State Prison", "C2VSIM_GW": null, "C2VSIM_SW": null, "CalSim2_ID": null, "Type": "OM", "Sub_Type": "OMD", "Nrest_Gage": null, "Strm_Code": null, "RM_II": null, "HR": "SAC" }, "geometry": { "type": "Point", "coordinates": [ -121.975326512152648, 38.321620458875564 ] } },
{ "type": "Feature", "properties": { "fid": 744, "OBJECTID": 744.0, "CalSim_ID": "PSC015", "Riv_Mi": 15.0, "Riv_Name": "Putah South Canal", "Comment": "Diversion to Solano State Prison", "C2VSIM_GW": null, "C2VSIM_SW": null, "CalSim2_ID": null, "Type": "CH", "Sub_Type": "CNL", "Nrest_Gage": null, "Strm_Code": "PSC", "RM_II": 15, "HR": "SAC" }, "geometry": { "type": "Point", "coordinates": [ -121.960142492377017, 38.326087632472699 ] } },
{ "type": "Feature", "properties": { "fid": 745, "OBJECTID": 745.0, "CalSim_ID": "PSC017", "Riv_Mi": 16.79, "Riv_Name": "Putah South Canal", "Comment": "Diverison to North Bay Regional Water Treatment Plant", "C2VSIM_GW": null, "C2VSIM_SW": null, "CalSim2_ID": null, "Type": "CH", "Sub_Type": "CNL", "Nrest_Gage": null, "Strm_Code": "PSC", "RM_II": 17, "HR": "SAC" }, "geometry": { "type": "Point", "coordinates": [ -121.966668193082597, 38.302270831845206 ] } },
{ "type": "Feature", "properties": { "fid": 746, "OBJECTID": 746.0, "CalSim_ID": "WTPNBR", "Riv_Mi": null, "Riv_Name": null, "Comment": "North Bay Regional Water Treatment Plant", "C2VSIM_GW": null, "C2VSIM_SW": null, "CalSim2_ID": null, "Type": "WTP", "Sub_Type": "NA", "Nrest_Gage": null, "Strm_Code": null, "RM_II": null, "HR": "SAC" }, "geometry": { "type": "Point", "coordinates": [ -121.966584687405501, 38.299178817914765 ] } },
{ "type": "Feature", "properties": { "fid": 747, "OBJECTID": 747.0, "CalSim_ID": "PSC020", "Riv_Mi": 19.6, "Riv_Name": "Putah South Canal", "Comment": "Diversion to Cement Hill Water Treatment Plant", "C2VSIM_GW": null, "C2VSIM_SW": null, "CalSim2_ID": null, "Type": "CH", "Sub_Type": "CNL", "Nrest_Gage": null, "Strm_Code": "PSC", "RM_II": 20, "HR": "SAC" }, "geometry": { "type": "Point", "coordinates": [ -122.007870678767944, 38.28900368230272 ] } },
{ "type": "Feature", "properties": { "fid": 748, "OBJECTID": 748.0, "CalSim_ID": "WTPCMT", "Riv_Mi": null, "Riv_Name": null, "Comment": "Cement Hill Water Treatment Plant", "C2VSIM_GW": null, "C2VSIM_SW": null, "CalSim2_ID": null, "Type": "WTP", "Sub_Type": "NA", "Nrest_Gage": null, "Strm_Code": null, "RM_II": null, "HR": "SAC" }, "geometry": { "type": "Point", "coordinates": [ -122.00911372232575, 38.287980441796257 ] } },
{ "type": "Feature", "properties": { "fid": 749, "OBJECTID": 749.0, "CalSim_ID": "PSC024", "Riv_Mi": 23.53, "Riv_Name": "Putah South Canal", "Comment": "Diversion to Waterman Water Treatment Plant", "C2VSIM_GW": null, "C2VSIM_SW": null, "CalSim2_ID": null, "Type": "CH", "Sub_Type": "CNL", "Nrest_Gage": null, "Strm_Code": "PSC", "RM_II": 24, "HR": "SAC" }, "geometry": { "type": "Point", "coordinates": [ -122.068388386249254, 38.272618550679567 ] } },
{ "type": "Feature", "properties": { "fid": 750, "OBJECTID": 750.0, "CalSim_ID": "WTPWMN", "Riv_Mi": null, "Riv_Name": null, "Comment": "Waterman Water Treatment Plant", "C2VSIM_GW": null, "C2VSIM_SW": null, "CalSim2_ID": null, "Type": "WTP", "Sub_Type": "NA", "Nrest_Gage": null, "Strm_Code": null, "RM_II": null, "HR": "SAC" }, "geometry": { "type": "Point", "coordinates": [ -122.06849087655894, 38.276229989083824 ] } },
{ "type": "Feature", "properties": { "fid": 751, "OBJECTID": 751.0, "CalSim_ID": "25_PU", "Riv_Mi": null, "Riv_Name": null, "Comment": "City of Vacaville", "C2VSIM_GW": null, "C2VSIM_SW": null, "CalSim2_ID": null, "Type": "PR", "Sub_Type": "U", "Nrest_Gage": null, "Strm_Code": null, "RM_II": null, "HR": "SAC" }, "geometry": { "type": "Point", "coordinates": [ -121.937335666755928, 38.373035070123258 ] } },
{ "type": "Feature", "properties": { "fid": 752, "OBJECTID": 752.0, "CalSim_ID": "YBP002", "Riv_Mi": 2.0, "Riv_Name": "Yolo Bypass", "Comment": "C2VSIM Node", "C2VSIM_GW": "473", "C2VSIM_SW": "411", "CalSim2_ID": null, "Type": "CH", "Sub_Type": "BYP", "Nrest_Gage": null, "Strm_Code": "YBP", "RM_II": 2, "HR": "SAC" }, "geometry": { "type": "Point", "coordinates": [ -121.678658061549783, 38.263711842654921 ] } },
{ "type": "Feature", "properties": { "fid": 753, "OBJECTID": 753.0, "CalSim_ID": "RLLNS", "Riv_Mi": 49.96, "Riv_Name": "Bear River", "Comment": "Rollins Reservoir/Dam", "C2VSIM_GW": null, "C2VSIM_SW": null, "CalSim2_ID": null, "Type": "STR", "Sub_Type": "NSM", "Nrest_Gage": null, "Strm_Code": null, "RM_II": null, "HR": "SAC" }, "geometry": { "type": "Point", "coordinates": [ -120.952979609132385, 39.135779749456667 ] } },
{ "type": "Feature", "properties": { "fid": 754, "OBJECTID": 754.0, "CalSim_ID": "BEC000", "Riv_Mi": 0.11, "Riv_Name": "Bear River Canal", "Comment": "Bear River Canal near Colfax", "C2VSIM_GW": null, "C2VSIM_SW": null, "CalSim2_ID": null, "Type": "CH", "Sub_Type": "SG", "Nrest_Gage": "11422000", "Strm_Code": "BEC", "RM_II": 0, "HR": "SAC" }, "geometry": { "type": "Point", "coordinates": [ -120.95459452515469, 39.132771282857483 ] } },
{ "type": "Feature", "properties": { "fid": 755, "OBJECTID": 755.0, "CalSim_ID": "BEC021", "Riv_Mi": 21.39, "Riv_Name": "Bear River Canal", "Comment": "Inflow from Bowman Feeder", "C2VSIM_GW": null, "C2VSIM_SW": null, "CalSim2_ID": null, "Type": "CH", "Sub_Type": "CNL", "Nrest_Gage": null, "Strm_Code": "BEC", "RM_II": 21, "HR": "SAC" }, "geometry": { "type": "Point", "coordinates": [ -121.024742520259764, 38.98249373454037 ] } },
{ "type": "Feature", "properties": { "fid": 756, "OBJECTID": 756.0, "CalSim_ID": "BEC022", "Riv_Mi": 22.36, "Riv_Name": "Bear River Canal", "Comment": "Diversion to Bowman WTP", "C2VSIM_GW": null, "C2VSIM_SW": null, "CalSim2_ID": null, "Type": "CH", "Sub_Type": "CNL", "Nrest_Gage": null, "Strm_Code": "BEC", "RM_II": 22, "HR": "SAC" }, "geometry": { "type": "Point", "coordinates": [ -121.037217790235417, 38.974334745394032 ] } },
{ "type": "Feature", "properties": { "fid": 757, "OBJECTID": 757.0, "CalSim_ID": "24_NA1", "Riv_Mi": null, "Riv_Name": null, "Comment": "Nevada ID", "C2VSIM_GW": null, "C2VSIM_SW": null, "CalSim2_ID": null, "Type": "NP", "Sub_Type": "A", "Nrest_Gage": null, "Strm_Code": null, "RM_II": null, "HR": "SAC" }, "geometry": { "type": "Point", "coordinates": [ -121.189919650613334, 38.914327403263457 ] } },
{ "type": "Feature", "properties": { "fid": 758, "OBJECTID": 758.0, "CalSim_ID": "NIDD1", "Riv_Mi": null, "Riv_Name": null, "Comment": "Nevada ID - Deer Creek System Ag Demand No.1", "C2VSIM_GW": null, "C2VSIM_SW": null, "CalSim2_ID": null, "Type": "OM", "Sub_Type": "OMD", "Nrest_Gage": null, "Strm_Code": null, "RM_II": null, "HR": "SAC" }, "geometry": { "type": "Point", "coordinates": [ -121.075730175236004, 39.235653703982003 ] } },
{ "type": "Feature", "properties": { "fid": 759, "OBJECTID": 759.0, "CalSim_ID": "CBC001", "Riv_Mi": 0.77, "Riv_Name": "Combie Ophir Canal", "Comment": "Spil to Coon Creek by way of Orr Creek and Gold Hill Canal", "C2VSIM_GW": null, "C2VSIM_SW": null, "CalSim2_ID": null, "Type": "CH", "Sub_Type": "CNL", "Nrest_Gage": null, "Strm_Code": "CBC", "RM_II": 1, "HR": "SAC" }, "geometry": { "type": "Point", "coordinates": [ -121.088954229059468, 39.003571823633195 ] } },
{ "type": "Feature", "properties": { "fid": 760, "OBJECTID": 760.0, "CalSim_ID": "CBC000", "Riv_Mi": null, "Riv_Name": "Combie Ophir Canal", "Comment": "Diversion point from Combie Aqueduct", "C2VSIM_GW": null, "C2VSIM_SW": null, "CalSim2_ID": null, "Type": "CH", "Sub_Type": "CNL", "Nrest_Gage": null, "Strm_Code": "CBC", "RM_II": 0, "HR": "SAC" }, "geometry": { "type": "Point", "coordinates": [ -121.083265361301045, 39.011918868773662 ] } },
{ "type": "Feature", "properties": { "fid": 761, "OBJECTID": 761.0, "CalSim_ID": "CCK036", "Riv_Mi": 36.33, "Riv_Name": "Coon Creek", "Comment": "Spill from Combie Ophir Canal", "C2VSIM_GW": null, "C2VSIM_SW": null, "CalSim2_ID": null, "Type": "CH", "Sub_Type": "STM", "Nrest_Gage": null, "Strm_Code": "CCK", "RM_II": 36, "HR": "SAC" }, "geometry": { "type": "Point", "coordinates": [ -121.138417085824543, 38.974141562783572 ] } },
{ "type": "Feature", "properties": { "fid": 762, "OBJECTID": 762.0, "CalSim_ID": "WLF021", "Riv_Mi": 20.64, "Riv_Name": "Wolf Creek", "Comment": "D-S Canal Spill to Wolf Creek", "C2VSIM_GW": null, "C2VSIM_SW": null, "CalSim2_ID": null, "Type": "CH", "Sub_Type": "STM", "Nrest_Gage": null, "Strm_Code": "WLF", "RM_II": 21, "HR": "SAC" }, "geometry": { "type": "Point", "coordinates": [ -121.010554405907058, 39.230538456605458 ] } },
{ "type": "Feature", "properties": { "fid": 763, "OBJECTID": 763.0, "CalSim_ID": "BRR031", "Riv_Mi": 31.13, "Riv_Name": "Bear River", "Comment": "Conceptual Tarr Canal return.  Not really Tarr Canal location.", "C2VSIM_GW": null, "C2VSIM_SW": null, "CalSim2_ID": null, "Type": "CH", "Sub_Type": "STM", "Nrest_Gage": null, "Strm_Code": "BRR", "RM_II": 31, "HR": "SAC" }, "geometry": { "type": "Point", "coordinates": [ -121.130667542385908, 39.03398129676264 ] } },
{ "type": "Feature", "properties": { "fid": 764, "OBJECTID": 764.0, "CalSim_ID": "NIDB1", "Riv_Mi": null, "Riv_Name": "Tarr Ditch", "Comment": "Nevada ID - Tarr Ditch.  Includes diversion from Combie Lake. Bear River Shed", "C2VSIM_GW": null, "C2VSIM_SW": null, "CalSim2_ID": null, "Type": "OM", "Sub_Type": "OMD", "Nrest_Gage": null, "Strm_Code": null, "RM_II": null, "HR": "SAC" }, "geometry": { "type": "Point", "coordinates": [ -121.164788458017, 39.139232508240873 ] } },
{ "type": "Feature", "properties": { "fid": 765, "OBJECTID": 765.0, "CalSim_ID": "CCK022", "Riv_Mi": 21.65, "Riv_Name": "Coon Creek", "Comment": "Return from 24_NA1", "C2VSIM_GW": null, "C2VSIM_SW": null, "CalSim2_ID": null, "Type": "CH", "Sub_Type": "STM", "Nrest_Gage": null, "Strm_Code": "CCK", "RM_II": 22, "HR": "SAC" }, "geometry": { "type": "Point", "coordinates": [ -121.335461474537254, 38.941435861879775 ] } },
{ "type": "Feature", "properties": { "fid": 766, "OBJECTID": 766.0, "CalSim_ID": "ABT002", "Riv_Mi": 2.23, "Riv_Name": "Auburn Tunnel", "Comment": "Auburn Tunnel Pump Station offset (530' east) for display", "C2VSIM_GW": null, "C2VSIM_SW": null, "CalSim2_ID": null, "Type": "CH", "Sub_Type": "CNL", "Nrest_Gage": null, "Strm_Code": "ABT", "RM_II": 2, "HR": "SAC" }, "geometry": { "type": "Point", "coordinates": [ -121.10193101433461, 38.888433628529825 ] } },
{ "type": "Feature", "properties": { "fid": 767, "OBJECTID": 767.0, "CalSim_ID": "STH001", "Riv_Mi": 0.39, "Riv_Name": "South Canal", "Comment": null, "C2VSIM_GW": null, "C2VSIM_SW": null, "CalSim2_ID": null, "Type": "CH", "Sub_Type": "CNL", "Nrest_Gage": null, "Strm_Code": "STH", "RM_II": 1, "HR": "SAC" }, "geometry": { "type": "Point", "coordinates": [ -121.103786340145859, 38.887679703522842 ] } },
{ "type": "Feature", "properties": { "fid": 768, "OBJECTID": 768.0, "CalSim_ID": "ABN026", "Riv_Mi": 25.95, "Riv_Name": "Auburn Ravine", "Comment": "Outfall from Auburn Tunnel", "C2VSIM_GW": null, "C2VSIM_SW": null, "CalSim2_ID": null, "Type": "CH", "Sub_Type": "STM", "Nrest_Gage": null, "Strm_Code": "ABN", "RM_II": 26, "HR": "SAC" }, "geometry": { "type": "Point", "coordinates": [ -121.11963595216838, 38.889887607083217 ] } },
{ "type": "Feature", "properties": { "fid": 769, "OBJECTID": 769.0, "CalSim_ID": "STH000", "Riv_Mi": null, "Riv_Name": "South Canal", "Comment": "Spill to Auburn Ravine", "C2VSIM_GW": null, "C2VSIM_SW": null, "CalSim2_ID": null, "Type": "CH", "Sub_Type": "CNL", "Nrest_Gage": null, "Strm_Code": "STH", "RM_II": 0, "HR": "SAC" }, "geometry": { "type": "Point", "coordinates": [ -121.098612151313262, 38.889498478339434 ] } },
{ "type": "Feature", "properties": { "fid": 770, "OBJECTID": 770.0, "CalSim_ID": "LBC030", "Riv_Mi": 30.03, "Riv_Name": "Lower Boardman Canal", "Comment": "Bowman Feeder Diversion point", "C2VSIM_GW": null, "C2VSIM_SW": null, "CalSim2_ID": null, "Type": "CH", "Sub_Type": "CNL", "Nrest_Gage": null, "Strm_Code": "LBC", "RM_II": 30, "HR": "SAC" }, "geometry": { "type": "Point", "coordinates": [ -121.00441921684866, 38.989268647101078 ] } },
{ "type": "Feature", "properties": { "fid": 771, "OBJECTID": 771.0, "CalSim_ID": "LBC032", "Riv_Mi": 31.94, "Riv_Name": "Lower Boardman Canal", "Comment": "Inflow from Ragsdale Random", "C2VSIM_GW": null, "C2VSIM_SW": null, "CalSim2_ID": null, "Type": "CH", "Sub_Type": "CNL", "Nrest_Gage": null, "Strm_Code": "LBC", "RM_II": 32, "HR": "SAC" }, "geometry": { "type": "Point", "coordinates": [ -121.019678114556683, 38.968670410146245 ] } },
{ "type": "Feature", "properties": { "fid": 772, "OBJECTID": 772.0, "CalSim_ID": "STH004", "Riv_Mi": 3.62, "Riv_Name": "South Canal", "Comment": "Diversion to Foothill Water Treatment Plant.  Location not exact.", "C2VSIM_GW": null, "C2VSIM_SW": null, "CalSim2_ID": null, "Type": "CH", "Sub_Type": "CNL", "Nrest_Gage": null, "Strm_Code": "STH", "RM_II": 4, "HR": "SAC" }, "geometry": { "type": "Point", "coordinates": [ -121.117892909398932, 38.859919955740516 ] } },
{ "type": "Feature", "properties": { "fid": 773, "OBJECTID": 773.0, "CalSim_ID": "SCR002", "Riv_Mi": 2.25, "Riv_Name": "Secret Ravine", "Comment": null, "C2VSIM_GW": null, "C2VSIM_SW": null, "CalSim2_ID": null, "Type": "CH", "Sub_Type": "STM", "Nrest_Gage": null, "Strm_Code": "SCR", "RM_II": 2, "HR": "SAC" }, "geometry": { "type": "Point", "coordinates": [ -121.229993431343246, 38.776430887321098 ] } },
{ "type": "Feature", "properties": { "fid": 774, "OBJECTID": 774.0, "CalSim_ID": "MRM001", "Riv_Mi": 0.46, "Riv_Name": "Mormon Ravine near Newcastle", "Comment": "Measured from N.Fork American centerline", "C2VSIM_GW": null, "C2VSIM_SW": null, "CalSim2_ID": null, "Type": "CH", "Sub_Type": "SG", "Nrest_Gage": "11425418", "Strm_Code": "MRM", "RM_II": 1, "HR": "SAC" }, "geometry": { "type": "Point", "coordinates": [ -121.094389142724438, 38.836577926425498 ] } },
{ "type": "Feature", "properties": { "fid": 775, "OBJECTID": 775.0, "CalSim_ID": "STH007", "Riv_Mi": 6.63, "Riv_Name": "South Canal", "Comment": "Newcastle Power Plant near Newcastle", "C2VSIM_GW": null, "C2VSIM_SW": null, "CalSim2_ID": null, "Type": "CH", "Sub_Type": "SG", "Nrest_Gage": "11425416", "Strm_Code": "STH", "RM_II": 7, "HR": "SAC" }, "geometry": { "type": "Point", "coordinates": [ -121.093026118100084, 38.835188202446126 ] } },
{ "type": "Feature", "properties": { "fid": 776, "OBJECTID": 776.0, "CalSim_ID": "26N_PU3", "Riv_Mi": null, "Riv_Name": null, "Comment": null, "C2VSIM_GW": null, "C2VSIM_SW": null, "CalSim2_ID": null, "Type": "PR", "Sub_Type": "U", "Nrest_Gage": null, "Strm_Code": null, "RM_II": null, "HR": "SAC" }, "geometry": { "type": "Point", "coordinates": [ -121.183631477786022, 38.695233609144395 ] } },
{ "type": "Feature", "properties": { "fid": 777, "OBJECTID": 777.0, "CalSim_ID": "26N_NU1", "Riv_Mi": null, "Riv_Name": null, "Comment": null, "C2VSIM_GW": null, "C2VSIM_SW": null, "CalSim2_ID": null, "Type": "PR", "Sub_Type": "U", "Nrest_Gage": null, "Strm_Code": null, "RM_II": null, "HR": "SAC" }, "geometry": { "type": "Point", "coordinates": [ -121.366782696561685, 38.713143125538714 ] } },
{ "type": "Feature", "properties": { "fid": 778, "OBJECTID": 778.0, "CalSim_ID": "26N_PU2", "Riv_Mi": null, "Riv_Name": null, "Comment": null, "C2VSIM_GW": null, "C2VSIM_SW": null, "CalSim2_ID": null, "Type": "PR", "Sub_Type": "U", "Nrest_Gage": null, "Strm_Code": null, "RM_II": null, "HR": "SAC" }, "geometry": { "type": "Point", "coordinates": [ -121.237959690474739, 38.694671032522734 ] } },
{ "type": "Feature", "properties": { "fid": 779, "OBJECTID": 779.0, "CalSim_ID": "26N_NU2", "Riv_Mi": null, "Riv_Name": null, "Comment": null, "C2VSIM_GW": null, "C2VSIM_SW": null, "CalSim2_ID": null, "Type": "PR", "Sub_Type": "U", "Nrest_Gage": null, "Strm_Code": null, "RM_II": null, "HR": "SAC" }, "geometry": { "type": "Point", "coordinates": [ -121.321484033381424, 38.62593626744183 ] } },
{ "type": "Feature", "properties": { "fid": 780, "OBJECTID": 780.0, "CalSim_ID": "26N_NU5", "Riv_Mi": null, "Riv_Name": null, "Comment": null, "C2VSIM_GW": null, "C2VSIM_SW": null, "CalSim2_ID": null, "Type": "NP", "Sub_Type": "U", "Nrest_Gage": null, "Strm_Code": null, "RM_II": null, "HR": "SAC" }, "geometry": { "type": "Point", "coordinates": [ -121.369126268715249, 38.59047538130018 ] } },
{ "type": "Feature", "properties": { "fid": 781, "OBJECTID": 781.0, "CalSim_ID": "AMR022", "Riv_Mi": 22.07, "Riv_Name": "American River", "Comment": "American River at Fair Oaks", "C2VSIM_GW": null, "C2VSIM_SW": null, "CalSim2_ID": null, "Type": "CH", "Sub_Type": "SG", "Nrest_Gage": "11446500", "Strm_Code": "AMR", "RM_II": 22, "HR": "SAC" }, "geometry": { "type": "Point", "coordinates": [ -121.227476033328585, 38.635091646608075 ] } },
{ "type": "Feature", "properties": { "fid": 782, "OBJECTID": 782.0, "CalSim_ID": "26S_PU2", "Riv_Mi": null, "Riv_Name": null, "Comment": null, "C2VSIM_GW": null, "C2VSIM_SW": null, "CalSim2_ID": null, "Type": "PR", "Sub_Type": "U", "Nrest_Gage": null, "Strm_Code": null, "RM_II": null, "HR": "SAC" }, "geometry": { "type": "Point", "coordinates": [ -121.283027064398908, 38.603291472695027 ] } },
{ "type": "Feature", "properties": { "fid": 783, "OBJECTID": 783.0, "CalSim_ID": "26S_NU4", "Riv_Mi": null, "Riv_Name": null, "Comment": "AeroJet/Boeing groundwater remediation", "C2VSIM_GW": null, "C2VSIM_SW": null, "CalSim2_ID": null, "Type": "NP", "Sub_Type": "U", "Nrest_Gage": null, "Strm_Code": null, "RM_II": null, "HR": "SAC" }, "geometry": { "type": "Point", "coordinates": [ -121.216721395984806, 38.611179424615862 ] } },
{ "type": "Feature", "properties": { "fid": 784, "OBJECTID": 784.0, "CalSim_ID": "AMR007", "Riv_Mi": 7.27, "Riv_Name": "American River", "Comment": "Diversion to Fairbairn Water Treatment Plant", "C2VSIM_GW": null, "C2VSIM_SW": null, "CalSim2_ID": null, "Type": "CH", "Sub_Type": "STM", "Nrest_Gage": null, "Strm_Code": "AMR", "RM_II": 7, "HR": "SAC" }, "geometry": { "type": "Point", "coordinates": [ -121.416775895942251, 38.55954541925756 ] } },
{ "type": "Feature", "properties": { "fid": 785, "OBJECTID": 785.0, "CalSim_ID": "26S_NU3", "Riv_Mi": null, "Riv_Name": null, "Comment": null, "C2VSIM_GW": null, "C2VSIM_SW": null, "CalSim2_ID": null, "Type": "NP", "Sub_Type": "U", "Nrest_Gage": null, "Strm_Code": null, "RM_II": null, "HR": "SAC" }, "geometry": { "type": "Point", "coordinates": [ -121.388548358108025, 38.494182048527797 ] } },
{ "type": "Feature", "properties": { "fid": 786, "OBJECTID": 786.0, "CalSim_ID": "26S_PU5", "Riv_Mi": null, "Riv_Name": null, "Comment": null, "C2VSIM_GW": null, "C2VSIM_SW": null, "CalSim2_ID": null, "Type": "PR", "Sub_Type": "U", "Nrest_Gage": null, "Strm_Code": null, "RM_II": null, "HR": "SAC" }, "geometry": { "type": "Point", "coordinates": [ -121.329599542307221, 38.421493250838822 ] } },
{ "type": "Feature", "properties": { "fid": 787, "OBJECTID": 787.0, "CalSim_ID": "26S_PU4", "Riv_Mi": null, "Riv_Name": null, "Comment": null, "C2VSIM_GW": null, "C2VSIM_SW": null, "CalSim2_ID": null, "Type": "PR", "Sub_Type": "U", "Nrest_Gage": null, "Strm_Code": null, "RM_II": null, "HR": "SAC" }, "geometry": { "type": "Point", "coordinates": [ -121.431297569670107, 38.424799168131678 ] } },
{ "type": "Feature", "properties": { "fid": 788, "OBJECTID": 788.0, "CalSim_ID": "NFA011", "Riv_Mi": 10.95, "Riv_Name": "North Fork American River", "Comment": "Inflow from Mormon Ravine and Newcastle Power Plant", "C2VSIM_GW": null, "C2VSIM_SW": null, "CalSim2_ID": null, "Type": "CH", "Sub_Type": "STM", "Nrest_Gage": null, "Strm_Code": "NFA", "RM_II": 11, "HR": "SAC" }, "geometry": { "type": "Point", "coordinates": [ -121.087973824500935, 38.832333669327738 ] } },
{ "type": "Feature", "properties": { "fid": 789, "OBJECTID": 789.0, "CalSim_ID": "TRN111", "Riv_Mi": 111.19, "Riv_Name": "Trinity River", "Comment": "Trinity River at Lewiston", "C2VSIM_GW": null, "C2VSIM_SW": null, "CalSim2_ID": null, "Type": "CH", "Sub_Type": "SG", "Nrest_Gage": "11525500", "Strm_Code": "TRN", "RM_II": 111, "HR": "SAC" }, "geometry": { "type": "Point", "coordinates": [ -122.803565369280477, 40.719862661459146 ] } },
{ "type": "Feature", "properties": { "fid": 790, "OBJECTID": 790.0, "CalSim_ID": "CLR025", "Riv_Mi": 25.21, "Riv_Name": "Clear Creek", "Comment": "Judge Francis Carr PH outfall", "C2VSIM_GW": null, "C2VSIM_SW": null, "CalSim2_ID": null, "Type": "CH", "Sub_Type": "STM", "Nrest_Gage": null, "Strm_Code": "CLR", "RM_II": 25, "HR": "SAC" }, "geometry": { "type": "Point", "coordinates": [ -122.626270767759422, 40.648008582593121 ] } },
{ "type": "Feature", "properties": { "fid": 791, "OBJECTID": 791.0, "CalSim_ID": "STH005", "Riv_Mi": 5.19, "Riv_Name": "South Canal", "Comment": "South Canal Spillway near Newcastle", "C2VSIM_GW": null, "C2VSIM_SW": null, "CalSim2_ID": null, "Type": "CH", "Sub_Type": "CNL", "Nrest_Gage": "11425417", "Strm_Code": "STH", "RM_II": 5, "HR": "SAC" }, "geometry": { "type": "Point", "coordinates": [ -121.10914095743702, 38.842934549173847 ] } },
{ "type": "Feature", "properties": { "fid": 792, "OBJECTID": 792.0, "CalSim_ID": "LBR002", "Riv_Mi": 2.16, "Riv_Name": "Little Bear River", "Comment": "Alta Powerhouse", "C2VSIM_GW": null, "C2VSIM_SW": null, "CalSim2_ID": null, "Type": "CH", "Sub_Type": "SG", "Nrest_Gage": "11421725", "Strm_Code": "LBR", "RM_II": 2, "HR": "SAC" }, "geometry": { "type": "Point", "coordinates": [ -120.802874803032438, 39.215903785822327 ] } },
{ "type": "Feature", "properties": { "fid": 793, "OBJECTID": 793.0, "CalSim_ID": "BRR061", "Riv_Mi": 60.91, "Riv_Name": "Bear River", "Comment": "Dutch Flat Powerhouse outfall. Confluence wtih Little Bear River", "C2VSIM_GW": null, "C2VSIM_SW": null, "CalSim2_ID": null, "Type": "CH", "Sub_Type": "STM", "Nrest_Gage": null, "Strm_Code": "BRR", "RM_II": 61, "HR": "SAC" }, "geometry": { "type": "Point", "coordinates": [ -120.836969717275267, 39.217306784166354 ] } },
{ "type": "Feature", "properties": { "fid": 794, "OBJECTID": 794.0, "CalSim_ID": "CYN009", "Riv_Mi": 9.41, "Riv_Name": "Canyon Creek (South)", "Comment": "Canyon Creek below Towle Diversion near Blue Canyon", "C2VSIM_GW": null, "C2VSIM_SW": null, "CalSim2_ID": null, "Type": "CH", "Sub_Type": "SG", "Nrest_Gage": "11426196", "Strm_Code": "CYN", "RM_II": 9, "HR": "SAC" }, "geometry": { "type": "Point", "coordinates": [ -120.751696576922939, 39.242101849380852 ] } },
{ "type": "Feature", "properties": { "fid": 795, "OBJECTID": 795.0, "CalSim_ID": "CYN010", "Riv_Mi": 9.9, "Riv_Name": "Canyon Creek", "Comment": "Inflow from Towle Diversion from Drum Forebay", "C2VSIM_GW": null, "C2VSIM_SW": null, "CalSim2_ID": null, "Type": "CH", "Sub_Type": "STM", "Nrest_Gage": null, "Strm_Code": "CYN", "RM_II": 10, "HR": "SAC" }, "geometry": { "type": "Point", "coordinates": [ -120.744482928204818, 39.246307319060534 ] } },
{ "type": "Feature", "properties": { "fid": 796, "OBJECTID": 796.0, "CalSim_ID": "DRM009", "Riv_Mi": 9.48, "Riv_Name": "Drum Canal", "Comment": "Drum Forebay and Towle Diversion Pipeline", "C2VSIM_GW": null, "C2VSIM_SW": null, "CalSim2_ID": null, "Type": "CH", "Sub_Type": "CNL", "Nrest_Gage": null, "Strm_Code": "DRM", "RM_II": 9, "HR": "SAC" }, "geometry": { "type": "Point", "coordinates": [ -120.750174693914587, 39.249496920173357 ] } },
{ "type": "Feature", "properties": { "fid": 797, "OBJECTID": 797.0, "CalSim_ID": "BRR067", "Riv_Mi": 66.41, "Riv_Name": "Bear River", "Comment": "Retrun from Drum Canal", "C2VSIM_GW": null, "C2VSIM_SW": null, "CalSim2_ID": null, "Type": "CH", "Sub_Type": "STM", "Nrest_Gage": null, "Strm_Code": "BRR", "RM_II": 67, "HR": "SAC" }, "geometry": { "type": "Point", "coordinates": [ -120.767892599910738, 39.25700337552319 ] } },
{ "type": "Feature", "properties": { "fid": 798, "OBJECTID": 798.0, "CalSim_ID": "BRR066", "Riv_Mi": 65.91, "Riv_Name": "Bear River", "Comment": "Dutch Flat Diversions to Tunnel and Flume/Bear River below Drum Afterbay. Combined Flow USGS11421770+USGS11421750+USGS11421760.", "C2VSIM_GW": null, "C2VSIM_SW": null, "CalSim2_ID": null, "Type": "CH", "Sub_Type": "SG", "Nrest_Gage": "11421770 / 11421750 / 11421760", "Strm_Code": "BRR", "RM_II": 66, "HR": "SAC" }, "geometry": { "type": "Point", "coordinates": [ -120.77512427401301, 39.254261290953686 ] } },
{ "type": "Feature", "properties": { "fid": 799, "OBJECTID": 799.0, "CalSim_ID": "DRM008", "Riv_Mi": 7.76, "Riv_Name": "Drum Canal", "Comment": "Drum Canal near Drum Forebay near Blue Canyon", "C2VSIM_GW": null, "C2VSIM_SW": null, "CalSim2_ID": null, "Type": "CH", "Sub_Type": "SG", "Nrest_Gage": "11414190", "Strm_Code": "DRM", "RM_II": 8, "HR": "SAC" }, "geometry": { "type": "Point", "coordinates": [ -120.729909709250123, 39.264874682095289 ] } },
{ "type": "Feature", "properties": { "fid": 800, "OBJECTID": 800.0, "CalSim_ID": "DRM003", "Riv_Mi": 1.96, "Riv_Name": "Drum Canal", "Comment": "Inflow from Lake Valley Canal", "C2VSIM_GW": null, "C2VSIM_SW": null, "CalSim2_ID": null, "Type": "CH", "Sub_Type": "CNL", "Nrest_Gage": null, "Strm_Code": "DRM", "RM_II": 3, "HR": "SAC" }, "geometry": { "type": "Point", "coordinates": [ -120.664564577832195, 39.305749547662202 ] } },
{ "type": "Feature", "properties": { "fid": 801, "OBJECTID": 801.0, "CalSim_ID": "LVC001", "Riv_Mi": 1.45, "Riv_Name": "Lake Valley Canal", "Comment": "Lake Valley Canal near Emigrant Gap", "C2VSIM_GW": null, "C2VSIM_SW": null, "CalSim2_ID": null, "Type": "CH", "Sub_Type": "SG", "Nrest_Gage": "11426190", "Strm_Code": "LVC", "RM_II": 1, "HR": "SAC" }, "geometry": { "type": "Point", "coordinates": [ -120.64253385308244, 39.298911732490794 ] } },
{ "type": "Feature", "properties": { "fid": 802, "OBJECTID": 802.0, "CalSim_ID": "FCS006", "Riv_Mi": 5.64, "Riv_Name": "French Camp Slough", "Comment": "French Camp Slough near French Camp", "C2VSIM_GW": null, "C2VSIM_SW": null, "CalSim2_ID": null, "Type": "CH", "Sub_Type": "SG", "Nrest_Gage": "DWR  B0-2805", "Strm_Code": "FCS", "RM_II": 6, "HR": "SJR" }, "geometry": { "type": "Point", "coordinates": [ -121.249056720878343, 37.88123856642477 ] } },
{ "type": "Feature", "properties": { "fid": 803, "OBJECTID": 803.0, "CalSim_ID": "FCS007", "Riv_Mi": 6.56, "Riv_Name": "French Camp Slough", "Comment": "Confluence with Littlejohns Creek.", "C2VSIM_GW": null, "C2VSIM_SW": null, "CalSim2_ID": null, "Type": "CH", "Sub_Type": "STM", "Nrest_Gage": null, "Strm_Code": "FCS", "RM_II": 7, "HR": "SJR" }, "geometry": { "type": "Point", "coordinates": [ -121.236166818588558, 37.876467740523331 ] } },
{ "type": "Feature", "properties": { "fid": 804, "OBJECTID": 804.0, "CalSim_ID": "SAL017", "Riv_Mi": 16.52, "Riv_Name": "Salt Slough", "Comment": "Confluence with Mud Slough (South).", "C2VSIM_GW": null, "C2VSIM_SW": null, "CalSim2_ID": null, "Type": "CH", "Sub_Type": "STM", "Nrest_Gage": "11261000", "Strm_Code": "SAL", "RM_II": 17, "HR": "SJR" }, "geometry": { "type": "Point", "coordinates": [ -120.806710625074601, 37.155109597654366 ] } },
{ "type": "Feature", "properties": { "fid": 805, "OBJECTID": 805.0, "CalSim_ID": "MSN004", "Riv_Mi": 4.02, "Riv_Name": "Mud Slough (North)", "Comment": "Confluence with Los Banos Creek", "C2VSIM_GW": null, "C2VSIM_SW": null, "CalSim2_ID": null, "Type": "CH", "Sub_Type": "STM", "Nrest_Gage": null, "Strm_Code": "MSN", "RM_II": 4, "HR": "SJR" }, "geometry": { "type": "Point", "coordinates": [ -120.947983375212118, 37.299466133365954 ] } },
{ "type": "Feature", "properties": { "fid": 806, "OBJECTID": 806.0, "CalSim_ID": "MSN009", "Riv_Mi": 9.31, "Riv_Name": "Mud Slough (North)", "Comment": "Confluence with San Luis Drain", "C2VSIM_GW": null, "C2VSIM_SW": null, "CalSim2_ID": null, "Type": "CH", "Sub_Type": "STM", "Nrest_Gage": "11262900", "Strm_Code": "MSN", "RM_II": 9, "HR": "SJR" }, "geometry": { "type": "Point", "coordinates": [ -120.906157082442064, 37.261257911151695 ] } },
{ "type": "Feature", "properties": { "fid": 807, "OBJECTID": 807.0, "CalSim_ID": "LBN008", "Riv_Mi": 7.94, "Riv_Name": "Los Banos Creek", "Comment": "Confluence with Garzas Creek", "C2VSIM_GW": null, "C2VSIM_SW": null, "CalSim2_ID": null, "Type": "CH", "Sub_Type": "STM", "Nrest_Gage": null, "Strm_Code": "LBN", "RM_II": 8, "HR": "SJR" }, "geometry": { "type": "Point", "coordinates": [ -120.940877435777253, 37.215732876615483 ] } },
{ "type": "Feature", "properties": { "fid": 808, "OBJECTID": 808.0, "CalSim_ID": "LBN012", "Riv_Mi": 11.74, "Riv_Name": "Los Banos Creek", "Comment": "Confluence with Volta Wasteway", "C2VSIM_GW": null, "C2VSIM_SW": null, "CalSim2_ID": null, "Type": "CH", "Sub_Type": "STM", "Nrest_Gage": null, "Strm_Code": "LBN", "RM_II": 12, "HR": "SJR" }, "geometry": { "type": "Point", "coordinates": [ -120.905824305553736, 37.185666170512626 ] } },
{ "type": "Feature", "properties": { "fid": 809, "OBJECTID": 809.0, "CalSim_ID": "LBN025", "Riv_Mi": 25.0, "Riv_Name": "Los Banos Creek", "Comment": null, "C2VSIM_GW": null, "C2VSIM_SW": null, "CalSim2_ID": null, "Type": "CH", "Sub_Type": "STM", "Nrest_Gage": null, "Strm_Code": "LBN", "RM_II": 25, "HR": "SJR" }, "geometry": { "type": "Point", "coordinates": [ -120.889433353753901, 37.028962862343128 ] } },
{ "type": "Feature", "properties": { "fid": 810, "OBJECTID": 810.0, "CalSim_ID": "BANOS", "Riv_Mi": 27.96, "Riv_Name": "Los Banos Creek", "Comment": "Los Banos Reservoir/Los Banos Creek Detention Dam", "C2VSIM_GW": null, "C2VSIM_SW": null, "CalSim2_ID": null, "Type": "STR", "Sub_Type": "SIM", "Nrest_Gage": null, "Strm_Code": null, "RM_II": null, "HR": "SJR" }, "geometry": { "type": "Point", "coordinates": [ -120.932754237610553, 36.992824241716342 ] } },
{ "type": "Feature", "properties": { "fid": 811, "OBJECTID": 811.0, "CalSim_ID": "VLW008", "Riv_Mi": 8.0, "Riv_Name": "Volta Wasteway", "Comment": null, "C2VSIM_GW": null, "C2VSIM_SW": null, "CalSim2_ID": null, "Type": "CH", "Sub_Type": "CNL", "Nrest_Gage": null, "Strm_Code": "VLW", "RM_II": 8, "HR": "SJR" }, "geometry": { "type": "Point", "coordinates": [ -120.919192582314238, 37.13018967602941 ] } },
{ "type": "Feature", "properties": { "fid": 812, "OBJECTID": 812.0, "CalSim_ID": "NMW004", "Riv_Mi": 4.0, "Riv_Name": "Newman Wasteway", "Comment": null, "C2VSIM_GW": null, "C2VSIM_SW": null, "CalSim2_ID": null, "Type": "CH", "Sub_Type": "CNL", "Nrest_Gage": null, "Strm_Code": "NMW", "RM_II": 4, "HR": "SJR" }, "geometry": { "type": "Point", "coordinates": [ -121.015923414453141, 37.293225323857165 ] } },
{ "type": "Feature", "properties": { "fid": 813, "OBJECTID": 813.0, "CalSim_ID": "GRZ012", "Riv_Mi": 12.0, "Riv_Name": "Garzas Creek", "Comment": "USGS Gage.", "C2VSIM_GW": null, "C2VSIM_SW": null, "CalSim2_ID": null, "Type": "CH", "Sub_Type": "STM", "Nrest_Gage": "11263050", "Strm_Code": "GRZ", "RM_II": 12, "HR": "SJR" }, "geometry": { "type": "Point", "coordinates": [ -121.127217256148953, 37.235831086866128 ] } },
{ "type": "Feature", "properties": { "fid": 814, "OBJECTID": 814.0, "CalSim_ID": "ORT009", "Riv_Mi": 9.0, "Riv_Name": "Orestimba Creek", "Comment": "C2VSIM node.", "C2VSIM_GW": "682", "C2VSIM_SW": "129", "CalSim2_ID": null, "Type": "CH", "Sub_Type": "STM", "Nrest_Gage": null, "Strm_Code": "ORT", "RM_II": 9, "HR": "SJR" }, "geometry": { "type": "Point", "coordinates": [ -121.07052698868867, 37.348905430622388 ] } },
{ "type": "Feature", "properties": { "fid": 815, "OBJECTID": 815.0, "CalSim_ID": "ORT014", "Riv_Mi": 14.0, "Riv_Name": "Orestimba Creek", "Comment": "Orestimba Creek near Newman. C2VSIM node.", "C2VSIM_GW": "681", "C2VSIM_SW": "128", "CalSim2_ID": null, "Type": "CH", "Sub_Type": "SG", "Nrest_Gage": "11274500", "Strm_Code": "ORT", "RM_II": 14, "HR": "SJR" }, "geometry": { "type": "Point", "coordinates": [ -121.135020499779714, 37.310068638413625 ] } },
{ "type": "Feature", "properties": { "fid": 816, "OBJECTID": 816.0, "CalSim_ID": "RFS72B", "Riv_Mi": null, "Riv_Name": null, "Comment": null, "C2VSIM_GW": null, "C2VSIM_SW": null, "CalSim2_ID": null, "Type": "RFS", "Sub_Type": "NA", "Nrest_Gage": null, "Strm_Code": null, "RM_II": null, "HR": "SJR" }, "geometry": { "type": "Point", "coordinates": [ -120.980704058773938, 37.299199503761841 ] } },
{ "type": "Feature", "properties": { "fid": 817, "OBJECTID": 817.0, "CalSim_ID": "DBC024", "Riv_Mi": 24.24, "Riv_Name": "Dry Creek/Berenda Creek (Conceptual Combination)", "Comment": "Conceptual representation of both Dry Creek and Berenda Creek Inflow.", "C2VSIM_GW": null, "C2VSIM_SW": null, "CalSim2_ID": null, "Type": "CH", "Sub_Type": "STM", "Nrest_Gage": null, "Strm_Code": "DBC", "RM_II": 24, "HR": "SJR" }, "geometry": { "type": "Point", "coordinates": [ -119.955817436753861, 37.083641683193932 ] } },
{ "type": "Feature", "properties": { "fid": 818, "OBJECTID": 818.0, "CalSim_ID": "DBC014", "Riv_Mi": 14.1, "Riv_Name": "Dry Creek/Berenda Creek (Conceptual Combination)", "Comment": "Diversion to 64_PA1", "C2VSIM_GW": null, "C2VSIM_SW": null, "CalSim2_ID": null, "Type": "CH", "Sub_Type": "STM", "Nrest_Gage": null, "Strm_Code": "DBC", "RM_II": 14, "HR": "SJR" }, "geometry": { "type": "Point", "coordinates": [ -120.072887208670451, 37.046172235955019 ] } },
{ "type": "Feature", "properties": { "fid": 819, "OBJECTID": 819.0, "CalSim_ID": "DPC008", "Riv_Mi": 8.0, "Riv_Name": "Del Puerto Creek", "Comment": null, "C2VSIM_GW": null, "C2VSIM_SW": null, "CalSim2_ID": null, "Type": "CH", "Sub_Type": "STM", "Nrest_Gage": "11274630", "Strm_Code": "DPC", "RM_II": 8, "HR": "SJR" }, "geometry": { "type": "Point", "coordinates": [ -121.212298580024139, 37.483043487543064 ] } },
{ "type": "Feature", "properties": { "fid": 820, "OBJECTID": 820.0, "CalSim_ID": "WWW001", "Riv_Mi": 1.0, "Riv_Name": "Westley Wasteway", "Comment": null, "C2VSIM_GW": null, "C2VSIM_SW": null, "CalSim2_ID": null, "Type": "CH", "Sub_Type": "CNL", "Nrest_Gage": null, "Strm_Code": "WWW", "RM_II": 1, "HR": "SJR" }, "geometry": { "type": "Point", "coordinates": [ -121.203772876674194, 37.530816124011935 ] } },
{ "type": "Feature", "properties": { "fid": 821, "OBJECTID": 821.0, "CalSim_ID": "MDC006", "Riv_Mi": 6.17, "Riv_Name": "Madera Canal", "Comment": "C2VSIM node.", "C2VSIM_GW": null, "C2VSIM_SW": null, "CalSim2_ID": null, "Type": "CH", "Sub_Type": "CNL", "Nrest_Gage": null, "Strm_Code": "MDC", "RM_II": 6, "HR": "SJR" }, "geometry": { "type": "Point", "coordinates": [ -119.77929345630119, 36.965177570882155 ] } },
{ "type": "Feature", "properties": { "fid": 822, "OBJECTID": 822.0, "CalSim_ID": "FRS045", "Riv_Mi": 45.0, "Riv_Name": "Fresno River", "Comment": "C2VSIM node.  Spill from Madera Canal", "C2VSIM_GW": "826", "C2VSIM_SW": "69", "CalSim2_ID": null, "Type": "CH", "Sub_Type": "STM", "Nrest_Gage": null, "Strm_Code": "FRS", "RM_II": 45, "HR": "SJR" }, "geometry": { "type": "Point", "coordinates": [ -119.915072021270376, 37.066031368094734 ] } },
{ "type": "Feature", "properties": { "fid": 823, "OBJECTID": 823.0, "CalSim_ID": "FRS039", "Riv_Mi": 40.0, "Riv_Name": "Fresno River", "Comment": "C2VSIM node.", "C2VSIM_GW": "825", "C2VSIM_SW": "70", "CalSim2_ID": null, "Type": "CH", "Sub_Type": "STM", "Nrest_Gage": null, "Strm_Code": "FRS", "RM_II": 39, "HR": "SJR" }, "geometry": { "type": "Point", "coordinates": [ -119.97660807415221, 37.019839534159622 ] } },
{ "type": "Feature", "properties": { "fid": 824, "OBJECTID": 824.0, "CalSim_ID": "MDC019", "Riv_Mi": 18.83, "Riv_Name": "Madera Canal", "Comment": "C2VSIM node. Added node with Andy on 2/12/08.", "C2VSIM_GW": null, "C2VSIM_SW": null, "CalSim2_ID": null, "Type": "CH", "Sub_Type": "CNL", "Nrest_Gage": null, "Strm_Code": "MDC", "RM_II": 19, "HR": "SJR" }, "geometry": { "type": "Point", "coordinates": [ -119.908229174454988, 37.069172367854613 ] } },
{ "type": "Feature", "properties": { "fid": 825, "OBJECTID": 825.0, "CalSim_ID": "FRS046", "Riv_Mi": 46.44, "Riv_Name": "Fresno River", "Comment": null, "C2VSIM_GW": null, "C2VSIM_SW": null, "CalSim2_ID": null, "Type": "CH", "Sub_Type": "STM", "Nrest_Gage": null, "Strm_Code": "FRS", "RM_II": 46, "HR": "SJR" }, "geometry": { "type": "Point", "coordinates": [ -119.908020541522262, 37.071688552587666 ] } },
{ "type": "Feature", "properties": { "fid": 826, "OBJECTID": 826.0, "CalSim_ID": "WDWRD", "Riv_Mi": null, "Riv_Name": null, "Comment": "Woodward Reservoir", "C2VSIM_GW": "587", "C2VSIM_SW": null, "CalSim2_ID": null, "Type": "STR", "Sub_Type": "SIM", "Nrest_Gage": "11300700", "Strm_Code": null, "RM_II": null, "HR": "SJR" }, "geometry": { "type": "Point", "coordinates": [ -120.87718645780744, 37.861719527159224 ] } },
{ "type": "Feature", "properties": { "fid": 827, "OBJECTID": 827.0, "CalSim_ID": "RFS61C", "Riv_Mi": null, "Riv_Name": null, "Comment": null, "C2VSIM_GW": null, "C2VSIM_SW": null, "CalSim2_ID": null, "Type": "RFS", "Sub_Type": "NA", "Nrest_Gage": null, "Strm_Code": null, "RM_II": null, "HR": "SJR" }, "geometry": { "type": "Point", "coordinates": [ -120.999148106347917, 37.780523435488348 ] } },
{ "type": "Feature", "properties": { "fid": 828, "OBJECTID": 828.0, "CalSim_ID": "61_NA6", "Riv_Mi": null, "Riv_Name": null, "Comment": null, "C2VSIM_GW": null, "C2VSIM_SW": null, "CalSim2_ID": null, "Type": "NP", "Sub_Type": "A", "Nrest_Gage": null, "Strm_Code": null, "RM_II": null, "HR": "SJR" }, "geometry": { "type": "Point", "coordinates": [ -121.217212643326576, 37.696882578103533 ] } },
{ "type": "Feature", "properties": { "fid": 829, "OBJECTID": 829.0, "CalSim_ID": "61_NU2", "Riv_Mi": null, "Riv_Name": null, "Comment": "Lathrop, Escalon, Manteca", "C2VSIM_GW": null, "C2VSIM_SW": null, "CalSim2_ID": null, "Type": "NP", "Sub_Type": "U", "Nrest_Gage": null, "Strm_Code": null, "RM_II": null, "HR": "SJR" }, "geometry": { "type": "Point", "coordinates": [ -121.215412732709154, 37.794579624690996 ] } },
{ "type": "Feature", "properties": { "fid": 830, "OBJECTID": 830.0, "CalSim_ID": "MAWWTP", "Riv_Mi": null, "Riv_Name": null, "Comment": "Manteca  WWTP", "C2VSIM_GW": null, "C2VSIM_SW": null, "CalSim2_ID": null, "Type": "WWTP", "Sub_Type": "NA", "Nrest_Gage": null, "Strm_Code": null, "RM_II": null, "HR": "SJR" }, "geometry": { "type": "Point", "coordinates": [ -121.260786421984108, 37.794102739388556 ] } },
{ "type": "Feature", "properties": { "fid": 831, "OBJECTID": 831.0, "CalSim_ID": "TCWWTP", "Riv_Mi": null, "Riv_Name": null, "Comment": "City of Tracy WWTP", "C2VSIM_GW": null, "C2VSIM_SW": null, "CalSim2_ID": null, "Type": "WWTP", "Sub_Type": "NA", "Nrest_Gage": null, "Strm_Code": null, "RM_II": null, "HR": "SJR" }, "geometry": { "type": "Point", "coordinates": [ -121.421089179659873, 37.766209712931548 ] } },
{ "type": "Feature", "properties": { "fid": 832, "OBJECTID": 832.0, "CalSim_ID": "61_NA4", "Riv_Mi": null, "Riv_Name": null, "Comment": null, "C2VSIM_GW": null, "C2VSIM_SW": null, "CalSim2_ID": null, "Type": "NP", "Sub_Type": "A", "Nrest_Gage": null, "Strm_Code": null, "RM_II": null, "HR": "SJR" }, "geometry": { "type": "Point", "coordinates": [ -120.998626441584662, 37.741734759879137 ] } },
{ "type": "Feature", "properties": { "fid": 833, "OBJECTID": 833.0, "CalSim_ID": "RFS61B", "Riv_Mi": null, "Riv_Name": null, "Comment": null, "C2VSIM_GW": null, "C2VSIM_SW": null, "CalSim2_ID": null, "Type": "RFS", "Sub_Type": "NA", "Nrest_Gage": null, "Strm_Code": null, "RM_II": null, "HR": "SJR" }, "geometry": { "type": "Point", "coordinates": [ -120.893190431195919, 37.735273897625731 ] } },
{ "type": "Feature", "properties": { "fid": 834, "OBJECTID": 834.0, "CalSim_ID": "61_PA2", "Riv_Mi": null, "Riv_Name": null, "Comment": null, "C2VSIM_GW": null, "C2VSIM_SW": null, "CalSim2_ID": null, "Type": "PR", "Sub_Type": "A", "Nrest_Gage": null, "Strm_Code": null, "RM_II": null, "HR": "SJR" }, "geometry": { "type": "Point", "coordinates": [ -120.850476269754438, 37.735589832607374 ] } },
{ "type": "Feature", "properties": { "fid": 835, "OBJECTID": 835.0, "CalSim_ID": "OAK020", "Riv_Mi": 19.9, "Riv_Name": null, "Comment": null, "C2VSIM_GW": null, "C2VSIM_SW": null, "CalSim2_ID": null, "Type": "CH", "Sub_Type": "CNL", "Nrest_Gage": null, "Strm_Code": "OAK", "RM_II": 20, "HR": "SJR" }, "geometry": { "type": "Point", "coordinates": [ -120.802277282404333, 37.745676810399658 ] } },
{ "type": "Feature", "properties": { "fid": 836, "OBJECTID": 836.0, "CalSim_ID": "61_NA2", "Riv_Mi": null, "Riv_Name": null, "Comment": null, "C2VSIM_GW": null, "C2VSIM_SW": null, "CalSim2_ID": null, "Type": "NP", "Sub_Type": "A", "Nrest_Gage": null, "Strm_Code": null, "RM_II": null, "HR": "SJR" }, "geometry": { "type": "Point", "coordinates": [ -120.920162308963199, 37.682091170609162 ] } },
{ "type": "Feature", "properties": { "fid": 837, "OBJECTID": 837.0, "CalSim_ID": "WTPMOD", "Riv_Mi": null, "Riv_Name": null, "Comment": "Modesto Regional WTP", "C2VSIM_GW": null, "C2VSIM_SW": null, "CalSim2_ID": null, "Type": "WTP", "Sub_Type": "NA", "Nrest_Gage": null, "Strm_Code": null, "RM_II": null, "HR": "SJR" }, "geometry": { "type": "Point", "coordinates": [ -120.673923341522297, 37.653146494266188 ] } },
{ "type": "Feature", "properties": { "fid": 838, "OBJECTID": 838.0, "CalSim_ID": "61_NU1", "Riv_Mi": null, "Riv_Name": null, "Comment": "Modesto, Salida, Waterford, Hickman, Del Rio, Grayson, Empire", "C2VSIM_GW": null, "C2VSIM_SW": null, "CalSim2_ID": null, "Type": "NP", "Sub_Type": "U", "Nrest_Gage": null, "Strm_Code": null, "RM_II": null, "HR": "SJR" }, "geometry": { "type": "Point", "coordinates": [ -121.01244054904889, 37.650726760553468 ] } },
{ "type": "Feature", "properties": { "fid": 839, "OBJECTID": 839.0, "CalSim_ID": "MOWWTP", "Riv_Mi": null, "Riv_Name": null, "Comment": "Sutter Ave Primary Treatment Plant", "C2VSIM_GW": null, "C2VSIM_SW": null, "CalSim2_ID": null, "Type": "WWTP", "Sub_Type": "NA", "Nrest_Gage": null, "Strm_Code": null, "RM_II": null, "HR": "SJR" }, "geometry": { "type": "Point", "coordinates": [ -121.011891824557807, 37.610270646014861 ] } },
{ "type": "Feature", "properties": { "fid": 840, "OBJECTID": 840.0, "CalSim_ID": "61_NA5", "Riv_Mi": null, "Riv_Name": null, "Comment": null, "C2VSIM_GW": null, "C2VSIM_SW": null, "CalSim2_ID": null, "Type": "NP", "Sub_Type": "A", "Nrest_Gage": null, "Strm_Code": null, "RM_II": null, "HR": "SJR" }, "geometry": { "type": "Point", "coordinates": [ -121.174548860753632, 37.629385318145815 ] } },
{ "type": "Feature", "properties": { "fid": 841, "OBJECTID": 841.0, "CalSim_ID": "RFS61A", "Riv_Mi": null, "Riv_Name": null, "Comment": null, "C2VSIM_GW": null, "C2VSIM_SW": null, "CalSim2_ID": null, "Type": "RFS", "Sub_Type": "NA", "Nrest_Gage": null, "Strm_Code": null, "RM_II": null, "HR": "SJR" }, "geometry": { "type": "Point", "coordinates": [ -121.174999205767449, 37.657977650765019 ] } },
{ "type": "Feature", "properties": { "fid": 842, "OBJECTID": 842.0, "CalSim_ID": "61_NA3", "Riv_Mi": null, "Riv_Name": null, "Comment": null, "C2VSIM_GW": null, "C2VSIM_SW": null, "CalSim2_ID": null, "Type": "NP", "Sub_Type": "A", "Nrest_Gage": null, "Strm_Code": null, "RM_II": null, "HR": "SJR" }, "geometry": { "type": "Point", "coordinates": [ -121.109921745632207, 37.58853601315991 ] } },
{ "type": "Feature", "properties": { "fid": 843, "OBJECTID": 843.0, "CalSim_ID": "WTPJYL", "Riv_Mi": null, "Riv_Name": null, "Comment": "Jenny Lind WTP", "C2VSIM_GW": null, "C2VSIM_SW": null, "CalSim2_ID": null, "Type": "WTP", "Sub_Type": "NA", "Nrest_Gage": null, "Strm_Code": null, "RM_II": null, "HR": "SJR" }, "geometry": { "type": "Point", "coordinates": [ -120.831616131398576, 38.150685785334488 ] } },
{ "type": "Feature", "properties": { "fid": 844, "OBJECTID": 844.0, "CalSim_ID": "TUO047", "Riv_Mi": 47.0, "Riv_Name": "Tuolumne River", "Comment": "C2VSIM node.", "C2VSIM_GW": "656", "C2VSIM_SW": "136", "CalSim2_ID": null, "Type": "CH", "Sub_Type": "STM", "Nrest_Gage": null, "Strm_Code": "TUO", "RM_II": 47, "HR": "SJR" }, "geometry": { "type": "Point", "coordinates": [ -120.529345446588209, 37.628124951295462 ] } },
{ "type": "Feature", "properties": { "fid": 845, "OBJECTID": 845.0, "CalSim_ID": "TUO054", "Riv_Mi": 53.85, "Riv_Name": "Tuolumne River", "Comment": "La Grange Dam/Reservoir.", "C2VSIM_GW": null, "C2VSIM_SW": null, "CalSim2_ID": null, "Type": "CH", "Sub_Type": "STM", "Nrest_Gage": "11289600", "Strm_Code": "TUO", "RM_II": 54, "HR": "SJR" }, "geometry": { "type": "Point", "coordinates": [ -120.44440549537093, 37.672115559333577 ] } },
{ "type": "Feature", "properties": { "fid": 846, "OBJECTID": 846.0, "CalSim_ID": "PEDRO", "Riv_Mi": 56.49, "Riv_Name": "Tuolumne River", "Comment": "Don Pedro Reservoir/Dam", "C2VSIM_GW": null, "C2VSIM_SW": null, "CalSim2_ID": null, "Type": "STR", "Sub_Type": "SIM", "Nrest_Gage": "11288000", "Strm_Code": null, "RM_II": null, "HR": "SJR" }, "geometry": { "type": "Point", "coordinates": [ -120.42195819772239, 37.700543052095071 ] } },
{ "type": "Feature", "properties": { "fid": 847, "OBJECTID": 847.0, "CalSim_ID": "TRLCH", "Riv_Mi": 11.81, "Riv_Name": "Turlock Main Canal", "Comment": "Turlock Lake", "C2VSIM_GW": "666", "C2VSIM_SW": null, "CalSim2_ID": null, "Type": "STR", "Sub_Type": "SIM", "Nrest_Gage": null, "Strm_Code": null, "RM_II": null, "HR": "SJR" }, "geometry": { "type": "Point", "coordinates": [ -120.594268486730982, 37.611715559075073 ] } },
{ "type": "Feature", "properties": { "fid": 848, "OBJECTID": 848.0, "CalSim_ID": "MDSTO", "Riv_Mi": 15.86, "Riv_Name": "Modesto Main Canal", "Comment": "Modesto Reservoir/Dallas Warner Reservoir.", "C2VSIM_GW": "644", "C2VSIM_SW": null, "CalSim2_ID": null, "Type": "STR", "Sub_Type": "SIM", "Nrest_Gage": null, "Strm_Code": null, "RM_II": null, "HR": "SJR" }, "geometry": { "type": "Point", "coordinates": [ -120.674852648600904, 37.656146324555394 ] } },
{ "type": "Feature", "properties": { "fid": 849, "OBJECTID": 849.0, "CalSim_ID": "MCD009", "Riv_Mi": 9.0, "Riv_Name": "Merced River", "Comment": "C2VSIM node.", "C2VSIM_GW": "694", "C2VSIM_SW": "123", "CalSim2_ID": null, "Type": "CH", "Sub_Type": "STM", "Nrest_Gage": null, "Strm_Code": "MCD", "RM_II": 9, "HR": "SJR" }, "geometry": { "type": "Point", "coordinates": [ -120.893163262317472, 37.357991104523457 ] } },
{ "type": "Feature", "properties": { "fid": 850, "OBJECTID": 850.0, "CalSim_ID": "MCD014", "Riv_Mi": 14.0, "Riv_Name": "Merced River", "Comment": "C2VSIM node.", "C2VSIM_GW": "695", "C2VSIM_SW": "122", "CalSim2_ID": null, "Type": "CH", "Sub_Type": "STM", "Nrest_Gage": null, "Strm_Code": "MCD", "RM_II": 14, "HR": "SJR" }, "geometry": { "type": "Point", "coordinates": [ -120.830865985181347, 37.377707019998105 ] } },
{ "type": "Feature", "properties": { "fid": 851, "OBJECTID": 851.0, "CalSim_ID": "MCD021", "Riv_Mi": 21.0, "Riv_Name": "Merced River", "Comment": "C2VSIM node.", "C2VSIM_GW": "696", "C2VSIM_SW": "121", "CalSim2_ID": null, "Type": "CH", "Sub_Type": "STM", "Nrest_Gage": null, "Strm_Code": "MCD", "RM_II": 21, "HR": "SJR" }, "geometry": { "type": "Point", "coordinates": [ -120.741641410894943, 37.399812199124604 ] } },
{ "type": "Feature", "properties": { "fid": 852, "OBJECTID": 852.0, "CalSim_ID": "71_PA2", "Riv_Mi": null, "Riv_Name": null, "Comment": null, "C2VSIM_GW": null, "C2VSIM_SW": null, "CalSim2_ID": null, "Type": "PR", "Sub_Type": "A", "Nrest_Gage": null, "Strm_Code": null, "RM_II": null, "HR": "SJR" }, "geometry": { "type": "Point", "coordinates": [ -121.219827633829155, 37.556016755832061 ] } },
{ "type": "Feature", "properties": { "fid": 853, "OBJECTID": 853.0, "CalSim_ID": "71_PA1", "Riv_Mi": null, "Riv_Name": null, "Comment": null, "C2VSIM_GW": null, "C2VSIM_SW": null, "CalSim2_ID": null, "Type": "PR", "Sub_Type": "A", "Nrest_Gage": null, "Strm_Code": null, "RM_II": null, "HR": "SJR" }, "geometry": { "type": "Point", "coordinates": [ -121.291890221320457, 37.576354734548325 ] } },
{ "type": "Feature", "properties": { "fid": 854, "OBJECTID": 854.0, "CalSim_ID": "71_PA3", "Riv_Mi": null, "Riv_Name": null, "Comment": null, "C2VSIM_GW": null, "C2VSIM_SW": null, "CalSim2_ID": null, "Type": "PR", "Sub_Type": "A", "Nrest_Gage": null, "Strm_Code": null, "RM_II": null, "HR": "SJR" }, "geometry": { "type": "Point", "coordinates": [ -121.219147289842724, 37.514242126889634 ] } },
{ "type": "Feature", "properties": { "fid": 855, "OBJECTID": 855.0, "CalSim_ID": "71_NU", "Riv_Mi": null, "Riv_Name": null, "Comment": "Patterson", "C2VSIM_GW": null, "C2VSIM_SW": null, "CalSim2_ID": null, "Type": "NP", "Sub_Type": "U", "Nrest_Gage": null, "Strm_Code": null, "RM_II": null, "HR": "SJR" }, "geometry": { "type": "Point", "coordinates": [ -121.133203630491835, 37.472444716401192 ] } },
{ "type": "Feature", "properties": { "fid": 856, "OBJECTID": 856.0, "CalSim_ID": "71_PA4", "Riv_Mi": null, "Riv_Name": null, "Comment": null, "C2VSIM_GW": null, "C2VSIM_SW": null, "CalSim2_ID": null, "Type": "PR", "Sub_Type": "A", "Nrest_Gage": null, "Strm_Code": null, "RM_II": null, "HR": "SJR" }, "geometry": { "type": "Point", "coordinates": [ -121.090939054642945, 37.493620323417922 ] } },
{ "type": "Feature", "properties": { "fid": 857, "OBJECTID": 857.0, "CalSim_ID": "ARY010", "Riv_Mi": 10.0, "Riv_Name": "Arroyo Canal", "Comment": null, "C2VSIM_GW": null, "C2VSIM_SW": null, "CalSim2_ID": null, "Type": "CH", "Sub_Type": "CNL", "Nrest_Gage": null, "Strm_Code": "ARY", "RM_II": 10, "HR": "SJR" }, "geometry": { "type": "Point", "coordinates": [ -120.65065938130175, 37.044706220796897 ] } },
{ "type": "Feature", "properties": { "fid": 858, "OBJECTID": 858.0, "CalSim_ID": "SJR127", "Riv_Mi": 126.9, "Riv_Name": "San Joaquin River", "Comment": "Confluence with Salt Slough", "C2VSIM_GW": null, "C2VSIM_SW": null, "CalSim2_ID": null, "Type": "CH", "Sub_Type": "STM", "Nrest_Gage": null, "Strm_Code": "SJR", "RM_II": 127, "HR": "SJR" }, "geometry": { "type": "Point", "coordinates": [ -120.896622689284072, 37.294526395709276 ] } },
{ "type": "Feature", "properties": { "fid": 859, "OBJECTID": 859.0, "CalSim_ID": "SJR131", "Riv_Mi": 130.94, "Riv_Name": "San Joaquin River", "Comment": "San Joaquin River near Stevinson", "C2VSIM_GW": null, "C2VSIM_SW": null, "CalSim2_ID": null, "Type": "CH", "Sub_Type": "SG", "Nrest_Gage": "11260815 / DWR (SJS)", "Strm_Code": "SJR", "RM_II": 131, "HR": "SJR" }, "geometry": { "type": "Point", "coordinates": [ -120.851326400110082, 37.295305692635189 ] } },
{ "type": "Feature", "properties": { "fid": 860, "OBJECTID": 860.0, "CalSim_ID": "SJR134", "Riv_Mi": 133.74, "Riv_Name": "San Joaquin River", "Comment": "C2VSIM node. Confluence with Eastside Bypass (Bear Creek).", "C2VSIM_GW": "715", "C2VSIM_SW": "104", "CalSim2_ID": null, "Type": "CH", "Sub_Type": "STM", "Nrest_Gage": null, "Strm_Code": "SJR", "RM_II": 134, "HR": "SJR" }, "geometry": { "type": "Point", "coordinates": [ -120.827554018388867, 37.279697143771742 ] } },
{ "type": "Feature", "properties": { "fid": 861, "OBJECTID": 861.0, "CalSim_ID": "SJR141", "Riv_Mi": 141.0, "Riv_Name": "San Joaquin River", "Comment": "C2VSIM node.", "C2VSIM_GW": "728", "C2VSIM_SW": "103", "CalSim2_ID": null, "Type": "CH", "Sub_Type": "STM", "Nrest_Gage": null, "Strm_Code": "SJR", "RM_II": 141, "HR": "SJR" }, "geometry": { "type": "Point", "coordinates": [ -120.797266189981315, 37.222911622972859 ] } },
{ "type": "Feature", "properties": { "fid": 862, "OBJECTID": 862.0, "CalSim_ID": "SJR145", "Riv_Mi": 145.34, "Riv_Name": "San Joaquin River", "Comment": "C2VSIM node. Confluence with Mariposa Bypass.", "C2VSIM_GW": "749", "C2VSIM_SW": "92", "CalSim2_ID": null, "Type": "CH", "Sub_Type": "STM", "Nrest_Gage": null, "Strm_Code": "SJR", "RM_II": 145, "HR": "SJR" }, "geometry": { "type": "Point", "coordinates": [ -120.763074204388587, 37.20379574710951 ] } },
{ "type": "Feature", "properties": { "fid": 863, "OBJECTID": 863.0, "CalSim_ID": "SJR152", "Riv_Mi": 152.0, "Riv_Name": "San Joaquin River", "Comment": "C2VSIM node.", "C2VSIM_GW": "768", "C2VSIM_SW": "91", "CalSim2_ID": null, "Type": "CH", "Sub_Type": "STM", "Nrest_Gage": null, "Strm_Code": "SJR", "RM_II": 152, "HR": "SJR" }, "geometry": { "type": "Point", "coordinates": [ -120.742941182306865, 37.15657360604267 ] } },
{ "type": "Feature", "properties": { "fid": 864, "OBJECTID": 864.0, "CalSim_ID": "SJR157", "Riv_Mi": 157.0, "Riv_Name": "San Joaquin River", "Comment": "C2VSIM node.", "C2VSIM_GW": "769", "C2VSIM_SW": "90", "CalSim2_ID": null, "Type": "CH", "Sub_Type": "STM", "Nrest_Gage": null, "Strm_Code": "SJR", "RM_II": 157, "HR": "SJR" }, "geometry": { "type": "Point", "coordinates": [ -120.683144392760681, 37.146311506467406 ] } },
{ "type": "Feature", "properties": { "fid": 865, "OBJECTID": 865.0, "CalSim_ID": "COT033", "Riv_Mi": 33.0, "Riv_Name": "Hildreth Creek", "Comment": "Cottonwood does not meet the rim watershed, so used Hildreth to extend it.", "C2VSIM_GW": null, "C2VSIM_SW": null, "CalSim2_ID": null, "Type": "CH", "Sub_Type": "STM", "Nrest_Gage": null, "Strm_Code": "COT", "RM_II": 33, "HR": "SJR" }, "geometry": { "type": "Point", "coordinates": [ -119.877330539115036, 37.021616911779844 ] } },
{ "type": "Feature", "properties": { "fid": 866, "OBJECTID": 866.0, "CalSim_ID": "SJR265", "Riv_Mi": 264.9, "Riv_Name": "San Joaquin River", "Comment": "Confluence wtih Cottonwood Creek.", "C2VSIM_GW": null, "C2VSIM_SW": null, "CalSim2_ID": null, "Type": "CH", "Sub_Type": "STM", "Nrest_Gage": null, "Strm_Code": "SJR", "RM_II": 265, "HR": "SJR" }, "geometry": { "type": "Point", "coordinates": [ -119.707485538655447, 36.99799874798908 ] } },
{ "type": "Feature", "properties": { "fid": 867, "OBJECTID": 867.0, "CalSim_ID": "MDC032", "Riv_Mi": 32.0, "Riv_Name": "Madera Canal", "Comment": "Madera ID Lateral  24-2, 32-2", "C2VSIM_GW": null, "C2VSIM_SW": null, "CalSim2_ID": null, "Type": "CH", "Sub_Type": "CNL", "Nrest_Gage": null, "Strm_Code": "MDC", "RM_II": 32, "HR": "SJR" }, "geometry": { "type": "Point", "coordinates": [ -120.080581180689165, 37.123430266869711 ] } },
{ "type": "Feature", "properties": { "fid": 868, "OBJECTID": 868.0, "CalSim_ID": "64_NA2", "Riv_Mi": null, "Riv_Name": null, "Comment": "Non District Ag", "C2VSIM_GW": null, "C2VSIM_SW": null, "CalSim2_ID": null, "Type": "NP", "Sub_Type": "A", "Nrest_Gage": null, "Strm_Code": null, "RM_II": null, "HR": "SJR" }, "geometry": { "type": "Point", "coordinates": [ -120.450311995655724, 36.99564803780477 ] } },
{ "type": "Feature", "properties": { "fid": 869, "OBJECTID": 869.0, "CalSim_ID": "BUR005", "Riv_Mi": 4.58, "Riv_Name": "Burns Creek", "Comment": "USACOE Gage - BUR", "C2VSIM_GW": null, "C2VSIM_SW": null, "CalSim2_ID": null, "Type": "CH", "Sub_Type": "SG", "Nrest_Gage": "USACE (BUR)", "Strm_Code": "BUR", "RM_II": 5, "HR": "SJR" }, "geometry": { "type": "Point", "coordinates": [ -120.276308561169927, 37.377186037731754 ] } },
{ "type": "Feature", "properties": { "fid": 870, "OBJECTID": 870.0, "CalSim_ID": "SJR166", "Riv_Mi": 166.44, "Riv_Name": "San Joaquin River", "Comment": "C2VSIM node. San Joaquin River (4B) Headgates. Salt Slough connection to Eastside Bypass.", "C2VSIM_GW": "784", "C2VSIM_SW": "79", "CalSim2_ID": null, "Type": "CH", "Sub_Type": "STM", "Nrest_Gage": null, "Strm_Code": "SJR", "RM_II": 166, "HR": "SJR" }, "geometry": { "type": "Point", "coordinates": [ -120.589562843313999, 37.111950585695837 ] } },
{ "type": "Feature", "properties": { "fid": 871, "OBJECTID": 871.0, "CalSim_ID": "SJR173", "Riv_Mi": 173.0, "Riv_Name": "San Joaquin River", "Comment": "C2VSIM node.", "C2VSIM_GW": "798", "C2VSIM_SW": "68", "CalSim2_ID": null, "Type": "CH", "Sub_Type": "STM", "Nrest_Gage": null, "Strm_Code": "SJR", "RM_II": 173, "HR": "SJR" }, "geometry": { "type": "Point", "coordinates": [ -120.542753639605962, 37.046395602019444 ] } },
{ "type": "Feature", "properties": { "fid": 872, "OBJECTID": 872.0, "CalSim_ID": "SJR179", "Riv_Mi": 179.0, "Riv_Name": "San Joaquin River", "Comment": "San Joaquin River near Dos Palos", "C2VSIM_GW": null, "C2VSIM_SW": null, "CalSim2_ID": null, "Type": "CH", "Sub_Type": "SG", "Nrest_Gage": "DWR B0-7610", "Strm_Code": "SJR", "RM_II": 179, "HR": "SJR" }, "geometry": { "type": "Point", "coordinates": [ -120.500812095364495, 36.994947920865044 ] } },
{ "type": "Feature", "properties": { "fid": 873, "OBJECTID": 873.0, "CalSim_ID": "SJR180", "Riv_Mi": 180.0, "Riv_Name": "San Joaquin River", "Comment": "C2VSIM node. Sack Dam diversion to Arroyo Canal", "C2VSIM_GW": "818", "C2VSIM_SW": "67", "CalSim2_ID": null, "Type": "CH", "Sub_Type": "STM", "Nrest_Gage": null, "Strm_Code": "SJR", "RM_II": 180, "HR": "SJR" }, "geometry": { "type": "Point", "coordinates": [ -120.500170851987875, 36.983673417264136 ] } },
{ "type": "Feature", "properties": { "fid": 874, "OBJECTID": 874.0, "CalSim_ID": "SJR185", "Riv_Mi": 185.0, "Riv_Name": "San Joaquin River", "Comment": "C2VSIM node.", "C2VSIM_GW": "829", "C2VSIM_SW": "66", "CalSim2_ID": null, "Type": "CH", "Sub_Type": "STM", "Nrest_Gage": null, "Strm_Code": "SJR", "RM_II": 185, "HR": "SJR" }, "geometry": { "type": "Point", "coordinates": [ -120.464413196884479, 36.931234534880076 ] } },
{ "type": "Feature", "properties": { "fid": 875, "OBJECTID": 875.0, "CalSim_ID": "SJR192", "Riv_Mi": 192.0, "Riv_Name": "San Joaquin River", "Comment": "C2VSIM node.", "C2VSIM_GW": "843", "C2VSIM_SW": "65", "CalSim2_ID": null, "Type": "CH", "Sub_Type": "STM", "Nrest_Gage": null, "Strm_Code": "SJR", "RM_II": 192, "HR": "SJR" }, "geometry": { "type": "Point", "coordinates": [ -120.45240408875631, 36.866506911413104 ] } },
{ "type": "Feature", "properties": { "fid": 876, "OBJECTID": 876.0, "CalSim_ID": "SJR195", "Riv_Mi": 195.06, "Riv_Name": "San Joaquin River", "Comment": "Confluence with Firebaugh Wasteway", "C2VSIM_GW": null, "C2VSIM_SW": null, "CalSim2_ID": null, "Type": "CH", "Sub_Type": "STM", "Nrest_Gage": null, "Strm_Code": "SJR", "RM_II": 195, "HR": "SJR" }, "geometry": { "type": "Point", "coordinates": [ -120.429071101120272, 36.843283991856097 ] } },
{ "type": "Feature", "properties": { "fid": 877, "OBJECTID": 877.0, "CalSim_ID": "SJR198", "Riv_Mi": 198.0, "Riv_Name": "San Joaquin River", "Comment": "C2VSIM node.", "C2VSIM_GW": "858", "C2VSIM_SW": "64", "CalSim2_ID": null, "Type": "CH", "Sub_Type": "STM", "Nrest_Gage": null, "Strm_Code": "SJR", "RM_II": 198, "HR": "SJR" }, "geometry": { "type": "Point", "coordinates": [ -120.399848540589488, 36.822222828236022 ] } },
{ "type": "Feature", "properties": { "fid": 878, "OBJECTID": 878.0, "CalSim_ID": "SJR200", "Riv_Mi": 200.0, "Riv_Name": "San Joaquin River", "Comment": "San Joaquin River near Mendota", "C2VSIM_GW": null, "C2VSIM_SW": null, "CalSim2_ID": null, "Type": "CH", "Sub_Type": "SG", "Nrest_Gage": "11254000 / DWR (MEN)", "Strm_Code": "SJR", "RM_II": 200, "HR": "SJR" }, "geometry": { "type": "Point", "coordinates": [ -120.378007056997163, 36.810196629627335 ] } },
{ "type": "Feature", "properties": { "fid": 879, "OBJECTID": 879.0, "CalSim_ID": "71_PA5", "Riv_Mi": null, "Riv_Name": null, "Comment": null, "C2VSIM_GW": null, "C2VSIM_SW": null, "CalSim2_ID": null, "Type": "PR", "Sub_Type": "A", "Nrest_Gage": null, "Strm_Code": null, "RM_II": null, "HR": "SJR" }, "geometry": { "type": "Point", "coordinates": [ -121.125650959106878, 37.445427014913868 ] } },
{ "type": "Feature", "properties": { "fid": 880, "OBJECTID": 880.0, "CalSim_ID": "SJR201", "Riv_Mi": 200.85, "Riv_Name": "San Joaquin River", "Comment": "C2VSIM node. Confluence with proposed Mendota Bypass return.", "C2VSIM_GW": "872", "C2VSIM_SW": "53", "CalSim2_ID": null, "Type": "CH", "Sub_Type": "STM", "Nrest_Gage": null, "Strm_Code": "SJR", "RM_II": 201, "HR": "SJR" }, "geometry": { "type": "Point", "coordinates": [ -120.368125804147155, 36.806943409886252 ] } },
{ "type": "Feature", "properties": { "fid": 881, "OBJECTID": 881.0, "CalSim_ID": "SJR205", "Riv_Mi": 205.26, "Riv_Name": "San Joaquin River", "Comment": "Diversion to proposed Mendota Pool Bypass", "C2VSIM_GW": null, "C2VSIM_SW": null, "CalSim2_ID": null, "Type": "CH", "Sub_Type": "STM", "Nrest_Gage": null, "Strm_Code": "SJR", "RM_II": 205, "HR": "SJR" }, "geometry": { "type": "Point", "coordinates": [ -120.349838538539899, 36.798268724183558 ] } },
{ "type": "Feature", "properties": { "fid": 882, "OBJECTID": 882.0, "CalSim_ID": "SJR214", "Riv_Mi": 213.73, "Riv_Name": "San Joaquin River", "Comment": "San Joaquin River below Chowchilla Bypass Bifurcation Structure. DWRB07798", "C2VSIM_GW": "873", "C2VSIM_SW": "61", "CalSim2_ID": null, "Type": "CH", "Sub_Type": "SG", "Nrest_Gage": "DWR  B0-7798", "Strm_Code": "SJR", "RM_II": 214, "HR": "SJR" }, "geometry": { "type": "Point", "coordinates": [ -120.284022573594058, 36.77339641680652 ] } },
{ "type": "Feature", "properties": { "fid": 883, "OBJECTID": 883.0, "CalSim_ID": "SJR213", "Riv_Mi": 213.62, "Riv_Name": "San Joaquin River", "Comment": "San Joaquin River below Chowchilla Bypass", "C2VSIM_GW": null, "C2VSIM_SW": null, "CalSim2_ID": null, "Type": "CH", "Sub_Type": "SG", "Nrest_Gage": "DWR B0-7798 (SJB)", "Strm_Code": "SJR", "RM_II": 213, "HR": "SJR" }, "geometry": { "type": "Point", "coordinates": [ -120.285920437867134, 36.77329618378338 ] } },
{ "type": "Feature", "properties": { "fid": 884, "OBJECTID": 884.0, "CalSim_ID": "SJR221", "Riv_Mi": 221.0, "Riv_Name": "San Joaquin River", "Comment": "C2VSIM node.", "C2VSIM_GW": "874", "C2VSIM_SW": "60", "CalSim2_ID": null, "Type": "CH", "Sub_Type": "STM", "Nrest_Gage": null, "Strm_Code": "SJR", "RM_II": 221, "HR": "SJR" }, "geometry": { "type": "Point", "coordinates": [ -120.20140070365818, 36.784558548796575 ] } },
{ "type": "Feature", "properties": { "fid": 885, "OBJECTID": 885.0, "CalSim_ID": "SJR225", "Riv_Mi": 225.13, "Riv_Name": "San Joaquin River", "Comment": "San Joaquin River at Gravelly Ford", "C2VSIM_GW": null, "C2VSIM_SW": null, "CalSim2_ID": null, "Type": "CH", "Sub_Type": "SG", "Nrest_Gage": "DWR (GRF)", "Strm_Code": "SJR", "RM_II": 225, "HR": "SJR" }, "geometry": { "type": "Point", "coordinates": [ -120.159727432863562, 36.798141070869903 ] } },
{ "type": "Feature", "properties": { "fid": 886, "OBJECTID": 886.0, "CalSim_ID": "SJR227", "Riv_Mi": 227.48, "Riv_Name": "San Joaquin River", "Comment": "C2VSIM node. San Joaquin River at Whitehouse. USGS11253050/DWRB07780", "C2VSIM_GW": "875", "C2VSIM_SW": "59", "CalSim2_ID": null, "Type": "CH", "Sub_Type": "SG", "Nrest_Gage": "11253050", "Strm_Code": "SJR", "RM_II": 227, "HR": "SJR" }, "geometry": { "type": "Point", "coordinates": [ -120.13913618454545, 36.807887431660525 ] } },
{ "type": "Feature", "properties": { "fid": 887, "OBJECTID": 887.0, "CalSim_ID": "SJR235", "Riv_Mi": 235.0, "Riv_Name": "San Joaquin River", "Comment": "C2VSIM node.", "C2VSIM_GW": "876", "C2VSIM_SW": "58", "CalSim2_ID": null, "Type": "CH", "Sub_Type": "STM", "Nrest_Gage": null, "Strm_Code": "SJR", "RM_II": 235, "HR": "SJR" }, "geometry": { "type": "Point", "coordinates": [ -120.015108402580395, 36.827282455107998 ] } },
{ "type": "Feature", "properties": { "fid": 888, "OBJECTID": 888.0, "CalSim_ID": "SJR242", "Riv_Mi": 242.0, "Riv_Name": "San Joaquin River", "Comment": "C2VSIM node.", "C2VSIM_GW": "877", "C2VSIM_SW": "57", "CalSim2_ID": null, "Type": "CH", "Sub_Type": "STM", "Nrest_Gage": "11252500", "Strm_Code": "SJR", "RM_II": 242, "HR": "SJR" }, "geometry": { "type": "Point", "coordinates": [ -119.921503850666099, 36.846406137088991 ] } },
{ "type": "Feature", "properties": { "fid": 889, "OBJECTID": 889.0, "CalSim_ID": "SJR249", "Riv_Mi": 249.0, "Riv_Name": "San Joaquin River", "Comment": "C2VSIM node.", "C2VSIM_GW": "878", "C2VSIM_SW": "56", "CalSim2_ID": null, "Type": "CH", "Sub_Type": "STM", "Nrest_Gage": null, "Strm_Code": "SJR", "RM_II": 249, "HR": "SJR" }, "geometry": { "type": "Point", "coordinates": [ -119.836397000717128, 36.853740697458932 ] } },
{ "type": "Feature", "properties": { "fid": 890, "OBJECTID": 890.0, "CalSim_ID": "SJR258", "Riv_Mi": 258.09, "Riv_Name": "San Joaquin River", "Comment": "Confluence with Little Dry Creek", "C2VSIM_GW": null, "C2VSIM_SW": null, "CalSim2_ID": null, "Type": "CH", "Sub_Type": "STM", "Nrest_Gage": null, "Strm_Code": "SJR", "RM_II": 258, "HR": "SJR" }, "geometry": { "type": "Point", "coordinates": [ -119.750645669237315, 36.927426248972765 ] } },
{ "type": "Feature", "properties": { "fid": 891, "OBJECTID": 891.0, "CalSim_ID": "SJR263", "Riv_Mi": 263.49, "Riv_Name": "San Joaquin River", "Comment": "San Joaquin River below Friant Dam. C2VSIM node.", "C2VSIM_GW": "880", "C2VSIM_SW": "54", "CalSim2_ID": null, "Type": "CH", "Sub_Type": "SG", "Nrest_Gage": "11251000", "Strm_Code": "SJR", "RM_II": 263, "HR": "SJR" }, "geometry": { "type": "Point", "coordinates": [ -119.724268379301165, 36.984193579852167 ] } },
{ "type": "Feature", "properties": { "fid": 892, "OBJECTID": 892.0, "CalSim_ID": "MLRTN", "Riv_Mi": 262.06, "Riv_Name": "San Joaquin River", "Comment": "Millerton Lake/Friant Dam", "C2VSIM_GW": null, "C2VSIM_SW": null, "CalSim2_ID": null, "Type": "STR", "Sub_Type": "SIM", "Nrest_Gage": "11250000", "Strm_Code": null, "RM_II": null, "HR": "SJR" }, "geometry": { "type": "Point", "coordinates": [ -119.705413840130987, 36.999401211230619 ] } },
{ "type": "Feature", "properties": { "fid": 893, "OBJECTID": 893.0, "CalSim_ID": "TUO010", "Riv_Mi": 10.0, "Riv_Name": "Tuolumne River", "Comment": "C2VSIM node.", "C2VSIM_GW": "650", "C2VSIM_SW": "142", "CalSim2_ID": null, "Type": "CH", "Sub_Type": "STM", "Nrest_Gage": null, "Strm_Code": "TUO", "RM_II": 10, "HR": "SJR" }, "geometry": { "type": "Point", "coordinates": [ -121.069672028793889, 37.585893985198332 ] } },
{ "type": "Feature", "properties": { "fid": 894, "OBJECTID": 894.0, "CalSim_ID": "TUO015", "Riv_Mi": 15.0, "Riv_Name": "Tuolumne River", "Comment": "C2VSIM node.", "C2VSIM_GW": "651", "C2VSIM_SW": "141", "CalSim2_ID": null, "Type": "CH", "Sub_Type": "STM", "Nrest_Gage": null, "Strm_Code": "TUO", "RM_II": 15, "HR": "SJR" }, "geometry": { "type": "Point", "coordinates": [ -121.001455725161563, 37.611798546608924 ] } },
{ "type": "Feature", "properties": { "fid": 895, "OBJECTID": 895.0, "CalSim_ID": "TUO022", "Riv_Mi": 22.0, "Riv_Name": "Tuolumne River", "Comment": "C2VSIM node.", "C2VSIM_GW": "652", "C2VSIM_SW": "140", "CalSim2_ID": null, "Type": "CH", "Sub_Type": "STM", "Nrest_Gage": null, "Strm_Code": "TUO", "RM_II": 22, "HR": "SJR" }, "geometry": { "type": "Point", "coordinates": [ -120.905447316609312, 37.618967750699966 ] } },
{ "type": "Feature", "properties": { "fid": 896, "OBJECTID": 896.0, "CalSim_ID": "TUO030", "Riv_Mi": 30.0, "Riv_Name": "Tuolumne River", "Comment": "C2VSIM node.", "C2VSIM_GW": "653", "C2VSIM_SW": "139", "CalSim2_ID": null, "Type": "CH", "Sub_Type": "STM", "Nrest_Gage": null, "Strm_Code": "TUO", "RM_II": 30, "HR": "SJR" }, "geometry": { "type": "Point", "coordinates": [ -120.805271562972848, 37.615334190298356 ] } },
{ "type": "Feature", "properties": { "fid": 897, "OBJECTID": 897.0, "CalSim_ID": "TUO036", "Riv_Mi": 36.0, "Riv_Name": "Tuolumne River", "Comment": "C2VSIM node.", "C2VSIM_GW": "654", "C2VSIM_SW": "138", "CalSim2_ID": null, "Type": "CH", "Sub_Type": "STM", "Nrest_Gage": null, "Strm_Code": "TUO", "RM_II": 36, "HR": "SJR" }, "geometry": { "type": "Point", "coordinates": [ -120.708709663352039, 37.637989938515695 ] } },
{ "type": "Feature", "properties": { "fid": 898, "OBJECTID": 898.0, "CalSim_ID": "TUO043", "Riv_Mi": 43.0, "Riv_Name": "Tuolumne River", "Comment": "C2VSIM node.", "C2VSIM_GW": "655", "C2VSIM_SW": "137", "CalSim2_ID": null, "Type": "CH", "Sub_Type": "STM", "Nrest_Gage": null, "Strm_Code": "TUO", "RM_II": 43, "HR": "SJR" }, "geometry": { "type": "Point", "coordinates": [ -120.594724872576478, 37.634454875308336 ] } },
{ "type": "Feature", "properties": { "fid": 899, "OBJECTID": 899.0, "CalSim_ID": "90_PU", "Riv_Mi": null, "Riv_Name": null, "Comment": "Coalinga, Huron, Avenal", "C2VSIM_GW": null, "C2VSIM_SW": null, "CalSim2_ID": null, "Type": "PR", "Sub_Type": "U", "Nrest_Gage": null, "Strm_Code": null, "RM_II": null, "HR": "SJR" }, "geometry": { "type": "Point", "coordinates": [ -120.359001163542047, 36.13999935600232 ] } },
{ "type": "Feature", "properties": { "fid": 900, "OBJECTID": 900.0, "CalSim_ID": "90_PA2", "Riv_Mi": null, "Riv_Name": null, "Comment": null, "C2VSIM_GW": null, "C2VSIM_SW": null, "CalSim2_ID": null, "Type": "PR", "Sub_Type": "A", "Nrest_Gage": null, "Strm_Code": null, "RM_II": null, "HR": "SJR" }, "geometry": { "type": "Point", "coordinates": [ -120.163023770161246, 36.220699185101779 ] } },
{ "type": "Feature", "properties": { "fid": 901, "OBJECTID": 901.0, "CalSim_ID": "72_NU", "Riv_Mi": null, "Riv_Name": null, "Comment": "Los Banos, Gustine, Firebaugh, Newman", "C2VSIM_GW": null, "C2VSIM_SW": null, "CalSim2_ID": null, "Type": "NP", "Sub_Type": "U", "Nrest_Gage": null, "Strm_Code": null, "RM_II": null, "HR": "SJR" }, "geometry": { "type": "Point", "coordinates": [ -120.839042054086747, 37.076008533447848 ] } },
{ "type": "Feature", "properties": { "fid": 902, "OBJECTID": 902.0, "CalSim_ID": "72_PR6", "Riv_Mi": null, "Riv_Name": null, "Comment": null, "C2VSIM_GW": null, "C2VSIM_SW": null, "CalSim2_ID": null, "Type": "PR", "Sub_Type": "R", "Nrest_Gage": null, "Strm_Code": null, "RM_II": null, "HR": "SJR" }, "geometry": { "type": "Point", "coordinates": [ -120.758300392238212, 36.996522050864286 ] } },
{ "type": "Feature", "properties": { "fid": 903, "OBJECTID": 903.0, "CalSim_ID": "RFS72A", "Riv_Mi": null, "Riv_Name": null, "Comment": null, "C2VSIM_GW": null, "C2VSIM_SW": null, "CalSim2_ID": null, "Type": "RFS", "Sub_Type": "NA", "Nrest_Gage": null, "Strm_Code": null, "RM_II": null, "HR": "SJR" }, "geometry": { "type": "Point", "coordinates": [ -120.781915759072916, 37.015157720596093 ] } },
{ "type": "Feature", "properties": { "fid": 904, "OBJECTID": 904.0, "CalSim_ID": "MSS014", "Riv_Mi": 14.0, "Riv_Name": "Mud Slough (South)", "Comment": null, "C2VSIM_GW": null, "C2VSIM_SW": null, "CalSim2_ID": null, "Type": "CH", "Sub_Type": "STM", "Nrest_Gage": null, "Strm_Code": "MSS", "RM_II": 14, "HR": "SJR" }, "geometry": { "type": "Point", "coordinates": [ -120.771233066562843, 37.039827402383999 ] } },
{ "type": "Feature", "properties": { "fid": 905, "OBJECTID": 905.0, "CalSim_ID": "72_XA2", "Riv_Mi": null, "Riv_Name": null, "Comment": "CCID (South)", "C2VSIM_GW": null, "C2VSIM_SW": null, "CalSim2_ID": null, "Type": "X", "Sub_Type": "A", "Nrest_Gage": null, "Strm_Code": null, "RM_II": null, "HR": "SJR" }, "geometry": { "type": "Point", "coordinates": [ -120.551548735457999, 36.977411119342818 ] } },
{ "type": "Feature", "properties": { "fid": 906, "OBJECTID": 906.0, "CalSim_ID": "72_PA", "Riv_Mi": null, "Riv_Name": null, "Comment": null, "C2VSIM_GW": null, "C2VSIM_SW": null, "CalSim2_ID": null, "Type": "PR", "Sub_Type": "A", "Nrest_Gage": null, "Strm_Code": null, "RM_II": null, "HR": "SJR" }, "geometry": { "type": "Point", "coordinates": [ -120.662456151760409, 36.97952573153632 ] } },
{ "type": "Feature", "properties": { "fid": 907, "OBJECTID": 907.0, "CalSim_ID": "73_PA3", "Riv_Mi": null, "Riv_Name": null, "Comment": null, "C2VSIM_GW": null, "C2VSIM_SW": null, "CalSim2_ID": null, "Type": "PR", "Sub_Type": "A", "Nrest_Gage": null, "Strm_Code": null, "RM_II": null, "HR": "SJR" }, "geometry": { "type": "Point", "coordinates": [ -120.769459995943876, 36.877491362855501 ] } },
{ "type": "Feature", "properties": { "fid": 908, "OBJECTID": 908.0, "CalSim_ID": "73_XA", "Riv_Mi": null, "Riv_Name": null, "Comment": null, "C2VSIM_GW": null, "C2VSIM_SW": null, "CalSim2_ID": null, "Type": "X", "Sub_Type": "A", "Nrest_Gage": null, "Strm_Code": null, "RM_II": null, "HR": "SJR" }, "geometry": { "type": "Point", "coordinates": [ -120.484858406234707, 36.829742926620398 ] } },
{ "type": "Feature", "properties": { "fid": 909, "OBJECTID": 909.0, "CalSim_ID": "73_PA2", "Riv_Mi": null, "Riv_Name": null, "Comment": null, "C2VSIM_GW": null, "C2VSIM_SW": null, "CalSim2_ID": null, "Type": "PR", "Sub_Type": "A", "Nrest_Gage": null, "Strm_Code": null, "RM_II": null, "HR": "SJR" }, "geometry": { "type": "Point", "coordinates": [ -120.63243618551607, 36.893636373083815 ] } },
{ "type": "Feature", "properties": { "fid": 910, "OBJECTID": 910.0, "CalSim_ID": "72_PU", "Riv_Mi": null, "Riv_Name": null, "Comment": "South Dos Palos (Dos Palos Station)", "C2VSIM_GW": null, "C2VSIM_SW": null, "CalSim2_ID": null, "Type": "PR", "Sub_Type": "U", "Nrest_Gage": null, "Strm_Code": null, "RM_II": null, "HR": "SJR" }, "geometry": { "type": "Point", "coordinates": [ -120.621618301903965, 36.987698231743728 ] } },
{ "type": "Feature", "properties": { "fid": 911, "OBJECTID": 911.0, "CalSim_ID": "72_PR3", "Riv_Mi": null, "Riv_Name": null, "Comment": null, "C2VSIM_GW": null, "C2VSIM_SW": null, "CalSim2_ID": null, "Type": "PR", "Sub_Type": "R", "Nrest_Gage": null, "Strm_Code": null, "RM_II": null, "HR": "SJR" }, "geometry": { "type": "Point", "coordinates": [ -120.788299231825249, 37.204710248510615 ] } },
{ "type": "Feature", "properties": { "fid": 912, "OBJECTID": 912.0, "CalSim_ID": "72_XA1", "Riv_Mi": null, "Riv_Name": null, "Comment": null, "C2VSIM_GW": null, "C2VSIM_SW": null, "CalSim2_ID": null, "Type": "X", "Sub_Type": "A", "Nrest_Gage": null, "Strm_Code": null, "RM_II": null, "HR": "SJR" }, "geometry": { "type": "Point", "coordinates": [ -120.718318522577391, 37.109321682187165 ] } },
{ "type": "Feature", "properties": { "fid": 913, "OBJECTID": 913.0, "CalSim_ID": "XCC010", "Riv_Mi": 10.0, "Riv_Name": null, "Comment": null, "C2VSIM_GW": null, "C2VSIM_SW": null, "CalSim2_ID": null, "Type": "CH", "Sub_Type": "CNL", "Nrest_Gage": null, "Strm_Code": "XCC", "RM_II": 10, "HR": "SJR" }, "geometry": { "type": "Point", "coordinates": [ -120.496673380213181, 36.885012476940581 ] } },
{ "type": "Feature", "properties": { "fid": 914, "OBJECTID": 914.0, "CalSim_ID": "64_XA", "Riv_Mi": null, "Riv_Name": null, "Comment": null, "C2VSIM_GW": null, "C2VSIM_SW": null, "CalSim2_ID": null, "Type": "X", "Sub_Type": "A", "Nrest_Gage": null, "Strm_Code": null, "RM_II": null, "HR": "SJR" }, "geometry": { "type": "Point", "coordinates": [ -120.414594820999724, 36.85315521541159 ] } },
{ "type": "Feature", "properties": { "fid": 915, "OBJECTID": 915.0, "CalSim_ID": "FSL012", "Riv_Mi": 12.1, "Riv_Name": "Fresno Slough", "Comment": "C2VSIM Node. Confluence with James Bypass", "C2VSIM_GW": "892", "C2VSIM_SW": "51", "CalSim2_ID": null, "Type": "CH", "Sub_Type": "STM", "Nrest_Gage": null, "Strm_Code": "FSL", "RM_II": 12, "HR": "SJR" }, "geometry": { "type": "Point", "coordinates": [ -120.267466460278428, 36.677069079580079 ] } },
{ "type": "Feature", "properties": { "fid": 916, "OBJECTID": 916.0, "CalSim_ID": "91_PR", "Riv_Mi": null, "Riv_Name": null, "Comment": null, "C2VSIM_GW": null, "C2VSIM_SW": null, "CalSim2_ID": null, "Type": "PR", "Sub_Type": "R", "Nrest_Gage": null, "Strm_Code": null, "RM_II": null, "HR": "SJR" }, "geometry": { "type": "Point", "coordinates": [ -120.340699281072347, 36.704976803800861 ] } },
{ "type": "Feature", "properties": { "fid": 917, "OBJECTID": 917.0, "CalSim_ID": "91_PA", "Riv_Mi": null, "Riv_Name": null, "Comment": null, "C2VSIM_GW": null, "C2VSIM_SW": null, "CalSim2_ID": null, "Type": "PR", "Sub_Type": "A", "Nrest_Gage": null, "Strm_Code": null, "RM_II": null, "HR": "SJR" }, "geometry": { "type": "Point", "coordinates": [ -120.281665887745859, 36.665598749320921 ] } },
{ "type": "Feature", "properties": { "fid": 918, "OBJECTID": 918.0, "CalSim_ID": "72_NA1", "Riv_Mi": null, "Riv_Name": null, "Comment": null, "C2VSIM_GW": null, "C2VSIM_SW": null, "CalSim2_ID": null, "Type": "NP", "Sub_Type": "A", "Nrest_Gage": null, "Strm_Code": null, "RM_II": null, "HR": "SJR" }, "geometry": { "type": "Point", "coordinates": [ -120.987306967585923, 37.358657633904841 ] } },
{ "type": "Feature", "properties": { "fid": 919, "OBJECTID": 919.0, "CalSim_ID": "71_PA6", "Riv_Mi": null, "Riv_Name": null, "Comment": null, "C2VSIM_GW": null, "C2VSIM_SW": null, "CalSim2_ID": null, "Type": "PR", "Sub_Type": "A", "Nrest_Gage": null, "Strm_Code": null, "RM_II": null, "HR": "SJR" }, "geometry": { "type": "Point", "coordinates": [ -121.046174843027259, 37.190010183438446 ] } },
{ "type": "Feature", "properties": { "fid": 920, "OBJECTID": 920.0, "CalSim_ID": "71_PA7", "Riv_Mi": null, "Riv_Name": null, "Comment": null, "C2VSIM_GW": null, "C2VSIM_SW": null, "CalSim2_ID": null, "Type": "PR", "Sub_Type": "A", "Nrest_Gage": null, "Strm_Code": null, "RM_II": null, "HR": "SJR" }, "geometry": { "type": "Point", "coordinates": [ -121.153903512854967, 37.383723688498542 ] } },
{ "type": "Feature", "properties": { "fid": 921, "OBJECTID": 921.0, "CalSim_ID": "CAA024", "Riv_Mi": 24.0, "Riv_Name": "California Aqueduct", "Comment": null, "C2VSIM_GW": null, "C2VSIM_SW": null, "CalSim2_ID": null, "Type": "CH", "Sub_Type": "CNL", "Nrest_Gage": null, "Strm_Code": "CAA", "RM_II": 24, "HR": "SJR" }, "geometry": { "type": "Point", "coordinates": [ -121.352704663438303, 37.627884772462011 ] } },
{ "type": "Feature", "properties": { "fid": 922, "OBJECTID": 922.0, "CalSim_ID": "LBC001", "Riv_Mi": 1.0, "Riv_Name": "Lower Boardman Canal", "Comment": "Lake Alta", "C2VSIM_GW": null, "C2VSIM_SW": null, "CalSim2_ID": null, "Type": "CH", "Sub_Type": "CNL", "Nrest_Gage": null, "Strm_Code": "LBC", "RM_II": 1, "HR": "SAC" }, "geometry": { "type": "Point", "coordinates": [ -120.817366628285612, 39.207237473130277 ] } },
{ "type": "Feature", "properties": { "fid": 923, "OBJECTID": 923.0, "CalSim_ID": "LBC010", "Riv_Mi": 10.0, "Riv_Name": "Lower Boardman Canal", "Comment": "Diversion to Off-Model (Monte Vista, Applegate,Colfax)", "C2VSIM_GW": null, "C2VSIM_SW": null, "CalSim2_ID": null, "Type": "CH", "Sub_Type": "CNL", "Nrest_Gage": null, "Strm_Code": "LBC", "RM_II": 10, "HR": "SAC" }, "geometry": { "type": "Point", "coordinates": [ -120.898723990544042, 39.147508898485555 ] } },
{ "type": "Feature", "properties": { "fid": 924, "OBJECTID": 924.0, "CalSim_ID": "WBF030", "Riv_Mi": 29.3, "Riv_Name": "West Branch Feather River", "Comment": "Hendricks Diversion Dam", "C2VSIM_GW": null, "C2VSIM_SW": null, "CalSim2_ID": null, "Type": "CH", "Sub_Type": "STM", "Nrest_Gage": "11405200", "Strm_Code": "WBF", "RM_II": 30, "HR": "SAC" }, "geometry": { "type": "Point", "coordinates": [ -121.531827479934066, 39.938085078891966 ] } },
{ "type": "Feature", "properties": { "fid": 925, "OBJECTID": 925.0, "CalSim_ID": "BTC060", "Riv_Mi": 60.23, "Riv_Name": "Butte Creek", "Comment": "De Sabla Powerhouse", "C2VSIM_GW": null, "C2VSIM_SW": null, "CalSim2_ID": null, "Type": "CH", "Sub_Type": "STM", "Nrest_Gage": "11389750", "Strm_Code": "BTC", "RM_II": 60, "HR": "SAC" }, "geometry": { "type": "Point", "coordinates": [ -121.632485659353762, 39.869387967426817 ] } },
{ "type": "Feature", "properties": { "fid": 926, "OBJECTID": 926.0, "CalSim_ID": "WBF015", "Riv_Mi": 15.2, "Riv_Name": "West Branch Feather River", "Comment": "Miocene Diversion Dam", "C2VSIM_GW": null, "C2VSIM_SW": null, "CalSim2_ID": null, "Type": "CH", "Sub_Type": "STM", "Nrest_Gage": null, "Strm_Code": "WBF", "RM_II": 15, "HR": "SAC" }, "geometry": { "type": "Point", "coordinates": [ -121.57126680546358, 39.813987786687612 ] } },
{ "type": "Feature", "properties": { "fid": 927, "OBJECTID": 927.0, "CalSim_ID": "MOK079", "Riv_Mi": 79.0, "Riv_Name": "Mokelumne River", "Comment": "Mokelumne River near Mokelumne Hill. USGS 11319500", "C2VSIM_GW": null, "C2VSIM_SW": null, "CalSim2_ID": null, "Type": "CH", "Sub_Type": "SG", "Nrest_Gage": "11319500", "Strm_Code": "MOK", "RM_II": 79, "HR": "SAC" }, "geometry": { "type": "Point", "coordinates": [ -120.720053504481697, 38.312667342754089 ] } },
{ "type": "Feature", "properties": { "fid": 928, "OBJECTID": 928.0, "CalSim_ID": "LGRSV", "Riv_Mi": 38.66, "Riv_Name": "South Fork Feather River", "Comment": "USGS 11395030 South Fork Feather River below Little Grass Valley Dam.  Little Grass Valley Reservoir", "C2VSIM_GW": null, "C2VSIM_SW": null, "CalSim2_ID": null, "Type": "STR", "Sub_Type": "NA", "Nrest_Gage": "11395030", "Strm_Code": null, "RM_II": null, "HR": "SAC" }, "geometry": { "type": "Point", "coordinates": [ -121.019820760589283, 39.72522344450627 ] } },
{ "type": "Feature", "properties": { "fid": 929, "OBJECTID": 929.0, "CalSim_ID": "SFF029", "Riv_Mi": 28.98, "Riv_Name": "South Fork Feather River", "Comment": "South Fork Diversion Dam", "C2VSIM_GW": null, "C2VSIM_SW": null, "CalSim2_ID": null, "Type": "CH", "Sub_Type": "STM", "Nrest_Gage": null, "Strm_Code": "SFF", "RM_II": 29, "HR": "SAC" }, "geometry": { "type": "Point", "coordinates": [ -121.118071654279717, 39.648924234580853 ] } },
{ "type": "Feature", "properties": { "fid": 930, "OBJECTID": 930.0, "CalSim_ID": "12_SA", "Riv_Mi": null, "Riv_Name": null, "Comment": "Miscellaneous Riparian Diverters", "C2VSIM_GW": null, "C2VSIM_SW": null, "CalSim2_ID": null, "Type": "S", "Sub_Type": "A", "Nrest_Gage": null, "Strm_Code": null, "RM_II": null, "HR": "SAC" }, "geometry": { "type": "Point", "coordinates": [ -121.608474825678599, 39.394322151066696 ] } },
{ "type": "Feature", "properties": { "fid": 931, "OBJECTID": 931.0, "CalSim_ID": "SFF011", "Riv_Mi": 11.0, "Riv_Name": "South Fork Feather River", "Comment": "USGS 11396350 South Fork Feather River at Ponderosa Dam.  Ponderosa Diversion Dam/Reservoir", "C2VSIM_GW": null, "C2VSIM_SW": null, "CalSim2_ID": null, "Type": "CH", "Sub_Type": "SG", "Nrest_Gage": "11396350", "Strm_Code": "SFF", "RM_II": 11, "HR": "SAC" }, "geometry": { "type": "Point", "coordinates": [ -121.303650741089029, 39.549500045623795 ] } },
{ "type": "Feature", "properties": { "fid": 932, "OBJECTID": 932.0, "CalSim_ID": "SLYCK", "Riv_Mi": 5.3, "Riv_Name": "Lost Creek", "Comment": "Sly Creek Reservoir", "C2VSIM_GW": null, "C2VSIM_SW": null, "CalSim2_ID": null, "Type": "STR", "Sub_Type": null, "Nrest_Gage": null, "Strm_Code": null, "RM_II": 5, "HR": "SAC" }, "geometry": { "type": "Point", "coordinates": [ -121.115529687478627, 39.582593393319485 ] } },
{ "type": "Feature", "properties": { "fid": 933, "OBJECTID": 933.0, "CalSim_ID": "LST004", "Riv_Mi": 3.8, "Riv_Name": "Lost Creek", "Comment": "Lost Creek Reservoir", "C2VSIM_GW": null, "C2VSIM_SW": null, "CalSim2_ID": null, "Type": "CH", "Sub_Type": "STM", "Nrest_Gage": "11396000", "Strm_Code": "LST", "RM_II": 4, "HR": "SAC" }, "geometry": { "type": "Point", "coordinates": [ -121.136887552364058, 39.575288771856599 ] } },
{ "type": "Feature", "properties": { "fid": 934, "OBJECTID": 934.0, "CalSim_ID": "SFF020", "Riv_Mi": 19.72, "Riv_Name": "South Fork Feather River", "Comment": "Confluence with Lost Creek", "C2VSIM_GW": null, "C2VSIM_SW": null, "CalSim2_ID": null, "Type": "CH", "Sub_Type": "STM", "Nrest_Gage": null, "Strm_Code": "SFF", "RM_II": 20, "HR": "SAC" }, "geometry": { "type": "Point", "coordinates": [ -121.189597299414828, 39.563944037262218 ] } },
{ "type": "Feature", "properties": { "fid": 935, "OBJECTID": 935.0, "CalSim_ID": "WTPMNR", "Riv_Mi": null, "Riv_Name": null, "Comment": "Miners Ranch WTP", "C2VSIM_GW": null, "C2VSIM_SW": null, "CalSim2_ID": null, "Type": "WTP", "Sub_Type": "NA", "Nrest_Gage": "11396330", "Strm_Code": null, "RM_II": null, "HR": "SAC" }, "geometry": { "type": "Point", "coordinates": [ -121.45988819462076, 39.510800545191252 ] } },
{ "type": "Feature", "properties": { "fid": 936, "OBJECTID": 936.0, "CalSim_ID": "MNRRH", "Riv_Mi": null, "Riv_Name": null, "Comment": "Miners Ranch Reservoir", "C2VSIM_GW": null, "C2VSIM_SW": null, "CalSim2_ID": null, "Type": "STR", "Sub_Type": "NA", "Nrest_Gage": "11396330", "Strm_Code": null, "RM_II": null, "HR": "SAC" }, "geometry": { "type": "Point", "coordinates": [ -121.457180198981092, 39.507515337393329 ] } },
{ "type": "Feature", "properties": { "fid": 937, "OBJECTID": 937.0, "CalSim_ID": "FTR072", "Riv_Mi": 71.7, "Riv_Name": "Feather River", "Comment": "Kelly Powerhouse Outfall", "C2VSIM_GW": null, "C2VSIM_SW": null, "CalSim2_ID": null, "Type": "CH", "Sub_Type": "STM", "Nrest_Gage": null, "Strm_Code": "FTR", "RM_II": 72, "HR": "SAC" }, "geometry": { "type": "Point", "coordinates": [ -121.491977824792571, 39.532349822133412 ] } },
{ "type": "Feature", "properties": { "fid": 938, "OBJECTID": 938.0, "CalSim_ID": "HON004", "Riv_Mi": 3.74, "Riv_Name": "Honcut Creek", "Comment": "Return flow from RFS13, 12_NA and 13_NA", "C2VSIM_GW": null, "C2VSIM_SW": null, "CalSim2_ID": null, "Type": "CH", "Sub_Type": "STM", "Nrest_Gage": null, "Strm_Code": "HON", "RM_II": 4, "HR": "SAC" }, "geometry": { "type": "Point", "coordinates": [ -121.590472303210035, 39.307993109678627 ] } },
{ "type": "Feature", "properties": { "fid": 939, "OBJECTID": 939.0, "CalSim_ID": "WWC006", "Riv_Mi": 5.9, "Riv_Name": "Wadsworth Canal/East Interceptor Canal", "Comment": null, "C2VSIM_GW": null, "C2VSIM_SW": null, "CalSim2_ID": null, "Type": "CH", "Sub_Type": "CNL", "Nrest_Gage": null, "Strm_Code": "WWC", "RM_II": 6, "HR": "SAC" }, "geometry": { "type": "Point", "coordinates": [ -121.703812828357528, 39.170828060881711 ] } },
{ "type": "Feature", "properties": { "fid": 940, "OBJECTID": 940.0, "CalSim_ID": "LCC038", "Riv_Mi": 37.76, "Riv_Name": "Little Chico Creek", "Comment": "Diversion Dam_Actually Angel Slough below about RM 21", "C2VSIM_GW": null, "C2VSIM_SW": null, "CalSim2_ID": null, "Type": "CH", "Sub_Type": "STM", "Nrest_Gage": null, "Strm_Code": "LCC", "RM_II": 38, "HR": "SAC" }, "geometry": { "type": "Point", "coordinates": [ -121.771597669681555, 39.733487970681765 ] } },
{ "type": "Feature", "properties": { "fid": 941, "OBJECTID": 941.0, "CalSim_ID": "LCC029", "Riv_Mi": 29.0, "Riv_Name": "Little Chico Creek", "Comment": "Non-specific diversions to M&T/Parrot", "C2VSIM_GW": null, "C2VSIM_SW": null, "CalSim2_ID": null, "Type": "CH", "Sub_Type": "STM", "Nrest_Gage": null, "Strm_Code": "LCC", "RM_II": 29, "HR": "SAC" }, "geometry": { "type": "Point", "coordinates": [ -121.874549316844181, 39.702684007848376 ] } },
{ "type": "Feature", "properties": { "fid": 942, "OBJECTID": 942.0, "CalSim_ID": "ESL008", "Riv_Mi": 8.41, "Riv_Name": "Edgar Slough", "Comment": "Edgar Slough by way of Crouch Ditch", "C2VSIM_GW": null, "C2VSIM_SW": null, "CalSim2_ID": null, "Type": "CH", "Sub_Type": "CNL", "Nrest_Gage": null, "Strm_Code": "ESL", "RM_II": 8, "HR": "SAC" }, "geometry": { "type": "Point", "coordinates": [ -121.88166428014388, 39.686384562806914 ] } },
{ "type": "Feature", "properties": { "fid": 943, "OBJECTID": 943.0, "CalSim_ID": "SSL001", "Riv_Mi": 1.23, "Riv_Name": "Sutter Bypass", "Comment": "Confluence of Sacramento Slough and Sutter Bypass", "C2VSIM_GW": null, "C2VSIM_SW": null, "CalSim2_ID": null, "Type": "CH", "Sub_Type": "SG", "Nrest_Gage": "DWR (SSK)", "Strm_Code": "SSL", "RM_II": 1, "HR": "SAC" }, "geometry": { "type": "Point", "coordinates": [ -121.642221740096673, 38.780733170133935 ] } },
{ "type": "Feature", "properties": { "fid": 944, "OBJECTID": 944.0, "CalSim_ID": "RD1500", "Riv_Mi": null, "Riv_Name": "Sacramento Slough", "Comment": "DWR Gage (SBP) at Karnak", "C2VSIM_GW": null, "C2VSIM_SW": null, "CalSim2_ID": null, "Type": "PS", "Sub_Type": "SG", "Nrest_Gage": "DWR (SBP)", "Strm_Code": null, "RM_II": null, "HR": "SAC" }, "geometry": { "type": "Point", "coordinates": [ -121.656147339567923, 38.784485086323251 ] } },
{ "type": "Feature", "properties": { "fid": 945, "OBJECTID": 945.0, "CalSim_ID": "17S_NU", "Riv_Mi": null, "Riv_Name": null, "Comment": null, "C2VSIM_GW": null, "C2VSIM_SW": null, "CalSim2_ID": null, "Type": "NP", "Sub_Type": "U", "Nrest_Gage": null, "Strm_Code": null, "RM_II": null, "HR": "SAC" }, "geometry": { "type": "Point", "coordinates": [ -121.749731725123226, 39.16479573810696 ] } },
{ "type": "Feature", "properties": { "fid": 946, "OBJECTID": 946.0, "CalSim_ID": "NBLDB", "Riv_Mi": 2.33, "Riv_Name": "North Yuba River", "Comment": "New Bulllards Bar Reservoir", "C2VSIM_GW": null, "C2VSIM_SW": null, "CalSim2_ID": null, "Type": "STR", "Sub_Type": null, "Nrest_Gage": "DWR - (BUL)", "Strm_Code": null, "RM_II": 2, "HR": "SAC" }, "geometry": { "type": "Point", "coordinates": [ -121.141390550509612, 39.392502809847429 ] } },
{ "type": "Feature", "properties": { "fid": 947, "OBJECTID": 947.0, "CalSim_ID": "NFY017", "Riv_Mi": 17.0, "Riv_Name": "North Yuba River", "Comment": "Confluence of North Yuba River and Slate Creek", "C2VSIM_GW": null, "C2VSIM_SW": null, "CalSim2_ID": null, "Type": "CH", "Sub_Type": "STM", "Nrest_Gage": "11413100", "Strm_Code": "NFY", "RM_II": 17, "HR": "SAC" }, "geometry": { "type": "Point", "coordinates": [ -121.092218283195407, 39.525564014131461 ] } },
{ "type": "Feature", "properties": { "fid": 948, "OBJECTID": 948.0, "CalSim_ID": "LBC040", "Riv_Mi": 39.68, "Riv_Name": "Lower Boardman Canal", "Comment": "Inflow from Fiddler Green Diversion", "C2VSIM_GW": null, "C2VSIM_SW": null, "CalSim2_ID": null, "Type": "CH", "Sub_Type": "CNL", "Nrest_Gage": null, "Strm_Code": "LBC", "RM_II": 40, "HR": "SAC" }, "geometry": { "type": "Point", "coordinates": [ -121.069510113280572, 38.912739199272252 ] } },
{ "type": "Feature", "properties": { "fid": 949, "OBJECTID": 949.0, "CalSim_ID": "SAC064", "Riv_Mi": 63.34, "Riv_Name": "Sacramento River", "Comment": "Inflow from Natomas East Main Drain", "C2VSIM_GW": null, "C2VSIM_SW": null, "CalSim2_ID": null, "Type": "CH", "Sub_Type": "STM", "Nrest_Gage": null, "Strm_Code": "SAC", "RM_II": 64, "HR": "SAC" }, "geometry": { "type": "Point", "coordinates": [ -121.513818510904002, 38.60189706608805 ] } },
{ "type": "Feature", "properties": { "fid": 950, "OBJECTID": 950.0, "CalSim_ID": "26N_NA", "Riv_Mi": null, "Riv_Name": null, "Comment": null, "C2VSIM_GW": null, "C2VSIM_SW": null, "CalSim2_ID": null, "Type": "NP", "Sub_Type": "A", "Nrest_Gage": null, "Strm_Code": null, "RM_II": null, "HR": "SAC" }, "geometry": { "type": "Point", "coordinates": [ -121.424230909800713, 38.727283223990199 ] } },
{ "type": "Feature", "properties": { "fid": 951, "OBJECTID": 951.0, "CalSim_ID": "EMD007", "Riv_Mi": 6.68, "Riv_Name": "Natomas East Main Drainage Canal", "Comment": "Inflow from Dry Creek", "C2VSIM_GW": null, "C2VSIM_SW": null, "CalSim2_ID": null, "Type": "CH", "Sub_Type": "CNL", "Nrest_Gage": null, "Strm_Code": "EMD", "RM_II": 7, "HR": "SAC" }, "geometry": { "type": "Point", "coordinates": [ -121.476989518926203, 38.664596288921452 ] } },
{ "type": "Feature", "properties": { "fid": 952, "OBJECTID": 952.0, "CalSim_ID": "26N_PU1", "Riv_Mi": null, "Riv_Name": null, "Comment": "City of Roseville", "C2VSIM_GW": null, "C2VSIM_SW": null, "CalSim2_ID": null, "Type": "PR", "Sub_Type": "U", "Nrest_Gage": null, "Strm_Code": null, "RM_II": null, "HR": "SAC" }, "geometry": { "type": "Point", "coordinates": [ -121.291871328462605, 38.767954334086404 ] } },
{ "type": "Feature", "properties": { "fid": 953, "OBJECTID": 953.0, "CalSim_ID": "PGWWTP", "Riv_Mi": null, "Riv_Name": null, "Comment": "Pleasant Grove Wastewater Treatment Plant", "C2VSIM_GW": null, "C2VSIM_SW": null, "CalSim2_ID": null, "Type": "WWTP", "Sub_Type": "NA", "Nrest_Gage": null, "Strm_Code": null, "RM_II": null, "HR": "SAC" }, "geometry": { "type": "Point", "coordinates": [ -121.380557958885888, 38.788843278561167 ] } },
{ "type": "Feature", "properties": { "fid": 954, "OBJECTID": 954.0, "CalSim_ID": "24_NA2", "Riv_Mi": null, "Riv_Name": null, "Comment": null, "C2VSIM_GW": null, "C2VSIM_SW": null, "CalSim2_ID": null, "Type": "NP", "Sub_Type": "A", "Nrest_Gage": null, "Strm_Code": null, "RM_II": null, "HR": "SAC" }, "geometry": { "type": "Point", "coordinates": [ -121.378818445541739, 38.897038228547771 ] } },
{ "type": "Feature", "properties": { "fid": 955, "OBJECTID": 955.0, "CalSim_ID": "ABN010", "Riv_Mi": 10.38, "Riv_Name": "Auburn Ravine", "Comment": "Moore Canal Diversion", "C2VSIM_GW": null, "C2VSIM_SW": null, "CalSim2_ID": null, "Type": "CH", "Sub_Type": "STM", "Nrest_Gage": null, "Strm_Code": "ABN", "RM_II": 10, "HR": "SAC" }, "geometry": { "type": "Point", "coordinates": [ -121.355837326659952, 38.872641564405825 ] } },
{ "type": "Feature", "properties": { "fid": 956, "OBJECTID": 956.0, "CalSim_ID": "BRR049", "Riv_Mi": 49.47, "Riv_Name": "Bear River", "Comment": "Bear River below Rollins Dam near Colfax", "C2VSIM_GW": null, "C2VSIM_SW": null, "CalSim2_ID": null, "Type": "CH", "Sub_Type": "SG", "Nrest_Gage": "11422500", "Strm_Code": "BRR", "RM_II": 49, "HR": "SAC" }, "geometry": { "type": "Point", "coordinates": [ -120.959176731678085, 39.131343995833333 ] } },
{ "type": "Feature", "properties": { "fid": 957, "OBJECTID": 957.0, "CalSim_ID": "WTPOPH", "Riv_Mi": null, "Riv_Name": null, "Comment": "Proposed Ophir Water Treatment Plant", "C2VSIM_GW": null, "C2VSIM_SW": null, "CalSim2_ID": null, "Type": "WTP", "Sub_Type": "PRP", "Nrest_Gage": null, "Strm_Code": null, "RM_II": null, "HR": "SAC" }, "geometry": { "type": "Point", "coordinates": [ -121.103755091197783, 38.885660487474269 ] } },
{ "type": "Feature", "properties": { "fid": 958, "OBJECTID": 958.0, "CalSim_ID": "SLT009", "Riv_Mi": 8.79, "Riv_Name": "Slate Creek", "Comment": "Slate Creek Tunnel Diversion Dam", "C2VSIM_GW": null, "C2VSIM_SW": null, "CalSim2_ID": null, "Type": "CH", "Sub_Type": "STM", "Nrest_Gage": "11413250", "Strm_Code": "SLT", "RM_II": 9, "HR": "SAC" }, "geometry": { "type": "Point", "coordinates": [ -121.051564438707885, 39.615638684837748 ] } },
{ "type": "Feature", "properties": { "fid": 959, "OBJECTID": 959.0, "CalSim_ID": "SLT008", "Riv_Mi": 8.7, "Riv_Name": "Slate Creek", "Comment": "Gage node.", "C2VSIM_GW": null, "C2VSIM_SW": null, "CalSim2_ID": null, "Type": "CH", "Sub_Type": "SG", "Nrest_Gage": "11413300", "Strm_Code": "SLT", "RM_II": 8, "HR": "SAC" }, "geometry": { "type": "Point", "coordinates": [ -121.052244356403534, 39.614351971853061 ] } },
{ "type": "Feature", "properties": { "fid": 960, "OBJECTID": 960.0, "CalSim_ID": "LST007", "Riv_Mi": 7.76, "Riv_Name": "Lost Creek", "Comment": "Inflow to Sly Creek Reservoir from South Fork Power Tunnel and Slate Creek Power Tunnel", "C2VSIM_GW": null, "C2VSIM_SW": null, "CalSim2_ID": null, "Type": "CH", "Sub_Type": "STM", "Nrest_Gage": "11413250", "Strm_Code": "LST", "RM_II": 7, "HR": "SAC" }, "geometry": { "type": "Point", "coordinates": [ -121.099022501590625, 39.611131434761177 ] } },
{ "type": "Feature", "properties": { "fid": 961, "OBJECTID": 961.0, "CalSim_ID": "DER001", "Riv_Mi": 1.0, "Riv_Name": "Deer Creek", "Comment": "Approximate gage location", "C2VSIM_GW": null, "C2VSIM_SW": null, "CalSim2_ID": null, "Type": "CH", "Sub_Type": "SG", "Nrest_Gage": "11418500", "Strm_Code": "DER", "RM_II": 1, "HR": "SAC" }, "geometry": { "type": "Point", "coordinates": [ -121.267708479678774, 39.224848283587143 ] } },
{ "type": "Feature", "properties": { "fid": 962, "OBJECTID": 962.0, "CalSim_ID": "OGN005", "Riv_Mi": 4.24, "Riv_Name": "Oregon Creek", "Comment": "YCWA Log Cabin Dam/Camptonville Tunnel Intake", "C2VSIM_GW": null, "C2VSIM_SW": null, "CalSim2_ID": null, "Type": "CH", "Sub_Type": "STM", "Nrest_Gage": null, "Strm_Code": "CMT", "RM_II": 5, "HR": "SAC" }, "geometry": { "type": "Point", "coordinates": [ -121.058775121464237, 39.440287459788983 ] } },
{ "type": "Feature", "properties": { "fid": 963, "OBJECTID": 963.0, "CalSim_ID": "CWD018", "Riv_Mi": 18.0, "Riv_Name": "Cottonwood Creek", "Comment": null, "C2VSIM_GW": null, "C2VSIM_SW": null, "CalSim2_ID": null, "Type": "CH", "Sub_Type": "SG", "Nrest_Gage": "11375810", "Strm_Code": "CWD", "RM_II": 18, "HR": "SAC" }, "geometry": { "type": "Point", "coordinates": [ -122.476610239420907, 40.384453865939633 ] } },
{ "type": "Feature", "properties": { "fid": 964, "OBJECTID": 964.0, "CalSim_ID": "SCW008", "Riv_Mi": 7.79, "Riv_Name": "South Fork Cottonwood Creek", "Comment": "South Fork Cottonwood Creek (Discontinued)", "C2VSIM_GW": null, "C2VSIM_SW": null, "CalSim2_ID": null, "Type": "CH", "Sub_Type": "SG", "Nrest_Gage": "11375870", "Strm_Code": "SCW", "RM_II": 8, "HR": "SAC" }, "geometry": { "type": "Point", "coordinates": [ -122.445093714066672, 40.325840945659586 ] } },
{ "type": "Feature", "properties": { "fid": 965, "OBJECTID": 965.0, "CalSim_ID": "BTL006", "Riv_Mi": 5.758, "Riv_Name": "Battle Creek", "Comment": null, "C2VSIM_GW": "038", "C2VSIM_SW": "220", "CalSim2_ID": null, "Type": "CH", "Sub_Type": "SG", "Nrest_Gage": "11376550", "Strm_Code": "BTL", "RM_II": 6, "HR": "SAC" }, "geometry": { "type": "Point", "coordinates": [ -122.146390477394675, 40.398035815187974 ] } },
{ "type": "Feature", "properties": { "fid": 966, "OBJECTID": 966.0, "CalSim_ID": "SAC257", "Riv_Mi": 257.27, "Riv_Name": "Sacramento River", "Comment": "Sacramento River above Bend Bridge near Red Bluff. USGS11377100/DWRA02788", "C2VSIM_GW": null, "C2VSIM_SW": null, "CalSim2_ID": null, "Type": "CH", "Sub_Type": "SG", "Nrest_Gage": "11377100", "Strm_Code": "SAC", "RM_II": 257, "HR": "SAC" }, "geometry": { "type": "Point", "coordinates": [ -122.186896575785354, 40.288754883277456 ] } },
{ "type": "Feature", "properties": { "fid": 967, "OBJECTID": 967.0, "CalSim_ID": "ANT011", "Riv_Mi": 11.4, "Riv_Name": "Antelope Creek", "Comment": null, "C2VSIM_GW": null, "C2VSIM_SW": null, "CalSim2_ID": null, "Type": "CH", "Sub_Type": "SG", "Nrest_Gage": "11379000", "Strm_Code": "ANT", "RM_II": 11, "HR": "SAC" }, "geometry": { "type": "Point", "coordinates": [ -122.119208959259353, 40.203664508039637 ] } },
{ "type": "Feature", "properties": { "fid": 968, "OBJECTID": 968.0, "CalSim_ID": "SAC217", "Riv_Mi": 217.27, "Riv_Name": "Sacramento River", "Comment": "Gage at Vina-Woodson Bridge", "C2VSIM_GW": null, "C2VSIM_SW": null, "CalSim2_ID": null, "Type": "CH", "Sub_Type": "SG", "Nrest_Gage": "11383730 / DWR A0-2700 (VIN)", "Strm_Code": "SAC", "RM_II": 217, "HR": "SAC" }, "geometry": { "type": "Point", "coordinates": [ -122.091877178533721, 39.909325333456529 ] } },
{ "type": "Feature", "properties": { "fid": 969, "OBJECTID": 969.0, "CalSim_ID": "SAC201", "Riv_Mi": 201.38, "Riv_Name": "Sacramento River", "Comment": "Gage at Hamilton City", "C2VSIM_GW": null, "C2VSIM_SW": null, "CalSim2_ID": null, "Type": "CH", "Sub_Type": "SG", "Nrest_Gage": "11383800 / DWR A0-2630 (HMC)", "Strm_Code": "SAC", "RM_II": 201, "HR": "SAC" }, "geometry": { "type": "Point", "coordinates": [ -121.996523792843931, 39.751104223150065 ] } },
{ "type": "Feature", "properties": { "fid": 970, "OBJECTID": 970.0, "CalSim_ID": "SAC188", "Riv_Mi": 188.0, "Riv_Name": "Sacramento River", "Comment": "3BS Overflow", "C2VSIM_GW": "144", "C2VSIM_SW": "275", "CalSim2_ID": null, "Type": "CH", "Sub_Type": "STM", "Nrest_Gage": null, "Strm_Code": "SAC", "RM_II": 188, "HR": "SAC" }, "geometry": { "type": "Point", "coordinates": [ -121.97035535446976, 39.64815415097231 ] } },
{ "type": "Feature", "properties": { "fid": 971, "OBJECTID": 971.0, "CalSim_ID": "DRC010", "Riv_Mi": 10.0, "Riv_Name": "Deer Creek", "Comment": "Cone Kimball Ditch", "C2VSIM_GW": "096", "C2VSIM_SW": "256", "CalSim2_ID": null, "Type": "CH", "Sub_Type": "STM", "Nrest_Gage": null, "Strm_Code": "DRC", "RM_II": 10, "HR": "SAC" }, "geometry": { "type": "Point", "coordinates": [ -121.967043428728402, 39.998098877111765 ] } },
{ "type": "Feature", "properties": { "fid": 972, "OBJECTID": 972.0, "CalSim_ID": "BCC014", "Riv_Mi": 13.71, "Riv_Name": "Big Chico Creek", "Comment": null, "C2VSIM_GW": null, "C2VSIM_SW": null, "CalSim2_ID": null, "Type": "CH", "Sub_Type": "SG", "Nrest_Gage": "11384000", "Strm_Code": "BCC", "RM_II": 14, "HR": "SAC" }, "geometry": { "type": "Point", "coordinates": [ -121.753404906633989, 39.775349192177138 ] } },
{ "type": "Feature", "properties": { "fid": 973, "OBJECTID": 973.0, "CalSim_ID": "CHWWTP", "Riv_Mi": null, "Riv_Name": null, "Comment": "City of Chico WWTP", "C2VSIM_GW": null, "C2VSIM_SW": null, "CalSim2_ID": null, "Type": "WWTP", "Sub_Type": "NA", "Nrest_Gage": null, "Strm_Code": null, "RM_II": null, "HR": "SAC" }, "geometry": { "type": "Point", "coordinates": [ -121.91050731398974, 39.695110659983911 ] } },
{ "type": "Feature", "properties": { "fid": 974, "OBJECTID": 974.0, "CalSim_ID": "10_NU1", "Riv_Mi": null, "Riv_Name": null, "Comment": "City of Chico", "C2VSIM_GW": null, "C2VSIM_SW": null, "CalSim2_ID": null, "Type": "NP", "Sub_Type": "U", "Nrest_Gage": null, "Strm_Code": null, "RM_II": null, "HR": "SAC" }, "geometry": { "type": "Point", "coordinates": [ -121.841610640895979, 39.754840044557888 ] } },
{ "type": "Feature", "properties": { "fid": 975, "OBJECTID": 975.0, "CalSim_ID": "THM026", "Riv_Mi": 26.0, "Riv_Name": "Thomes Creek", "Comment": null, "C2VSIM_GW": "108", "C2VSIM_SW": "248", "CalSim2_ID": null, "Type": "CH", "Sub_Type": "STM", "Nrest_Gage": "11382000", "Strm_Code": "THM", "RM_II": 26, "HR": "SAC" }, "geometry": { "type": "Point", "coordinates": [ -122.501682242614535, 39.899933889159129 ] } },
{ "type": "Feature", "properties": { "fid": 976, "OBJECTID": 976.0, "CalSim_ID": "TCC085", "Riv_Mi": 85.45, "Riv_Name": "Tehama-Colusa Canal", "Comment": "Williams Wasteway", "C2VSIM_GW": null, "C2VSIM_SW": null, "CalSim2_ID": null, "Type": "CH", "Sub_Type": "CNL", "Nrest_Gage": null, "Strm_Code": "TCC", "RM_II": 85, "HR": "SAC" }, "geometry": { "type": "Point", "coordinates": [ -122.227511206742861, 39.109582363018959 ] } },
{ "type": "Feature", "properties": { "fid": 977, "OBJECTID": 977.0, "CalSim_ID": "TCC111", "Riv_Mi": 110.89, "Riv_Name": "Tehama-Colusa Canal", "Comment": "Canal End", "C2VSIM_GW": null, "C2VSIM_SW": null, "CalSim2_ID": null, "Type": "CH", "Sub_Type": "CNL", "Nrest_Gage": null, "Strm_Code": "TCC", "RM_II": 111, "HR": "SAC" }, "geometry": { "type": "Point", "coordinates": [ -121.972076440374977, 38.848784814566308 ] } },
{ "type": "Feature", "properties": { "fid": 978, "OBJECTID": 978.0, "CalSim_ID": "08N_PR2", "Riv_Mi": null, "Riv_Name": null, "Comment": "Delevan NWR", "C2VSIM_GW": null, "C2VSIM_SW": null, "CalSim2_ID": null, "Type": "PR", "Sub_Type": "R", "Nrest_Gage": null, "Strm_Code": null, "RM_II": null, "HR": "SAC" }, "geometry": { "type": "Point", "coordinates": [ -122.093914508310093, 39.308736679147486 ] } },
{ "type": "Feature", "properties": { "fid": 979, "OBJECTID": 979.0, "CalSim_ID": "CBD005", "Riv_Mi": 5.0, "Riv_Name": "Colusa Basin Drain", "Comment": "C2VSIM Node.", "C2VSIM_GW": "326", "C2VSIM_SW": "328", "CalSim2_ID": null, "Type": "CH", "Sub_Type": "CNL", "Nrest_Gage": null, "Strm_Code": "CBD", "RM_II": 5, "HR": "SAC" }, "geometry": { "type": "Point", "coordinates": [ -121.800901340035907, 38.823684536708392 ] } },
{ "type": "Feature", "properties": { "fid": 980, "OBJECTID": 980.0, "CalSim_ID": "CCH083", "Riv_Mi": 83.32, "Riv_Name": "Cache Creek", "Comment": "Cache Creek near Lower Lake", "C2VSIM_GW": null, "C2VSIM_SW": null, "CalSim2_ID": null, "Type": "CH", "Sub_Type": "SG", "Nrest_Gage": "11451000", "Strm_Code": "CCH", "RM_II": 83, "HR": "SAC" }, "geometry": { "type": "Point", "coordinates": [ -122.566466139158479, 38.923063761266121 ] } },
{ "type": "Feature", "properties": { "fid": 981, "OBJECTID": 981.0, "CalSim_ID": "CCH075", "Riv_Mi": 74.97, "Riv_Name": "Cache Creek", "Comment": "Confluence with North Fork Cache Creek", "C2VSIM_GW": null, "C2VSIM_SW": null, "CalSim2_ID": null, "Type": "CH", "Sub_Type": "STM", "Nrest_Gage": null, "Strm_Code": "CCH", "RM_II": 75, "HR": "SAC" }, "geometry": { "type": "Point", "coordinates": [ -122.503512850334943, 38.980875255757233 ] } },
{ "type": "Feature", "properties": { "fid": 982, "OBJECTID": 982.0, "CalSim_ID": "CCH032", "Riv_Mi": 32.26, "Riv_Name": "Cache Creek", "Comment": "Cache Creek near Capay", "C2VSIM_GW": null, "C2VSIM_SW": null, "CalSim2_ID": null, "Type": "CH", "Sub_Type": "SG", "Nrest_Gage": "11452000", "Strm_Code": "CCH", "RM_II": 32, "HR": "SAC" }, "geometry": { "type": "Point", "coordinates": [ -122.104607259481668, 38.728686479094229 ] } },
{ "type": "Feature", "properties": { "fid": 983, "OBJECTID": 983.0, "CalSim_ID": "CCH052", "Riv_Mi": 52.0, "Riv_Name": "Cache Creek", "Comment": "Top of Capay Valley", "C2VSIM_GW": null, "C2VSIM_SW": null, "CalSim2_ID": null, "Type": "CH", "Sub_Type": "STM", "Nrest_Gage": null, "Strm_Code": "CCH", "RM_II": 52, "HR": "SAC" }, "geometry": { "type": "Point", "coordinates": [ -122.259272652007965, 38.901862028989406 ] } },
{ "type": "Feature", "properties": { "fid": 984, "OBJECTID": 984.0, "CalSim_ID": "CCT011", "Riv_Mi": 11.27, "Riv_Name": "Clear Creek Tunnel", "Comment": "Judge Francis Carr Power Plant", "C2VSIM_GW": null, "C2VSIM_SW": null, "CalSim2_ID": null, "Type": "CH", "Sub_Type": "SG", "Nrest_Gage": "11525430", "Strm_Code": "CCT", "RM_II": 11, "HR": "SAC" }, "geometry": { "type": "Point", "coordinates": [ -122.62704444104476, 40.647028975639465 ] } },
{ "type": "Feature", "properties": { "fid": 985, "OBJECTID": 985.0, "CalSim_ID": "SAC301", "Riv_Mi": 300.79, "Riv_Name": "Sacramento River", "Comment": "Spring Creek inflow from Spring Creek Power Plant", "C2VSIM_GW": null, "C2VSIM_SW": null, "CalSim2_ID": null, "Type": "CH", "Sub_Type": "STM", "Nrest_Gage": null, "Strm_Code": "SAC", "RM_II": 301, "HR": "SAC" }, "geometry": { "type": "Point", "coordinates": [ -122.452345434700632, 40.629237591116969 ] } },
{ "type": "Feature", "properties": { "fid": 986, "OBJECTID": 986.0, "CalSim_ID": "SPT003", "Riv_Mi": 3.19, "Riv_Name": "Spring Creek Tunnel", "Comment": "Mileage measure from diversion not as digitized", "C2VSIM_GW": null, "C2VSIM_SW": null, "CalSim2_ID": null, "Type": "CH", "Sub_Type": "SG", "Nrest_Gage": "11371600", "Strm_Code": "SPT", "RM_II": 3, "HR": "SAC" }, "geometry": { "type": "Point", "coordinates": [ -122.467492601505555, 40.628130196627325 ] } },
{ "type": "Feature", "properties": { "fid": 987, "OBJECTID": 987.0, "CalSim_ID": "BRR011", "Riv_Mi": 11.49, "Riv_Name": "Bear River", "Comment": "Bear River near Wheatland", "C2VSIM_GW": "332", "C2VSIM_SW": "359", "CalSim2_ID": null, "Type": "CH", "Sub_Type": "SG", "Nrest_Gage": "11424000 / DWR (BRW)", "Strm_Code": "BRR", "RM_II": 11, "HR": "SAC" }, "geometry": { "type": "Point", "coordinates": [ -121.406690416110521, 38.999749441735062 ] } },
{ "type": "Feature", "properties": { "fid": 988, "OBJECTID": 988.0, "CalSim_ID": "YUB002", "Riv_Mi": 1.94, "Riv_Name": "Yuba River", "Comment": "Yuba River at Marysville", "C2VSIM_GW": null, "C2VSIM_SW": null, "CalSim2_ID": null, "Type": "CH", "Sub_Type": "SG", "Nrest_Gage": "11421500", "Strm_Code": "YUB", "RM_II": 2, "HR": "SAC" }, "geometry": { "type": "Point", "coordinates": [ -121.577297025766882, 39.144325661932207 ] } },
{ "type": "Feature", "properties": { "fid": 989, "OBJECTID": 989.0, "CalSim_ID": "FTR029", "Riv_Mi": 28.67, "Riv_Name": "Feather River", "Comment": "Feather River at Yuba City. CalSim2 Node.", "C2VSIM_GW": "283", "C2VSIM_SW": "348", "CalSim2_ID": "204", "Type": "CH", "Sub_Type": "SG", "Nrest_Gage": "DWR A0-5135 (YUB)", "Strm_Code": "FTR", "RM_II": 29, "HR": "SAC" }, "geometry": { "type": "Point", "coordinates": [ -121.605950285005235, 39.138737741847827 ] } },
{ "type": "Feature", "properties": { "fid": 990, "OBJECTID": 990.0, "CalSim_ID": "JCK002", "Riv_Mi": 2.18, "Riv_Name": "Jack Slough", "Comment": null, "C2VSIM_GW": null, "C2VSIM_SW": null, "CalSim2_ID": null, "Type": "CH", "Sub_Type": "STM", "Nrest_Gage": null, "Strm_Code": "JCK", "RM_II": 2, "HR": "SAC" }, "geometry": { "type": "Point", "coordinates": [ -121.585788870154445, 39.167448617113649 ] } },
{ "type": "Feature", "properties": { "fid": 991, "OBJECTID": 991.0, "CalSim_ID": "SCT000", "Riv_Mi": null, "Riv_Name": "Slate Creek Power Tunnel", "Comment": "Slate Creek Tunnel near Strawberry Valley", "C2VSIM_GW": null, "C2VSIM_SW": null, "CalSim2_ID": null, "Type": "CH", "Sub_Type": "SG", "Nrest_Gage": "11413250", "Strm_Code": "SCT", "RM_II": 0, "HR": "SAC" }, "geometry": { "type": "Point", "coordinates": [ -121.052296867644401, 39.615956511213724 ] } },
{ "type": "Feature", "properties": { "fid": 992, "OBJECTID": 992.0, "CalSim_ID": "SFT000", "Riv_Mi": null, "Riv_Name": "South Fork Power Tunnel", "Comment": "South Fork Tunnel near Strawberry Valley", "C2VSIM_GW": null, "C2VSIM_SW": null, "CalSim2_ID": null, "Type": "CH", "Sub_Type": "SG", "Nrest_Gage": "11395150", "Strm_Code": "SFT", "RM_II": 0, "HR": "SAC" }, "geometry": { "type": "Point", "coordinates": [ -121.116537530480457, 39.648259695610527 ] } },
{ "type": "Feature", "properties": { "fid": 993, "OBJECTID": 993.0, "CalSim_ID": "SAC011", "Riv_Mi": 11.0, "Riv_Name": "Sacramento River", "Comment": "C2VSIM node near Decker Island", "C2VSIM_GW": "527", "C2VSIM_SW": "414", "CalSim2_ID": null, "Type": "CH", "Sub_Type": "STM", "Nrest_Gage": null, "Strm_Code": "SAC", "RM_II": 11, "HR": "SAC" }, "geometry": { "type": "Point", "coordinates": [ -121.716380451680905, 38.104707581413898 ] } },
{ "type": "Feature", "properties": { "fid": 994, "OBJECTID": 994.0, "CalSim_ID": "OMR028", "Riv_Mi": 27.84, "Riv_Name": "Old River", "Comment": "Diversion to Jones PP and Delta-Mendota Canal", "C2VSIM_GW": null, "C2VSIM_SW": null, "CalSim2_ID": null, "Type": "CH", "Sub_Type": "STM", "Nrest_Gage": null, "Strm_Code": "OMR", "RM_II": 28, "HR": "SAC" }, "geometry": { "type": "Point", "coordinates": [ -121.555413337145211, 37.817305931327951 ] } },
{ "type": "Feature", "properties": { "fid": 995, "OBJECTID": 995.0, "CalSim_ID": "RSL001", "Riv_Mi": 1.07, "Riv_Name": "Rock Slough", "Comment": "Indian Slough confluence", "C2VSIM_GW": null, "C2VSIM_SW": null, "CalSim2_ID": null, "Type": "CH", "Sub_Type": "STM", "Nrest_Gage": null, "Strm_Code": "RSL", "RM_II": 1, "HR": "SAC" }, "geometry": { "type": "Point", "coordinates": [ -121.59462351225757, 37.972002788640225 ] } },
{ "type": "Feature", "properties": { "fid": 996, "OBJECTID": 996.0, "CalSim_ID": "OMR018", "Riv_Mi": 18.37, "Riv_Name": "Old River", "Comment": "Confluence with Indian Slough", "C2VSIM_GW": null, "C2VSIM_SW": null, "CalSim2_ID": null, "Type": "CH", "Sub_Type": "STM", "Nrest_Gage": null, "Strm_Code": "OMR", "RM_II": 18, "HR": "SAC" }, "geometry": { "type": "Point", "coordinates": [ -121.56552647184067, 37.916234051874333 ] } },
{ "type": "Feature", "properties": { "fid": 997, "OBJECTID": 997.0, "CalSim_ID": "CCWD", "Riv_Mi": null, "Riv_Name": null, "Comment": "Contra Costa Water District", "C2VSIM_GW": null, "C2VSIM_SW": null, "CalSim2_ID": null, "Type": "OM", "Sub_Type": "OMD", "Nrest_Gage": null, "Strm_Code": null, "RM_II": null, "HR": "SAC" }, "geometry": { "type": "Point", "coordinates": [ -121.957128371190365, 38.019258604803845 ] } },
{ "type": "Feature", "properties": { "fid": 998, "OBJECTID": 998.0, "CalSim_ID": "BNCIA", "Riv_Mi": null, "Riv_Name": null, "Comment": "City of Benicia", "C2VSIM_GW": null, "C2VSIM_SW": null, "CalSim2_ID": null, "Type": "OM", "Sub_Type": "OMD", "Nrest_Gage": null, "Strm_Code": null, "RM_II": null, "HR": "SAC" }, "geometry": { "type": "Point", "coordinates": [ -122.13116201871199, 38.067699858021193 ] } },
{ "type": "Feature", "properties": { "fid": 999, "OBJECTID": 999.0, "CalSim_ID": "SAC254", "Riv_Mi": 254.0, "Riv_Name": "Sacramento River", "Comment": "C2VSIM node.", "C2VSIM_GW": "055", "C2VSIM_SW": "228", "CalSim2_ID": null, "Type": "CH", "Sub_Type": "STM", "Nrest_Gage": null, "Strm_Code": "SAC", "RM_II": 254, "HR": "SAC" }, "geometry": { "type": "Point", "coordinates": [ -122.225897396160846, 40.255997622525321 ] } },
{ "type": "Feature", "properties": { "fid": 1000, "OBJECTID": 1000.0, "CalSim_ID": "SAC229", "Riv_Mi": 228.48, "Riv_Name": "Sacramento River", "Comment": "Confluence with Elder Creek", "C2VSIM_GW": null, "C2VSIM_SW": null, "CalSim2_ID": null, "Type": "CH", "Sub_Type": "STM", "Nrest_Gage": null, "Strm_Code": "SAC", "RM_II": 229, "HR": "SAC" }, "geometry": { "type": "Point", "coordinates": [ -122.114831259155679, 40.042705815628494 ] } },
{ "type": "Feature", "properties": { "fid": 1001, "OBJECTID": 1001.0, "CalSim_ID": "04_NU2", "Riv_Mi": null, "Riv_Name": null, "Comment": "City of Corning, Gerber Water Works, Inc.", "C2VSIM_GW": null, "C2VSIM_SW": null, "CalSim2_ID": null, "Type": "NP", "Sub_Type": "U", "Nrest_Gage": null, "Strm_Code": null, "RM_II": null, "HR": "SAC" }, "geometry": { "type": "Point", "coordinates": [ -122.184793459262707, 39.924482875724046 ] } },
{ "type": "Feature", "properties": { "fid": 1002, "OBJECTID": 1002.0, "CalSim_ID": "MNS000", "Riv_Mi": null, "Riv_Name": "Minor Northeast Streams", "Comment": null, "C2VSIM_GW": null, "C2VSIM_SW": null, "CalSim2_ID": null, "Type": "CH", "Sub_Type": "NA", "Nrest_Gage": null, "Strm_Code": "MNS", "RM_II": null, "HR": "SAC" }, "geometry": { "type": "Point", "coordinates": [ -121.831957462345486, 39.906434924025781 ] } },
{ "type": "Feature", "properties": { "fid": 1003, "OBJECTID": 1003.0, "CalSim_ID": "SCKWD", "Riv_Mi": null, "Riv_Name": null, "Comment": "Stony Creek Water District", "C2VSIM_GW": null, "C2VSIM_SW": null, "CalSim2_ID": null, "Type": "OM", "Sub_Type": "OMD", "Nrest_Gage": null, "Strm_Code": null, "RM_II": null, "HR": "SAC" }, "geometry": { "type": "Point", "coordinates": [ -122.487182219017356, 39.414430774439573 ] } },
{ "type": "Feature", "properties": { "fid": 1004, "OBJECTID": 1004.0, "CalSim_ID": "SAC120", "Riv_Mi": 120.66, "Riv_Name": "Sacramento River", "Comment": "Navigation Control Point (NCP) located at Wilkins Slough near USGS Gage - 11390500", "C2VSIM_GW": null, "C2VSIM_SW": null, "CalSim2_ID": null, "Type": "CH", "Sub_Type": "SG", "Nrest_Gage": "11390500", "Strm_Code": "SAC", "RM_II": 120, "HR": "SAC" }, "geometry": { "type": "Point", "coordinates": [ -121.824626306434467, 39.009923733938045 ] } },
{ "type": "Feature", "properties": { "fid": 1005, "OBJECTID": 1005.0, "CalSim_ID": "CBD000", "Riv_Mi": 0.27, "Riv_Name": "Colusa Basin Drain", "Comment": "Colusa Basin Drain Outfall Gates", "C2VSIM_GW": null, "C2VSIM_SW": null, "CalSim2_ID": null, "Type": "CH", "Sub_Type": "SG", "Nrest_Gage": "DWR  A0-2945", "Strm_Code": "CBD", "RM_II": 0, "HR": "SAC" }, "geometry": { "type": "Point", "coordinates": [ -121.724939499102845, 38.799423220705592 ] } },
{ "type": "Feature", "properties": { "fid": 1006, "OBJECTID": 1006.0, "CalSim_ID": "SIDSH", "Riv_Mi": null, "Riv_Name": null, "Comment": "Solano ID (South) demand from PSC024", "C2VSIM_GW": null, "C2VSIM_SW": null, "CalSim2_ID": null, "Type": "OM", "Sub_Type": "OMD", "Nrest_Gage": null, "Strm_Code": null, "RM_II": null, "HR": "SAC" }, "geometry": { "type": "Point", "coordinates": [ -122.09437380790348, 38.256232814107953 ] } },
{ "type": "Feature", "properties": { "fid": 1007, "OBJECTID": 1007.0, "CalSim_ID": "SAC065", "Riv_Mi": 65.44, "Riv_Name": "Sacramento River", "Comment": "City of West Sacramento Diversion to Bryte Bend WTP", "C2VSIM_GW": null, "C2VSIM_SW": null, "CalSim2_ID": null, "Type": "CH", "Sub_Type": "STM", "Nrest_Gage": null, "Strm_Code": "SAC", "RM_II": 65, "HR": "SAC" }, "geometry": { "type": "Point", "coordinates": [ -121.548700590188147, 38.598613574159003 ] } },
{ "type": "Feature", "properties": { "fid": 1008, "OBJECTID": 1008.0, "CalSim_ID": "SAC075", "Riv_Mi": 75.0, "Riv_Name": "Sacramento River", "Comment": "C2VSIM node", "C2VSIM_GW": "361", "C2VSIM_SW": "371", "CalSim2_ID": "163", "Type": "CH", "Sub_Type": "STM", "Nrest_Gage": null, "Strm_Code": "SAC", "RM_II": 75, "HR": "SAC" }, "geometry": { "type": "Point", "coordinates": [ -121.632538039266166, 38.69555022764159 ] } },
{ "type": "Feature", "properties": { "fid": 1009, "OBJECTID": 1009.0, "CalSim_ID": "SJR006", "Riv_Mi": 6.0, "Riv_Name": "San Joaquin River", "Comment": "C2VSIM node", "C2VSIM_GW": "532", "C2VSIM_SW": "203", "CalSim2_ID": null, "Type": "CH", "Sub_Type": "STM", "Nrest_Gage": null, "Strm_Code": "SJR", "RM_II": 6, "HR": "SAC" }, "geometry": { "type": "Point", "coordinates": [ -121.792551312583768, 38.018716800838178 ] } },
{ "type": "Feature", "properties": { "fid": 1010, "OBJECTID": 1010.0, "CalSim_ID": "OMR014", "Riv_Mi": 13.42, "Riv_Name": "Old River/Middle River(simulated)", "Comment": "Sum of gages: Old River at Bacon Island/Middle River at Middle River", "C2VSIM_GW": null, "C2VSIM_SW": null, "CalSim2_ID": null, "Type": "CH", "Sub_Type": "SG", "Nrest_Gage": "11313405 / 11312676", "Strm_Code": "OMR", "RM_II": 14, "HR": "SAC" }, "geometry": { "type": "Point", "coordinates": [ -121.572820272823193, 37.969831411567355 ] } },
{ "type": "Feature", "properties": { "fid": 1011, "OBJECTID": 1011.0, "CalSim_ID": "SAC029", "Riv_Mi": 29.12, "Riv_Name": "Sacramento River", "Comment": "Bifurcation at Georgianna Slough", "C2VSIM_GW": null, "C2VSIM_SW": null, "CalSim2_ID": null, "Type": "CH", "Sub_Type": "STM", "Nrest_Gage": null, "Strm_Code": "SAC", "RM_II": 29, "HR": "SAC" }, "geometry": { "type": "Point", "coordinates": [ -121.517160093664629, 38.240114412279155 ] } },
{ "type": "Feature", "properties": { "fid": 1012, "OBJECTID": 1012.0, "CalSim_ID": "LBC049", "Riv_Mi": 49.0, "Riv_Name": "Lower Boardman Canal", "Comment": "Conceptual diversion to 24_NA3", "C2VSIM_GW": null, "C2VSIM_SW": null, "CalSim2_ID": null, "Type": "CH", "Sub_Type": "CNL", "Nrest_Gage": null, "Strm_Code": "LBC", "RM_II": 49, "HR": "SAC" }, "geometry": { "type": "Point", "coordinates": [ -121.133037174598371, 38.839570598775481 ] } },
{ "type": "Feature", "properties": { "fid": 1013, "OBJECTID": 1013.0, "CalSim_ID": "24_NA3", "Riv_Mi": null, "Riv_Name": null, "Comment": null, "C2VSIM_GW": null, "C2VSIM_SW": null, "CalSim2_ID": null, "Type": "NP", "Sub_Type": "A", "Nrest_Gage": null, "Strm_Code": null, "RM_II": null, "HR": "SAC" }, "geometry": { "type": "Point", "coordinates": [ -121.151599018679178, 38.839389061556133 ] } },
{ "type": "Feature", "properties": { "fid": 1014, "OBJECTID": 1014.0, "CalSim_ID": "BCK033", "Riv_Mi": 33.4, "Riv_Name": "Bear Creek", "Comment": "Confluence with Burns Creek", "C2VSIM_GW": null, "C2VSIM_SW": null, "CalSim2_ID": null, "Type": "CH", "Sub_Type": "STM", "Nrest_Gage": null, "Strm_Code": "BCK", "RM_II": 33, "HR": "SJR" }, "geometry": { "type": "Point", "coordinates": [ -120.32035705652612, 37.33330130393783 ] } },
{ "type": "Feature", "properties": { "fid": 1015, "OBJECTID": 1015.0, "CalSim_ID": "DED003", "Riv_Mi": 3.02, "Riv_Name": "Deadman Creek", "Comment": null, "C2VSIM_GW": null, "C2VSIM_SW": null, "CalSim2_ID": null, "Type": "CH", "Sub_Type": "STM", "Nrest_Gage": null, "Strm_Code": "DED", "RM_II": 3, "HR": "SJR" }, "geometry": { "type": "Point", "coordinates": [ -120.67944514748531, 37.205338959179173 ] } },
{ "type": "Feature", "properties": { "fid": 1016, "OBJECTID": 1016.0, "CalSim_ID": "CAP000", "Riv_Mi": null, "Riv_Name": null, "Comment": "Inflow straight to C2VSIM groundwater node", "C2VSIM_GW": "854", "C2VSIM_SW": null, "CalSim2_ID": null, "Type": "CH", "Sub_Type": "GWO", "Nrest_Gage": null, "Strm_Code": "CAP", "RM_II": null, "HR": "SJR" }, "geometry": { "type": "Point", "coordinates": [ -120.731798795219362, 36.75162963343432 ] } },
{ "type": "Feature", "properties": { "fid": 1017, "OBJECTID": 1017.0, "CalSim_ID": "ORG000", "Riv_Mi": null, "Riv_Name": "Ortigalita Creek", "Comment": "Straight to C2VSIM groundwater node", "C2VSIM_GW": "793", "C2VSIM_SW": null, "CalSim2_ID": null, "Type": "CH", "Sub_Type": "GWO", "Nrest_Gage": null, "Strm_Code": "ORG", "RM_II": null, "HR": "SJR" }, "geometry": { "type": "Point", "coordinates": [ -120.863995332590918, 36.946221311141578 ] } },
{ "type": "Feature", "properties": { "fid": 1018, "OBJECTID": 1018.0, "CalSim_ID": "LPC007", "Riv_Mi": 6.63, "Riv_Name": "Little Panoche Creek", "Comment": "Measured from end of Pipe at end of stream", "C2VSIM_GW": null, "C2VSIM_SW": null, "CalSim2_ID": null, "Type": "CH", "Sub_Type": "STM", "Nrest_Gage": null, "Strm_Code": "LPC", "RM_II": 7, "HR": "SJR" }, "geometry": { "type": "Point", "coordinates": [ -120.765182706196697, 36.790409846918173 ] } },
{ "type": "Feature", "properties": { "fid": 1019, "OBJECTID": 1019.0, "CalSim_ID": "LPC000", "Riv_Mi": null, "Riv_Name": "Little Panoche Creek", "Comment": "Straight to C2VSIM groundwater node", "C2VSIM_GW": "840", "C2VSIM_SW": null, "CalSim2_ID": null, "Type": "CH", "Sub_Type": "GWO", "Nrest_Gage": null, "Strm_Code": "LPC", "RM_II": null, "HR": "SJR" }, "geometry": { "type": "Point", "coordinates": [ -120.687946881813417, 36.874200846855366 ] } },
{ "type": "Feature", "properties": { "fid": 1020, "OBJECTID": 1020.0, "CalSim_ID": "QNT005", "Riv_Mi": 4.38, "Riv_Name": "Quinto Creek", "Comment": "Measured from inflow to Outside Canal", "C2VSIM_GW": null, "C2VSIM_SW": null, "CalSim2_ID": null, "Type": "CH", "Sub_Type": "STM", "Nrest_Gage": null, "Strm_Code": "QNT", "RM_II": 5, "HR": "SJR" }, "geometry": { "type": "Point", "coordinates": [ -121.079888175668444, 37.152701300188873 ] } },
{ "type": "Feature", "properties": { "fid": 1021, "OBJECTID": 1021.0, "CalSim_ID": "SLO000", "Riv_Mi": null, "Riv_Name": "Salido Creek", "Comment": "Straight to C2VSIM groundwater node", "C2VSIM_GW": "659", "C2VSIM_SW": null, "CalSim2_ID": null, "Type": "CH", "Sub_Type": "GWO", "Nrest_Gage": null, "Strm_Code": "SLD", "RM_II": 0, "HR": "SJR" }, "geometry": { "type": "Point", "coordinates": [ -121.127761235532432, 37.480690021945207 ] } },
{ "type": "Feature", "properties": { "fid": 1022, "OBJECTID": 1022.0, "CalSim_ID": "SLO007", "Riv_Mi": 7.07, "Riv_Name": "Salido Creek", "Comment": "Measured from visible end", "C2VSIM_GW": null, "C2VSIM_SW": null, "CalSim2_ID": null, "Type": "CH", "Sub_Type": "STM", "Nrest_Gage": null, "Strm_Code": "SLD", "RM_II": 7, "HR": "SJR" }, "geometry": { "type": "Point", "coordinates": [ -121.185832668949402, 37.41718576224099 ] } },
{ "type": "Feature", "properties": { "fid": 1023, "OBJECTID": 1023.0, "CalSim_ID": "ING008", "Riv_Mi": 7.85, "Riv_Name": "Ingram Creek", "Comment": "Inflow from HSP000. Measured from end of visible channel", "C2VSIM_GW": null, "C2VSIM_SW": null, "CalSim2_ID": null, "Type": "CH", "Sub_Type": "STM", "Nrest_Gage": null, "Strm_Code": "ING", "RM_II": 8, "HR": "SJR" }, "geometry": { "type": "Point", "coordinates": [ -121.282057925493859, 37.534564647089944 ] } },
{ "type": "Feature", "properties": { "fid": 1024, "OBJECTID": 1024.0, "CalSim_ID": "FRS022", "Riv_Mi": 21.92, "Riv_Name": "Fresno River", "Comment": "Surface Runoff node", "C2VSIM_GW": null, "C2VSIM_SW": null, "CalSim2_ID": null, "Type": "CH", "Sub_Type": "STM", "Nrest_Gage": null, "Strm_Code": "FRS", "RM_II": 22, "HR": "SJR" }, "geometry": { "type": "Point", "coordinates": [ -120.255426789208798, 36.968257216340099 ] } },
{ "type": "Feature", "properties": { "fid": 1025, "OBJECTID": 1025.0, "CalSim_ID": "BTC016", "Riv_Mi": 15.7, "Riv_Name": "Butte Creek", "Comment": "Confluence with Little Dry Creek", "C2VSIM_GW": null, "C2VSIM_SW": null, "CalSim2_ID": null, "Type": "CH", "Sub_Type": "STM", "Nrest_Gage": null, "Strm_Code": "BTC", "RM_II": 16, "HR": "SAC" }, "geometry": { "type": "Point", "coordinates": [ -121.8837229096615, 39.373513607926142 ] } },
{ "type": "Feature", "properties": { "fid": 1026, "OBJECTID": 1026.0, "CalSim_ID": "08S_NA2", "Riv_Mi": null, "Riv_Name": null, "Comment": null, "C2VSIM_GW": null, "C2VSIM_SW": null, "CalSim2_ID": null, "Type": "NP", "Sub_Type": "A", "Nrest_Gage": null, "Strm_Code": null, "RM_II": null, "HR": "SAC" }, "geometry": { "type": "Point", "coordinates": [ -121.924141503202847, 39.082372137839741 ] } },
{ "type": "Feature", "properties": { "fid": 1027, "OBJECTID": 1027.0, "CalSim_ID": "BTC017", "Riv_Mi": 16.73, "Riv_Name": "Butte Creek", "Comment": "Butte Creek near Gridley", "C2VSIM_GW": null, "C2VSIM_SW": null, "CalSim2_ID": null, "Type": "CH", "Sub_Type": "SG", "Nrest_Gage": "DWR A0-4150", "Strm_Code": "BTC", "RM_II": 17, "HR": "SAC" }, "geometry": { "type": "Point", "coordinates": [ -121.889111339119381, 39.386235939540121 ] } },
{ "type": "Feature", "properties": { "fid": 1028, "OBJECTID": 1028.0, "CalSim_ID": "BTC041", "Riv_Mi": 41.0, "Riv_Name": "Butte Creek", "Comment": "Butte Creek near Durham", "C2VSIM_GW": null, "C2VSIM_SW": null, "CalSim2_ID": null, "Type": "CH", "Sub_Type": "SG", "Nrest_Gage": "11390010 / DWR A0-4265", "Strm_Code": "BTC", "RM_II": 41, "HR": "SAC" }, "geometry": { "type": "Point", "coordinates": [ -121.778415805972145, 39.676551465718866 ] } },
{ "type": "Feature", "properties": { "fid": 1029, "OBJECTID": 1029.0, "CalSim_ID": "FTR030", "Riv_Mi": 30.12, "Riv_Name": "Feather River", "Comment": "Confluence with Jack Slough", "C2VSIM_GW": null, "C2VSIM_SW": null, "CalSim2_ID": null, "Type": "CH", "Sub_Type": "STM", "Nrest_Gage": null, "Strm_Code": "FTR", "RM_II": 30, "HR": "SAC" }, "geometry": { "type": "Point", "coordinates": [ -121.609703785951126, 39.158384117922488 ] } },
{ "type": "Feature", "properties": { "fid": 1030, "OBJECTID": 1030.0, "CalSim_ID": "15N_SA", "Riv_Mi": null, "Riv_Name": null, "Comment": "Settlement", "C2VSIM_GW": null, "C2VSIM_SW": null, "CalSim2_ID": null, "Type": "S", "Sub_Type": "A", "Nrest_Gage": null, "Strm_Code": null, "RM_II": null, "HR": "SAC" }, "geometry": { "type": "Point", "coordinates": [ -121.615959875073045, 39.25058999824757 ] } },
{ "type": "Feature", "properties": { "fid": 1031, "OBJECTID": 1031.0, "CalSim_ID": "LCC024", "Riv_Mi": 23.8, "Riv_Name": "Little Chico Creek", "Comment": "Confluence with Edgar Slough", "C2VSIM_GW": null, "C2VSIM_SW": null, "CalSim2_ID": null, "Type": "CH", "Sub_Type": "STM", "Nrest_Gage": null, "Strm_Code": "LCC", "RM_II": 24, "HR": "SAC" }, "geometry": { "type": "Point", "coordinates": [ -121.935360770757853, 39.63588462897615 ] } },
{ "type": "Feature", "properties": { "fid": 1032, "OBJECTID": 1032.0, "CalSim_ID": "LCC026", "Riv_Mi": 26.0, "Riv_Name": "Little Chico Creek", "Comment": null, "C2VSIM_GW": null, "C2VSIM_SW": null, "CalSim2_ID": null, "Type": "CH", "Sub_Type": "STM", "Nrest_Gage": null, "Strm_Code": "LCC", "RM_II": 26, "HR": "SAC" }, "geometry": { "type": "Point", "coordinates": [ -121.933348651788862, 39.6614306705617 ] } },
{ "type": "Feature", "properties": { "fid": 1033, "OBJECTID": 1033.0, "CalSim_ID": "16_NA1", "Riv_Mi": null, "Riv_Name": null, "Comment": null, "C2VSIM_GW": null, "C2VSIM_SW": null, "CalSim2_ID": null, "Type": "NP", "Sub_Type": "A", "Nrest_Gage": null, "Strm_Code": null, "RM_II": null, "HR": "SAC" }, "geometry": { "type": "Point", "coordinates": [ -121.659484094508159, 39.078439177635957 ] } },
{ "type": "Feature", "properties": { "fid": 1034, "OBJECTID": 1034.0, "CalSim_ID": "LCC016", "Riv_Mi": 22.0, "Riv_Name": "Little Chico Creek", "Comment": null, "C2VSIM_GW": null, "C2VSIM_SW": null, "CalSim2_ID": null, "Type": "CH", "Sub_Type": "STM", "Nrest_Gage": null, "Strm_Code": "LCC", "RM_II": 16, "HR": "SAC" }, "geometry": { "type": "Point", "coordinates": [ -121.960531396212744, 39.533116177574421 ] } },
{ "type": "Feature", "properties": { "fid": 1035, "OBJECTID": 1035.0, "CalSim_ID": "11_SA4", "Riv_Mi": null, "Riv_Name": null, "Comment": "Sutter Extension WD", "C2VSIM_GW": null, "C2VSIM_SW": null, "CalSim2_ID": null, "Type": "S", "Sub_Type": "A", "Nrest_Gage": null, "Strm_Code": null, "RM_II": null, "HR": "SAC" }, "geometry": { "type": "Point", "coordinates": [ -121.725290563314388, 39.132328858625584 ] } },
{ "type": "Feature", "properties": { "fid": 1036, "OBJECTID": 1036.0, "CalSim_ID": "TAB000", "Riv_Mi": null, "Riv_Name": null, "Comment": "Thermalito Bay Outlet", "C2VSIM_GW": null, "C2VSIM_SW": null, "CalSim2_ID": null, "Type": "CH", "Sub_Type": "SG", "Nrest_Gage": "11406920", "Strm_Code": "TAB", "RM_II": null, "HR": "SAC" }, "geometry": { "type": "Point", "coordinates": [ -121.639874570697259, 39.457640885399897 ] } },
{ "type": "Feature", "properties": { "fid": 1037, "OBJECTID": 1037.0, "CalSim_ID": "SEC009", "Riv_Mi": 9.1, "Riv_Name": "Sutter-Butte Extension Canal", "Comment": null, "C2VSIM_GW": null, "C2VSIM_SW": null, "CalSim2_ID": null, "Type": "CH", "Sub_Type": "CNL", "Nrest_Gage": null, "Strm_Code": "SEC", "RM_II": 9, "HR": "SAC" }, "geometry": { "type": "Point", "coordinates": [ -121.637467182467432, 39.247868950817768 ] } },
{ "type": "Feature", "properties": { "fid": 1038, "OBJECTID": 1038.0, "CalSim_ID": "JBC008", "Riv_Mi": 7.89, "Riv_Name": "Joint Board Canal", "Comment": "Cox Spill", "C2VSIM_GW": null, "C2VSIM_SW": null, "CalSim2_ID": null, "Type": "CH", "Sub_Type": "CNL", "Nrest_Gage": null, "Strm_Code": "JBC", "RM_II": 8, "HR": "SAC" }, "geometry": { "type": "Point", "coordinates": [ -121.633308946190184, 39.33191064222563 ] } },
{ "type": "Feature", "properties": { "fid": 1039, "OBJECTID": 1039.0, "CalSim_ID": "FTR067", "Riv_Mi": 67.0, "Riv_Name": "Feather River", "Comment": "Feather River at Oroville", "C2VSIM_GW": null, "C2VSIM_SW": null, "CalSim2_ID": null, "Type": "CH", "Sub_Type": "SG", "Nrest_Gage": "11407000", "Strm_Code": "FTR", "RM_II": 67, "HR": "SAC" }, "geometry": { "type": "Point", "coordinates": [ -121.547097785003388, 39.521053733814227 ] } },
{ "type": "Feature", "properties": { "fid": 1040, "OBJECTID": 1040.0, "CalSim_ID": "FSC007", "Riv_Mi": 7.48, "Riv_Name": "Folsom South Canal", "Comment": "Old diversion to Mather park/lake/golf course", "C2VSIM_GW": null, "C2VSIM_SW": null, "CalSim2_ID": null, "Type": "CH", "Sub_Type": "CNL", "Nrest_Gage": null, "Strm_Code": "FSC", "RM_II": 7, "HR": "SAC" }, "geometry": { "type": "Point", "coordinates": [ -121.247479595393528, 38.556111212076118 ] } },
{ "type": "Feature", "properties": { "fid": 1041, "OBJECTID": 1041.0, "CalSim_ID": "TUO053", "Riv_Mi": 53.43, "Riv_Name": "Tuolumne River", "Comment": "Tuolumne River below LaGrange Dam near LaGrange. C2VSIM node.", "C2VSIM_GW": "657", "C2VSIM_SW": "135", "CalSim2_ID": null, "Type": "CH", "Sub_Type": "SG", "Nrest_Gage": "11289650", "Strm_Code": "TUO", "RM_II": 53, "HR": "SJR" }, "geometry": { "type": "Point", "coordinates": [ -120.442766834658443, 37.666375235669747 ] } },
{ "type": "Feature", "properties": { "fid": 1042, "OBJECTID": 1042.0, "CalSim_ID": "MDS003", "Riv_Mi": 2.56, "Riv_Name": "Modesto Canal", "Comment": "Modesto Canal near LaGrange", "C2VSIM_GW": null, "C2VSIM_SW": null, "CalSim2_ID": null, "Type": "CH", "Sub_Type": "SG", "Nrest_Gage": "11289000", "Strm_Code": "MDS", "RM_II": 3, "HR": "SJR" }, "geometry": { "type": "Point", "coordinates": [ -120.474913571131879, 37.672719053779836 ] } },
{ "type": "Feature", "properties": { "fid": 1043, "OBJECTID": 1043.0, "CalSim_ID": "TUR001", "Riv_Mi": 0.52, "Riv_Name": "Turlock Main Canal", "Comment": "Turlock Canal near LaGrange", "C2VSIM_GW": null, "C2VSIM_SW": null, "CalSim2_ID": null, "Type": "CH", "Sub_Type": "SG", "Nrest_Gage": "11289500", "Strm_Code": "TUR", "RM_II": 1, "HR": "SJR" }, "geometry": { "type": "Point", "coordinates": [ -120.440618530483235, 37.665756313117143 ] } },
{ "type": "Feature", "properties": { "fid": 1044, "OBJECTID": 1044.0, "CalSim_ID": "62_NA3", "Riv_Mi": null, "Riv_Name": null, "Comment": "Turlock I.D.", "C2VSIM_GW": null, "C2VSIM_SW": null, "CalSim2_ID": null, "Type": "NP", "Sub_Type": "A", "Nrest_Gage": null, "Strm_Code": null, "RM_II": null, "HR": "SJR" }, "geometry": { "type": "Point", "coordinates": [ -120.792775899141986, 37.545920238740408 ] } },
{ "type": "Feature", "properties": { "fid": 1045, "OBJECTID": 1045.0, "CalSim_ID": "26S_PU3", "Riv_Mi": null, "Riv_Name": null, "Comment": "Sacramento Parks and Recreation (Folsom Lake)", "C2VSIM_GW": null, "C2VSIM_SW": null, "CalSim2_ID": null, "Type": "PR", "Sub_Type": "U", "Nrest_Gage": null, "Strm_Code": null, "RM_II": null, "HR": "SAC" }, "geometry": { "type": "Point", "coordinates": [ -121.127664080388854, 38.69645545032747 ] } },
{ "type": "Feature", "properties": { "fid": 1046, "OBJECTID": 1046.0, "CalSim_ID": "RFS26S", "Riv_Mi": null, "Riv_Name": null, "Comment": null, "C2VSIM_GW": null, "C2VSIM_SW": null, "CalSim2_ID": null, "Type": "RFS", "Sub_Type": "NA", "Nrest_Gage": null, "Strm_Code": null, "RM_II": null, "HR": "SAC" }, "geometry": { "type": "Point", "coordinates": [ -121.228745907809326, 38.611053762031048 ] } },
{ "type": "Feature", "properties": { "fid": 1047, "OBJECTID": 1047.0, "CalSim_ID": "61_NU3", "Riv_Mi": null, "Riv_Name": null, "Comment": "Ripon, Oakdale, Riverbank", "C2VSIM_GW": null, "C2VSIM_SW": null, "CalSim2_ID": null, "Type": "NP", "Sub_Type": "U", "Nrest_Gage": null, "Strm_Code": null, "RM_II": null, "HR": "SJR" }, "geometry": { "type": "Point", "coordinates": [ -120.850901784807533, 37.767923371929903 ] } },
{ "type": "Feature", "properties": { "fid": 1048, "OBJECTID": 1048.0, "CalSim_ID": "RFS61D", "Riv_Mi": null, "Riv_Name": null, "Comment": null, "C2VSIM_GW": null, "C2VSIM_SW": null, "CalSim2_ID": null, "Type": "RFS", "Sub_Type": "NA", "Nrest_Gage": null, "Strm_Code": null, "RM_II": null, "HR": "SJR" }, "geometry": { "type": "Point", "coordinates": [ -120.988633264508465, 37.681537022221043 ] } },
{ "type": "Feature", "properties": { "fid": 1049, "OBJECTID": 1049.0, "CalSim_ID": "LKVLY", "Riv_Mi": 16.26, "Riv_Name": "North Fork of North Fork American River", "Comment": "Lake Valley Reservoir", "C2VSIM_GW": null, "C2VSIM_SW": null, "CalSim2_ID": null, "Type": "STR", "Sub_Type": null, "Nrest_Gage": null, "Strm_Code": null, "RM_II": 16, "HR": "SAC" }, "geometry": { "type": "Point", "coordinates": [ -120.598050658422096, 39.300269146005846 ] } },
{ "type": "Feature", "properties": { "fid": 1050, "OBJECTID": 1050.0, "CalSim_ID": "NNA013", "Riv_Mi": 13.35, "Riv_Name": "North Fork of North Fork American River", "Comment": null, "C2VSIM_GW": null, "C2VSIM_SW": null, "CalSim2_ID": null, "Type": "CH", "Sub_Type": "STM", "Nrest_Gage": null, "Strm_Code": "NNA", "RM_II": 13, "HR": "SAC" }, "geometry": { "type": "Point", "coordinates": [ -120.63103253586317, 39.300306164427354 ] } },
{ "type": "Feature", "properties": { "fid": 1051, "OBJECTID": 1051.0, "CalSim_ID": "61_NA1", "Riv_Mi": null, "Riv_Name": null, "Comment": "East of Districts", "C2VSIM_GW": null, "C2VSIM_SW": null, "CalSim2_ID": null, "Type": "NP", "Sub_Type": "A", "Nrest_Gage": null, "Strm_Code": null, "RM_II": null, "HR": "SJR" }, "geometry": { "type": "Point", "coordinates": [ -120.647705868905362, 37.744488630665231 ] } },
{ "type": "Feature", "properties": { "fid": 1052, "OBJECTID": 1052.0, "CalSim_ID": "62_NA1", "Riv_Mi": null, "Riv_Name": null, "Comment": "East of Districts", "C2VSIM_GW": null, "C2VSIM_SW": null, "CalSim2_ID": null, "Type": "NP", "Sub_Type": "A", "Nrest_Gage": null, "Strm_Code": null, "RM_II": null, "HR": "SJR" }, "geometry": { "type": "Point", "coordinates": [ -120.553992446789223, 37.560742079382877 ] } },
{ "type": "Feature", "properties": { "fid": 1053, "OBJECTID": 1053.0, "CalSim_ID": "63_NA1", "Riv_Mi": null, "Riv_Name": null, "Comment": "East of Districts", "C2VSIM_GW": null, "C2VSIM_SW": null, "CalSim2_ID": null, "Type": "NP", "Sub_Type": "A", "Nrest_Gage": null, "Strm_Code": null, "RM_II": null, "HR": "SJR" }, "geometry": { "type": "Point", "coordinates": [ -120.410934951586441, 37.422408701895847 ] } },
{ "type": "Feature", "properties": { "fid": 1054, "OBJECTID": 1054.0, "CalSim_ID": "NFA054", "Riv_Mi": 53.83, "Riv_Name": "North Fork American River", "Comment": "Confluence with N.Fork of N.Fork American River", "C2VSIM_GW": null, "C2VSIM_SW": null, "CalSim2_ID": null, "Type": "CH", "Sub_Type": "STM", "Nrest_Gage": null, "Strm_Code": "NFA", "RM_II": 54, "HR": "SAC" }, "geometry": { "type": "Point", "coordinates": [ -120.759303840683032, 39.188161398191298 ] } },
{ "type": "Feature", "properties": { "fid": 1055, "OBJECTID": 1055.0, "CalSim_ID": "NFA048", "Riv_Mi": 48.14, "Riv_Name": "North Fork American River", "Comment": "Confluence with Canyon Creek", "C2VSIM_GW": null, "C2VSIM_SW": null, "CalSim2_ID": null, "Type": "CH", "Sub_Type": "STM", "Nrest_Gage": null, "Strm_Code": "NFA", "RM_II": 48, "HR": "SAC" }, "geometry": { "type": "Point", "coordinates": [ -120.83644031679259, 39.151748902124481 ] } },
{ "type": "Feature", "properties": { "fid": 1056, "OBJECTID": 1056.0, "CalSim_ID": "NFA022", "Riv_Mi": 21.53, "Riv_Name": "North Fork American River", "Comment": "North Fork Dam", "C2VSIM_GW": null, "C2VSIM_SW": null, "CalSim2_ID": null, "Type": "CH", "Sub_Type": "SG", "Nrest_Gage": "11427000", "Strm_Code": "NFA", "RM_II": 22, "HR": "SAC" }, "geometry": { "type": "Point", "coordinates": [ -121.024692665595524, 38.936578406163349 ] } },
{ "type": "Feature", "properties": { "fid": 1057, "OBJECTID": 1057.0, "CalSim_ID": "12_NU2", "Riv_Mi": null, "Riv_Name": null, "Comment": "Small Communities", "C2VSIM_GW": null, "C2VSIM_SW": null, "CalSim2_ID": null, "Type": "NP", "Sub_Type": "U", "Nrest_Gage": null, "Strm_Code": null, "RM_II": null, "HR": "SAC" }, "geometry": { "type": "Point", "coordinates": [ -121.592036743372987, 39.428013030435018 ] } },
{ "type": "Feature", "properties": { "fid": 1058, "OBJECTID": 1058.0, "CalSim_ID": "11_PR", "Riv_Mi": null, "Riv_Name": null, "Comment": "Upper Butte WA - Howard Slough Unit/Little Dry Creek", "C2VSIM_GW": null, "C2VSIM_SW": null, "CalSim2_ID": null, "Type": "PR", "Sub_Type": "R", "Nrest_Gage": null, "Strm_Code": null, "RM_II": null, "HR": "SAC" }, "geometry": { "type": "Point", "coordinates": [ -121.861368053521048, 39.437407227225556 ] } },
{ "type": "Feature", "properties": { "fid": 1059, "OBJECTID": 1059.0, "CalSim_ID": "WEC005", "Riv_Mi": 5.0, "Riv_Name": "Western Canal", "Comment": "Conceptual diversion to Western Canal Water District", "C2VSIM_GW": null, "C2VSIM_SW": null, "CalSim2_ID": null, "Type": "CH", "Sub_Type": "CNL", "Nrest_Gage": null, "Strm_Code": "WEC", "RM_II": 5, "HR": "SAC" }, "geometry": { "type": "Point", "coordinates": [ -121.75370174112355, 39.538860544364759 ] } },
{ "type": "Feature", "properties": { "fid": 1060, "OBJECTID": 1060.0, "CalSim_ID": "RVC005", "Riv_Mi": 4.6, "Riv_Name": "Richvale ID - Buttler Canal", "Comment": "Confluence of Richvale ID - Buttler Canal and Biggs Extension Canal (JBC)", "C2VSIM_GW": null, "C2VSIM_SW": null, "CalSim2_ID": null, "Type": "CH", "Sub_Type": "CNL", "Nrest_Gage": null, "Strm_Code": "RVC", "RM_II": 5, "HR": "SAC" }, "geometry": { "type": "Point", "coordinates": [ -121.725982019148191, 39.470601703186418 ] } },
{ "type": "Feature", "properties": { "fid": 1061, "OBJECTID": 1061.0, "CalSim_ID": "26S_NA", "Riv_Mi": null, "Riv_Name": null, "Comment": null, "C2VSIM_GW": null, "C2VSIM_SW": null, "CalSim2_ID": null, "Type": "NP", "Sub_Type": "A", "Nrest_Gage": null, "Strm_Code": null, "RM_II": null, "HR": "SAC" }, "geometry": { "type": "Point", "coordinates": [ -121.420231935084175, 38.356226346284188 ] } },
{ "type": "Feature", "properties": { "fid": 1062, "OBJECTID": 1062.0, "CalSim_ID": "07S_NU", "Riv_Mi": null, "Riv_Name": null, "Comment": null, "C2VSIM_GW": null, "C2VSIM_SW": null, "CalSim2_ID": null, "Type": "NP", "Sub_Type": "U", "Nrest_Gage": null, "Strm_Code": null, "RM_II": null, "HR": "SAC" }, "geometry": { "type": "Point", "coordinates": [ -122.060321720070107, 39.017617500410317 ] } },
{ "type": "Feature", "properties": { "fid": 1063, "OBJECTID": 1063.0, "CalSim_ID": "08N_PA", "Riv_Mi": null, "Riv_Name": null, "Comment": null, "C2VSIM_GW": null, "C2VSIM_SW": null, "CalSim2_ID": null, "Type": "PR", "Sub_Type": "A", "Nrest_Gage": null, "Strm_Code": null, "RM_II": null, "HR": "SAC" }, "geometry": { "type": "Point", "coordinates": [ -122.065608240445414, 39.302564636240469 ] } },
{ "type": "Feature", "properties": { "fid": 1064, "OBJECTID": 1064.0, "CalSim_ID": "17N_NU", "Riv_Mi": null, "Riv_Name": null, "Comment": "Small Communities", "C2VSIM_GW": null, "C2VSIM_SW": null, "CalSim2_ID": null, "Type": "NP", "Sub_Type": "U", "Nrest_Gage": null, "Strm_Code": null, "RM_II": null, "HR": "SAC" }, "geometry": { "type": "Point", "coordinates": [ -121.791369764725346, 39.291290186127057 ] } },
{ "type": "Feature", "properties": { "fid": 1065, "OBJECTID": 1065.0, "CalSim_ID": "21_PA", "Riv_Mi": null, "Riv_Name": null, "Comment": "Colusa Drain M.W.C.", "C2VSIM_GW": null, "C2VSIM_SW": null, "CalSim2_ID": null, "Type": "PR", "Sub_Type": "A", "Nrest_Gage": null, "Strm_Code": null, "RM_II": null, "HR": "SAC" }, "geometry": { "type": "Point", "coordinates": [ -121.682326219852541, 38.694664720723125 ] } },
{ "type": "Feature", "properties": { "fid": 1066, "OBJECTID": 1066.0, "CalSim_ID": "TTC002", "Riv_Mi": 2.22, "Riv_Name": "Toadtown Canal", "Comment": "Toadtown Canal above Butte Canal near Stirling.", "C2VSIM_GW": null, "C2VSIM_SW": null, "CalSim2_ID": null, "Type": "CH", "Sub_Type": "SG", "Nrest_Gage": "11389800", "Strm_Code": "TTC", "RM_II": 2, "HR": "SAC" }, "geometry": { "type": "Point", "coordinates": [ -121.610894002377648, 39.885621377593772 ] } },
{ "type": "Feature", "properties": { "fid": 1067, "OBJECTID": 1067.0, "CalSim_ID": "21_NU", "Riv_Mi": null, "Riv_Name": null, "Comment": "Knights Landing CSD", "C2VSIM_GW": null, "C2VSIM_SW": null, "CalSim2_ID": null, "Type": "NP", "Sub_Type": "U", "Nrest_Gage": null, "Strm_Code": null, "RM_II": null, "HR": "SAC" }, "geometry": { "type": "Point", "coordinates": [ -121.719004313432734, 38.795444301076273 ] } },
{ "type": "Feature", "properties": { "fid": 1068, "OBJECTID": 1068.0, "CalSim_ID": "24_NU4", "Riv_Mi": null, "Riv_Name": null, "Comment": "Small Communities", "C2VSIM_GW": null, "C2VSIM_SW": null, "CalSim2_ID": null, "Type": "NP", "Sub_Type": "U", "Nrest_Gage": null, "Strm_Code": null, "RM_II": null, "HR": "SAC" }, "geometry": { "type": "Point", "coordinates": [ -121.26525044271223, 38.925850139048492 ] } },
{ "type": "Feature", "properties": { "fid": 1069, "OBJECTID": 1069.0, "CalSim_ID": "22_SA2", "Riv_Mi": null, "Riv_Name": null, "Comment": "Feather River Settlement Diverters", "C2VSIM_GW": null, "C2VSIM_SW": null, "CalSim2_ID": null, "Type": "S", "Sub_Type": "A", "Nrest_Gage": null, "Strm_Code": null, "RM_II": null, "HR": "SAC" }, "geometry": { "type": "Point", "coordinates": [ -121.622659786269935, 38.824476331211201 ] } },
{ "type": "Feature", "properties": { "fid": 1070, "OBJECTID": 1070.0, "CalSim_ID": "17S_SA", "Riv_Mi": null, "Riv_Name": null, "Comment": "Misc. Feather Riparian Diverters", "C2VSIM_GW": null, "C2VSIM_SW": null, "CalSim2_ID": null, "Type": "S", "Sub_Type": "A", "Nrest_Gage": null, "Strm_Code": null, "RM_II": null, "HR": "SAC" }, "geometry": { "type": "Point", "coordinates": [ -121.637852566716873, 38.797798640739948 ] } },
{ "type": "Feature", "properties": { "fid": 1071, "OBJECTID": 1071.0, "CalSim_ID": "TUO017", "Riv_Mi": 16.61, "Riv_Name": "Tuolumne River", "Comment": "Tuolumne River at Modesto", "C2VSIM_GW": null, "C2VSIM_SW": null, "CalSim2_ID": null, "Type": "CH", "Sub_Type": "SG", "Nrest_Gage": "11290000", "Strm_Code": "TUO", "RM_II": 17, "HR": "SJR" }, "geometry": { "type": "Point", "coordinates": [ -120.987913939797195, 37.627267536055264 ] } },
{ "type": "Feature", "properties": { "fid": 1072, "OBJECTID": 1072.0, "CalSim_ID": "STS017", "Riv_Mi": 16.87, "Riv_Name": "Stanislaus River", "Comment": "Stanislaus River at Ripon", "C2VSIM_GW": null, "C2VSIM_SW": null, "CalSim2_ID": null, "Type": "CH", "Sub_Type": "SG", "Nrest_Gage": "11303000", "Strm_Code": "STS", "RM_II": 17, "HR": "SJR" }, "geometry": { "type": "Point", "coordinates": [ -121.110297410725863, 37.73006359315643 ] } },
{ "type": "Feature", "properties": { "fid": 1073, "OBJECTID": 1073.0, "CalSim_ID": "MCD005", "Riv_Mi": 5.0, "Riv_Name": "Merced River", "Comment": "Merced River at Stevinson", "C2VSIM_GW": null, "C2VSIM_SW": null, "CalSim2_ID": null, "Type": "CH", "Sub_Type": "SG", "Nrest_Gage": "11272500 / DWR (MST)", "Strm_Code": "MCD", "RM_II": 5, "HR": "SJR" }, "geometry": { "type": "Point", "coordinates": [ -120.930379341967935, 37.370764371984983 ] } },
{ "type": "Feature", "properties": { "fid": 1074, "OBJECTID": 1074.0, "CalSim_ID": "MCD055", "Riv_Mi": 54.9, "Riv_Name": "Merced River", "Comment": "Merced Falls Diversion Dam. Merced River below Merced Falls Dam near Snelling", "C2VSIM_GW": null, "C2VSIM_SW": null, "CalSim2_ID": null, "Type": "CH", "Sub_Type": "STM", "Nrest_Gage": "11270900", "Strm_Code": "MCD", "RM_II": 55, "HR": "SJR" }, "geometry": { "type": "Point", "coordinates": [ -120.329537767445728, 37.522756678291024 ] } },
{ "type": "Feature", "properties": { "fid": 1075, "OBJECTID": 1075.0, "CalSim_ID": "MCD056", "Riv_Mi": 56.0, "Riv_Name": "Merced River", "Comment": "McSwain Dam", "C2VSIM_GW": null, "C2VSIM_SW": null, "CalSim2_ID": null, "Type": "CH", "Sub_Type": "STM", "Nrest_Gage": null, "Strm_Code": "MCD", "RM_II": 56, "HR": "SJR" }, "geometry": { "type": "Point", "coordinates": [ -120.310411808196719, 37.521830822706981 ] } },
{ "type": "Feature", "properties": { "fid": 1076, "OBJECTID": 1076.0, "CalSim_ID": "MOK034", "Riv_Mi": 33.56, "Riv_Name": "Mokelumne River", "Comment": "Mokelumne River at Woodbridge", "C2VSIM_GW": null, "C2VSIM_SW": null, "CalSim2_ID": null, "Type": "CH", "Sub_Type": "SG", "Nrest_Gage": "11325500 / DWR B0-2105 (WBR)", "Strm_Code": "MOK", "RM_II": 34, "HR": "SJR" }, "geometry": { "type": "Point", "coordinates": [ -121.303678752472578, 38.158512307447971 ] } },
{ "type": "Feature", "properties": { "fid": 1077, "OBJECTID": 1077.0, "CalSim_ID": "EBP005", "Riv_Mi": 5.13, "Riv_Name": "Eastside Bypass", "Comment": "Confluence with Cottonwood Creek", "C2VSIM_GW": null, "C2VSIM_SW": null, "CalSim2_ID": null, "Type": "CH", "Sub_Type": "BYP", "Nrest_Gage": null, "Strm_Code": "EBP", "RM_II": 5, "HR": "SJR" }, "geometry": { "type": "Point", "coordinates": [ -120.307050291542126, 36.836555904513823 ] } },
{ "type": "Feature", "properties": { "fid": 1078, "OBJECTID": 1078.0, "CalSim_ID": "SJR256", "Riv_Mi": 256.0, "Riv_Name": "San Joaquin River", "Comment": "C2VSIM Node.", "C2VSIM_GW": "879", "C2VSIM_SW": "55", "CalSim2_ID": null, "Type": "CH", "Sub_Type": "STM", "Nrest_Gage": null, "Strm_Code": "SJR", "RM_II": 256, "HR": "SJR" }, "geometry": { "type": "Point", "coordinates": [ -119.772920929610308, 36.909968208971762 ] } },
{ "type": "Feature", "properties": { "fid": 1079, "OBJECTID": 1079.0, "CalSim_ID": "JBP006", "Riv_Mi": 6.0, "Riv_Name": "James Bypass", "Comment": "James Bypass near San Joaquin", "C2VSIM_GW": null, "C2VSIM_SW": null, "CalSim2_ID": null, "Type": "CH", "Sub_Type": "SG", "Nrest_Gage": "11253500", "Strm_Code": "JBP", "RM_II": 6, "HR": "SJR" }, "geometry": { "type": "Point", "coordinates": [ -120.181061637765865, 36.653040098997479 ] } },
{ "type": "Feature", "properties": { "fid": 1080, "OBJECTID": 1080.0, "CalSim_ID": "MFA001", "Riv_Mi": 1.423, "Riv_Name": "Middle Fork American River", "Comment": "Middle Fork American River near Auburn - USGS 11433500", "C2VSIM_GW": null, "C2VSIM_SW": null, "CalSim2_ID": null, "Type": "CH", "Sub_Type": "SG", "Nrest_Gage": "11433500", "Strm_Code": "MFA", "RM_II": 1, "HR": "SAC" }, "geometry": { "type": "Point", "coordinates": [ -121.015247240747414, 38.917767569753728 ] } },
{ "type": "Feature", "properties": { "fid": 1081, "OBJECTID": 1081.0, "CalSim_ID": "BRS018", "Riv_Mi": 18.14, "Riv_Name": "Berenda Slough", "Comment": "Berenda Slough Reservoir", "C2VSIM_GW": null, "C2VSIM_SW": null, "CalSim2_ID": null, "Type": "CH", "Sub_Type": "STM", "Nrest_Gage": null, "Strm_Code": "BRS", "RM_II": 18, "HR": "SJR" }, "geometry": { "type": "Point", "coordinates": [ -120.187863012952064, 37.128412520627606 ] } },
{ "type": "Feature", "properties": { "fid": 1082, "OBJECTID": 1082.0, "CalSim_ID": "ASL013", "Riv_Mi": 12.84, "Riv_Name": "Ash Slough", "Comment": "Diversion to Ash Slough Bypass Canal", "C2VSIM_GW": null, "C2VSIM_SW": null, "CalSim2_ID": null, "Type": "CH", "Sub_Type": "STM", "Nrest_Gage": null, "Strm_Code": "ASL", "RM_II": 13, "HR": "SJR" }, "geometry": { "type": "Point", "coordinates": [ -120.274541325361852, 37.126331169637972 ] } },
{ "type": "Feature", "properties": { "fid": 1083, "OBJECTID": 1083.0, "CalSim_ID": "MCD002", "Riv_Mi": 2.45, "Riv_Name": "Merced River", "Comment": "Spill to Gage at Merced River Slough", "C2VSIM_GW": null, "C2VSIM_SW": null, "CalSim2_ID": null, "Type": "CH", "Sub_Type": "STM", "Nrest_Gage": null, "Strm_Code": "MCD", "RM_II": 2, "HR": "SJR" }, "geometry": { "type": "Point", "coordinates": [ -120.959038668173321, 37.357985549254913 ] } },
{ "type": "Feature", "properties": { "fid": 1084, "OBJECTID": 1084.0, "CalSim_ID": "MRS000", "Riv_Mi": 0.0, "Riv_Name": "Merced River Slough", "Comment": "Merced River Slough near Newman", "C2VSIM_GW": null, "C2VSIM_SW": null, "CalSim2_ID": null, "Type": "CH", "Sub_Type": "SG", "Nrest_Gage": "11273000", "Strm_Code": "MRS", "RM_II": 0, "HR": "SJR" }, "geometry": { "type": "Point", "coordinates": [ -120.96154025080925, 37.360024433855244 ] } },
{ "type": "Feature", "properties": { "fid": 1085, "OBJECTID": 1085.0, "CalSim_ID": "SJR114", "Riv_Mi": 114.22, "Riv_Name": "San Joaquin River", "Comment": "Spill inflow from Merced River", "C2VSIM_GW": null, "C2VSIM_SW": null, "CalSim2_ID": null, "Type": "CH", "Sub_Type": "STM", "Nrest_Gage": null, "Strm_Code": "SJR", "RM_II": 114, "HR": "SJR" }, "geometry": { "type": "Point", "coordinates": [ -120.973891880341526, 37.368409311094155 ] } },
{ "type": "Feature", "properties": { "fid": 1086, "OBJECTID": 1086.0, "CalSim_ID": "MCD050", "Riv_Mi": 50.4, "Riv_Name": "Merced River", "Comment": "Riparian Diversion to Canevaro Ditch", "C2VSIM_GW": null, "C2VSIM_SW": null, "CalSim2_ID": null, "Type": "CH", "Sub_Type": "STM", "Nrest_Gage": null, "Strm_Code": "MCD", "RM_II": 50, "HR": "SJR" }, "geometry": { "type": "Point", "coordinates": [ -120.394557925099846, 37.51720154052056 ] } },
{ "type": "Feature", "properties": { "fid": 1087, "OBJECTID": 1087.0, "CalSim_ID": "MCD033", "Riv_Mi": 32.77, "Riv_Name": "Merced River", "Comment": "Merced River at Schaffer Bridge near Cressey", "C2VSIM_GW": null, "C2VSIM_SW": null, "CalSim2_ID": null, "Type": "CH", "Sub_Type": "SG", "Nrest_Gage": "11271290", "Strm_Code": "MCD", "RM_II": 33, "HR": "SJR" }, "geometry": { "type": "Point", "coordinates": [ -120.608742410511226, 37.454215329884398 ] } },
{ "type": "Feature", "properties": { "fid": 1088, "OBJECTID": 1088.0, "CalSim_ID": "DCM027", "Riv_Mi": 26.67, "Riv_Name": "Dry Creek (Merced)", "Comment": null, "C2VSIM_GW": null, "C2VSIM_SW": null, "CalSim2_ID": null, "Type": "CH", "Sub_Type": "STM", "Nrest_Gage": null, "Strm_Code": "DCM", "RM_II": 27, "HR": "SJR" }, "geometry": { "type": "Point", "coordinates": [ -120.371892585131988, 37.578535120577811 ] } },
{ "type": "Feature", "properties": { "fid": 1089, "OBJECTID": 1089.0, "CalSim_ID": "TUO003", "Riv_Mi": 3.0, "Riv_Name": "Tuolumne River", "Comment": null, "C2VSIM_GW": null, "C2VSIM_SW": null, "CalSim2_ID": null, "Type": "CH", "Sub_Type": "STM", "Nrest_Gage": null, "Strm_Code": "TUO", "RM_II": 3, "HR": "SJR" }, "geometry": { "type": "Point", "coordinates": [ -121.14184693049809, 37.604229017801416 ] } },
{ "type": "Feature", "properties": { "fid": 1090, "OBJECTID": 1090.0, "CalSim_ID": "DCM019", "Riv_Mi": 18.95, "Riv_Name": "Dry Creek (Merced)", "Comment": "Dry Creek near Snelling", "C2VSIM_GW": null, "C2VSIM_SW": null, "CalSim2_ID": null, "Type": "CH", "Sub_Type": "SG", "Nrest_Gage": "11271320", "Strm_Code": "DCM", "RM_II": 19, "HR": "SJR" }, "geometry": { "type": "Point", "coordinates": [ -120.463445526391141, 37.555082028017182 ] } },
{ "type": "Feature", "properties": { "fid": 1091, "OBJECTID": 1091.0, "CalSim_ID": "STS058", "Riv_Mi": 58.45, "Riv_Name": "Stanislaus River", "Comment": "Stanislaus River below Goodwin Dam near Knights Ferry. C2VSIM node.", "C2VSIM_GW": "623", "C2VSIM_SW": "146", "CalSim2_ID": null, "Type": "CH", "Sub_Type": "SG", "Nrest_Gage": "11302000", "Strm_Code": "STS", "RM_II": 58, "HR": "SJR" }, "geometry": { "type": "Point", "coordinates": [ -120.637967408632832, 37.851692042238852 ] } },
{ "type": "Feature", "properties": { "fid": 1092, "OBJECTID": 1092.0, "CalSim_ID": "SSJ001", "Riv_Mi": 0.78, "Riv_Name": "South San Joaquin Canal", "Comment": "South San Joaquin Canal near Knights Ferry", "C2VSIM_GW": null, "C2VSIM_SW": null, "CalSim2_ID": null, "Type": "CH", "Sub_Type": "SG", "Nrest_Gage": "11300500", "Strm_Code": "SSJ", "RM_II": 1, "HR": "SJR" }, "geometry": { "type": "Point", "coordinates": [ -120.638284203074733, 37.854309273090202 ] } },
{ "type": "Feature", "properties": { "fid": 1093, "OBJECTID": 1093.0, "CalSim_ID": "OAK001", "Riv_Mi": 0.37, "Riv_Name": "Oakdale Canal (South Main Canal)", "Comment": "Oakdale Canal near Knights Ferry", "C2VSIM_GW": null, "C2VSIM_SW": null, "CalSim2_ID": null, "Type": "CH", "Sub_Type": "SG", "Nrest_Gage": "11301000", "Strm_Code": "OAK", "RM_II": 1, "HR": "SJR" }, "geometry": { "type": "Point", "coordinates": [ -120.633215768788659, 37.858683775557147 ] } },
{ "type": "Feature", "properties": { "fid": 1094, "OBJECTID": 1094.0, "CalSim_ID": "72_NA2", "Riv_Mi": null, "Riv_Name": null, "Comment": null, "C2VSIM_GW": null, "C2VSIM_SW": null, "CalSim2_ID": null, "Type": "NP", "Sub_Type": "A", "Nrest_Gage": null, "Strm_Code": null, "RM_II": null, "HR": "SJR" }, "geometry": { "type": "Point", "coordinates": [ -120.956390773543092, 37.162705375839302 ] } },
{ "type": "Feature", "properties": { "fid": 1095, "OBJECTID": 1095.0, "CalSim_ID": "RFS71B", "Riv_Mi": null, "Riv_Name": null, "Comment": null, "C2VSIM_GW": null, "C2VSIM_SW": null, "CalSim2_ID": null, "Type": "RFS", "Sub_Type": "NA", "Nrest_Gage": null, "Strm_Code": null, "RM_II": null, "HR": "SJR" }, "geometry": { "type": "Point", "coordinates": [ -121.114347851715763, 37.445534137556692 ] } },
{ "type": "Feature", "properties": { "fid": 1096, "OBJECTID": 1096.0, "CalSim_ID": "RFS71C", "Riv_Mi": null, "Riv_Name": null, "Comment": null, "C2VSIM_GW": null, "C2VSIM_SW": null, "CalSim2_ID": null, "Type": "RFS", "Sub_Type": "NA", "Nrest_Gage": null, "Strm_Code": null, "RM_II": null, "HR": "SJR" }, "geometry": { "type": "Point", "coordinates": [ -121.02835489225086, 37.204581046981048 ] } },
{ "type": "Feature", "properties": { "fid": 1097, "OBJECTID": 1097.0, "CalSim_ID": "63_PR3", "Riv_Mi": null, "Riv_Name": null, "Comment": "East Bear Creek Unit - San Luis NWR", "C2VSIM_GW": null, "C2VSIM_SW": null, "CalSim2_ID": null, "Type": "PR", "Sub_Type": "R", "Nrest_Gage": null, "Strm_Code": null, "RM_II": null, "HR": "SJR" }, "geometry": { "type": "Point", "coordinates": [ -120.797633046919685, 37.243539521467213 ] } },
{ "type": "Feature", "properties": { "fid": 1098, "OBJECTID": 1098.0, "CalSim_ID": "63_PR1", "Riv_Mi": null, "Riv_Name": null, "Comment": "Arena Plains Unit - Merced NWR", "C2VSIM_GW": null, "C2VSIM_SW": null, "CalSim2_ID": null, "Type": "PR", "Sub_Type": "R", "Nrest_Gage": null, "Strm_Code": null, "RM_II": null, "HR": "SJR" }, "geometry": { "type": "Point", "coordinates": [ -120.714203939550458, 37.277460714265878 ] } },
{ "type": "Feature", "properties": { "fid": 1099, "OBJECTID": 1099.0, "CalSim_ID": "WSWWTP", "Riv_Mi": null, "Riv_Name": null, "Comment": "White Slough Water Pollution Control Plant", "C2VSIM_GW": null, "C2VSIM_SW": null, "CalSim2_ID": null, "Type": "WWTP", "Sub_Type": "NA", "Nrest_Gage": null, "Strm_Code": null, "RM_II": null, "HR": "SJR" }, "geometry": { "type": "Point", "coordinates": [ -121.384867134456357, 38.08848071548023 ] } },
{ "type": "Feature", "properties": { "fid": 1100, "OBJECTID": 1100.0, "CalSim_ID": "62_NU", "Riv_Mi": null, "Riv_Name": null, "Comment": "Turlock, Ceres, Dehli, Hilmar, Hughson, Keyes, Denair", "C2VSIM_GW": null, "C2VSIM_SW": null, "CalSim2_ID": null, "Type": "NP", "Sub_Type": "U", "Nrest_Gage": null, "Strm_Code": null, "RM_II": null, "HR": "SJR" }, "geometry": { "type": "Point", "coordinates": [ -120.86861199559803, 37.521467199959893 ] } },
{ "type": "Feature", "properties": { "fid": 1101, "OBJECTID": 1101.0, "CalSim_ID": "TKWWTP", "Riv_Mi": null, "Riv_Name": null, "Comment": "Turlock Regional Water Quality Control Facility", "C2VSIM_GW": null, "C2VSIM_SW": null, "CalSim2_ID": null, "Type": "WWTP", "Sub_Type": "NA", "Nrest_Gage": null, "Strm_Code": null, "RM_II": null, "HR": "SJR" }, "geometry": { "type": "Point", "coordinates": [ -120.868194415432214, 37.485416706321779 ] } },
{ "type": "Feature", "properties": { "fid": 1102, "OBJECTID": 1102.0, "CalSim_ID": "SJR101", "Riv_Mi": 100.54, "Riv_Name": "San Joaquin River", "Comment": "Return form Turlock Regional Water Quality Control Facility", "C2VSIM_GW": null, "C2VSIM_SW": null, "CalSim2_ID": null, "Type": "CH", "Sub_Type": "STM", "Nrest_Gage": null, "Strm_Code": "SJR", "RM_II": 101, "HR": "SJR" }, "geometry": { "type": "Point", "coordinates": [ -121.033832774045962, 37.46424782597191 ] } },
{ "type": "Feature", "properties": { "fid": 1103, "OBJECTID": 1103.0, "CalSim_ID": "NFA019", "Riv_Mi": 19.373, "Riv_Name": "North Fork American River", "Comment": "Confluence of North and Middle Forks of the American River", "C2VSIM_GW": null, "C2VSIM_SW": null, "CalSim2_ID": null, "Type": "CH", "Sub_Type": "STM", "Nrest_Gage": null, "Strm_Code": "NFA", "RM_II": 19, "HR": "SAC" }, "geometry": { "type": "Point", "coordinates": [ -121.037663995986989, 38.915612584547262 ] } },
{ "type": "Feature", "properties": { "fid": 1104, "OBJECTID": 1104.0, "CalSim_ID": "63_NU", "Riv_Mi": null, "Riv_Name": null, "Comment": "Merced, Atwater, Livingston, Winton, Planada, Le Grand", "C2VSIM_GW": null, "C2VSIM_SW": null, "CalSim2_ID": null, "Type": "NP", "Sub_Type": "U", "Nrest_Gage": null, "Strm_Code": null, "RM_II": null, "HR": "SJR" }, "geometry": { "type": "Point", "coordinates": [ -120.486457690344963, 37.29185698563807 ] } },
{ "type": "Feature", "properties": { "fid": 1105, "OBJECTID": 1105.0, "CalSim_ID": "OWN011", "Riv_Mi": 11.3, "Riv_Name": "Owens Creek", "Comment": "Return from Merced WWTP", "C2VSIM_GW": null, "C2VSIM_SW": null, "CalSim2_ID": null, "Type": "CH", "Sub_Type": "STM", "Nrest_Gage": null, "Strm_Code": "OWN", "RM_II": 11, "HR": "SJR" }, "geometry": { "type": "Point", "coordinates": [ -120.546437451734704, 37.239478246269591 ] } },
{ "type": "Feature", "properties": { "fid": 1106, "OBJECTID": 1106.0, "CalSim_ID": "AWWWTP", "Riv_Mi": null, "Riv_Name": null, "Comment": "Atwater Wastewater Treatment Plant", "C2VSIM_GW": null, "C2VSIM_SW": null, "CalSim2_ID": null, "Type": "WWTP", "Sub_Type": "NA", "Nrest_Gage": null, "Strm_Code": null, "RM_II": null, "HR": "SJR" }, "geometry": { "type": "Point", "coordinates": [ -120.606781840358167, 37.340948059756514 ] } },
{ "type": "Feature", "properties": { "fid": 1107, "OBJECTID": 1107.0, "CalSim_ID": "MDWWTP", "Riv_Mi": null, "Riv_Name": null, "Comment": "Merced Wastewater Treatment Plant", "C2VSIM_GW": null, "C2VSIM_SW": null, "CalSim2_ID": null, "Type": "WWTP", "Sub_Type": "NA", "Nrest_Gage": null, "Strm_Code": null, "RM_II": null, "HR": "SJR" }, "geometry": { "type": "Point", "coordinates": [ -120.52535165896569, 37.254333191573629 ] } },
{ "type": "Feature", "properties": { "fid": 1108, "OBJECTID": 1108.0, "CalSim_ID": "RFS63", "Riv_Mi": null, "Riv_Name": null, "Comment": null, "C2VSIM_GW": null, "C2VSIM_SW": null, "CalSim2_ID": null, "Type": "RFS", "Sub_Type": "NA", "Nrest_Gage": null, "Strm_Code": null, "RM_II": null, "HR": "SJR" }, "geometry": { "type": "Point", "coordinates": [ -120.525611302051487, 37.29168958969538 ] } },
{ "type": "Feature", "properties": { "fid": 1109, "OBJECTID": 1109.0, "CalSim_ID": "ESC000", "Riv_Mi": null, "Riv_Name": null, "Comment": "Conceptual Eastside Irrigation Canal Node", "C2VSIM_GW": null, "C2VSIM_SW": null, "CalSim2_ID": null, "Type": "CH", "Sub_Type": "CNL", "Nrest_Gage": null, "Strm_Code": "ESC", "RM_II": null, "HR": "SJR" }, "geometry": { "type": "Point", "coordinates": [ -120.730694431596689, 37.264079038321306 ] } },
{ "type": "Feature", "properties": { "fid": 1110, "OBJECTID": 1110.0, "CalSim_ID": "63_PR2", "Riv_Mi": null, "Riv_Name": null, "Comment": "Merced Unit, Lone Tree Unit - Merced NWR", "C2VSIM_GW": null, "C2VSIM_SW": null, "CalSim2_ID": null, "Type": "PR", "Sub_Type": "R", "Nrest_Gage": null, "Strm_Code": null, "RM_II": null, "HR": "SJR" }, "geometry": { "type": "Point", "coordinates": [ -120.621531112005272, 37.193782386181624 ] } },
{ "type": "Feature", "properties": { "fid": 1111, "OBJECTID": 1111.0, "CalSim_ID": "DED012", "Riv_Mi": 12.43, "Riv_Name": "Deadman Creek", "Comment": null, "C2VSIM_GW": null, "C2VSIM_SW": null, "CalSim2_ID": null, "Type": "CH", "Sub_Type": "STM", "Nrest_Gage": null, "Strm_Code": "DED", "RM_II": 12, "HR": "SJR" }, "geometry": { "type": "Point", "coordinates": [ -120.549986695952853, 37.192350119760718 ] } },
{ "type": "Feature", "properties": { "fid": 1112, "OBJECTID": 1112.0, "CalSim_ID": "73_NU", "Riv_Mi": null, "Riv_Name": null, "Comment": "Small Communities", "C2VSIM_GW": null, "C2VSIM_SW": null, "CalSim2_ID": null, "Type": "NP", "Sub_Type": "U", "Nrest_Gage": null, "Strm_Code": null, "RM_II": null, "HR": "SJR" }, "geometry": { "type": "Point", "coordinates": [ -120.427985052970499, 36.808362302303081 ] } },
{ "type": "Feature", "properties": { "fid": 1113, "OBJECTID": 1113.0, "CalSim_ID": "MFA023", "Riv_Mi": 23.076, "Riv_Name": "Middle Fork American River", "Comment": "Middle Fork American River near Foresthill - USGS 11433300", "C2VSIM_GW": null, "C2VSIM_SW": null, "CalSim2_ID": null, "Type": "CH", "Sub_Type": "SG", "Nrest_Gage": "11433300", "Strm_Code": "MFA", "RM_II": 23, "HR": "SAC" }, "geometry": { "type": "Point", "coordinates": [ -120.760884312594385, 39.005489930169709 ] } },
{ "type": "Feature", "properties": { "fid": 1114, "OBJECTID": 1114.0, "CalSim_ID": "SFA030", "Riv_Mi": 29.525, "Riv_Name": "South Fork American River", "Comment": "South Fork American River near Placerville - USGS 11444500", "C2VSIM_GW": null, "C2VSIM_SW": null, "CalSim2_ID": null, "Type": "CH", "Sub_Type": "SG", "Nrest_Gage": "11444500", "Strm_Code": "SFA", "RM_II": 30, "HR": "SAC" }, "geometry": { "type": "Point", "coordinates": [ -120.816036956464643, 38.770586850196501 ] } },
{ "type": "Feature", "properties": { "fid": 1115, "OBJECTID": 1115.0, "CalSim_ID": "73_NA", "Riv_Mi": null, "Riv_Name": null, "Comment": null, "C2VSIM_GW": null, "C2VSIM_SW": null, "CalSim2_ID": null, "Type": "NP", "Sub_Type": "A", "Nrest_Gage": null, "Strm_Code": null, "RM_II": null, "HR": "SJR" }, "geometry": { "type": "Point", "coordinates": [ -121.045478660755847, 37.00641336698618 ] } },
{ "type": "Feature", "properties": { "fid": 1116, "OBJECTID": 1116.0, "CalSim_ID": "90_NA", "Riv_Mi": null, "Riv_Name": null, "Comment": null, "C2VSIM_GW": null, "C2VSIM_SW": null, "CalSim2_ID": null, "Type": "NP", "Sub_Type": "A", "Nrest_Gage": null, "Strm_Code": null, "RM_II": null, "HR": "SJR" }, "geometry": { "type": "Point", "coordinates": [ -120.290206963356724, 36.079025976983019 ] } },
{ "type": "Feature", "properties": { "fid": 1117, "OBJECTID": 1117.0, "CalSim_ID": "60S_NU2", "Riv_Mi": null, "Riv_Name": null, "Comment": "Small Communities", "C2VSIM_GW": null, "C2VSIM_SW": null, "CalSim2_ID": null, "Type": "NP", "Sub_Type": "U", "Nrest_Gage": null, "Strm_Code": null, "RM_II": null, "HR": "SJR" }, "geometry": { "type": "Point", "coordinates": [ -121.166421600399374, 38.023664195666491 ] } },
{ "type": "Feature", "properties": { "fid": 1118, "OBJECTID": 1118.0, "CalSim_ID": "KLR006", "Riv_Mi": 6.47, "Riv_Name": "Knights Landing Ridge Cut", "Comment": "Estimated Flows. Virtual USGS11390900/DWR AO2940", "C2VSIM_GW": null, "C2VSIM_SW": null, "CalSim2_ID": null, "Type": "CH", "Sub_Type": "SG", "Nrest_Gage": "11390900 / DWR  A0-2940", "Strm_Code": "KLR", "RM_II": 6, "HR": "SAC" }, "geometry": { "type": "Point", "coordinates": [ -121.66389012280392, 38.722139899011047 ] } },
{ "type": "Feature", "properties": { "fid": 1119, "OBJECTID": 1119.0, "CalSim_ID": "AMR006", "Riv_Mi": 6.51, "Riv_Name": "American River", "Comment": "USGS11447000/DWRAO7140.  American River at Sacramento (H-Street Bridge)", "C2VSIM_GW": null, "C2VSIM_SW": null, "CalSim2_ID": null, "Type": "CH", "Sub_Type": "SG", "Nrest_Gage": "11447000", "Strm_Code": "AMR", "RM_II": 6, "HR": "SAC" }, "geometry": { "type": "Point", "coordinates": [ -121.423221872585856, 38.568821025605537 ] } },
{ "type": "Feature", "properties": { "fid": 1120, "OBJECTID": 1120.0, "CalSim_ID": "CHW037", "Riv_Mi": 36.64, "Riv_Name": "Chowchilla River", "Comment": "USGS11259000/DWRB64159", "C2VSIM_GW": null, "C2VSIM_SW": null, "CalSim2_ID": null, "Type": "CH", "Sub_Type": "SG", "Nrest_Gage": "11259000", "Strm_Code": "CHW", "RM_II": 37, "HR": "SJR" }, "geometry": { "type": "Point", "coordinates": [ -119.99152733696738, 37.215237219825525 ] } },
{ "type": "Feature", "properties": { "fid": 1121, "OBJECTID": 1121.0, "CalSim_ID": "YBP037", "Riv_Mi": 37.0, "Riv_Name": "Yolo Bypass", "Comment": "Freemont Weir Spill to Yolo Bypass. USGS11391021/DWRA02930", "C2VSIM_GW": null, "C2VSIM_SW": null, "CalSim2_ID": null, "Type": "CH", "Sub_Type": "SG", "Nrest_Gage": "11391021", "Strm_Code": "SAC", "RM_II": 37, "HR": "SAC" }, "geometry": { "type": "Point", "coordinates": [ -121.649043054046373, 38.752514346039142 ] } },
{ "type": "Feature", "properties": { "fid": 1122, "OBJECTID": 1122.0, "CalSim_ID": "FRS048", "Riv_Mi": 47.67, "Riv_Name": "Fresno River", "Comment": "Fresno River below Hidden Dam near Daulton. USGS11258000/DWR B67150", "C2VSIM_GW": null, "C2VSIM_SW": null, "CalSim2_ID": null, "Type": "CH", "Sub_Type": "SG", "Nrest_Gage": "11258000", "Strm_Code": "FRS", "RM_II": 48, "HR": "SJR" }, "geometry": { "type": "Point", "coordinates": [ -119.889562252961824, 37.09744840193688 ] } },
{ "type": "Feature", "properties": { "fid": 1123, "OBJECTID": 1123.0, "CalSim_ID": "MCD054", "Riv_Mi": 54.74, "Riv_Name": "Merced River", "Comment": "Merced River below Merced Falls Dam near Snelling. USGS11270900/DWRB05184", "C2VSIM_GW": null, "C2VSIM_SW": null, "CalSim2_ID": null, "Type": "CH", "Sub_Type": "SG", "Nrest_Gage": "11270900", "Strm_Code": "MCD", "RM_II": 54, "HR": "SJR" }, "geometry": { "type": "Point", "coordinates": [ -120.332118192133919, 37.521539347426398 ] } },
{ "type": "Feature", "properties": { "fid": 1124, "OBJECTID": 1124.0, "CalSim_ID": "MCD046", "Riv_Mi": 46.44, "Riv_Name": "Merced River", "Comment": "Merced River below Snelling. USGS11271250/DWRB05170.", "C2VSIM_GW": null, "C2VSIM_SW": null, "CalSim2_ID": null, "Type": "CH", "Sub_Type": "SG", "Nrest_Gage": "11271250", "Strm_Code": "MCD", "RM_II": 46, "HR": "SJR" }, "geometry": { "type": "Point", "coordinates": [ -120.449912798442725, 37.506619065085168 ] } },
{ "type": "Feature", "properties": { "fid": 1125, "OBJECTID": 1125.0, "CalSim_ID": "MCD018", "Riv_Mi": 17.51, "Riv_Name": "Merced River", "Comment": "Merced River near Livingston. USGS11271500/DWRB05139", "C2VSIM_GW": null, "C2VSIM_SW": null, "CalSim2_ID": null, "Type": "CH", "Sub_Type": "SG", "Nrest_Gage": "11271500 / DWR  B0-5139", "Strm_Code": "MCD", "RM_II": 18, "HR": "SJR" }, "geometry": { "type": "Point", "coordinates": [ -120.787026410907146, 37.391107344098565 ] } },
{ "type": "Feature", "properties": { "fid": 1126, "OBJECTID": 1126.0, "CalSim_ID": "MSN005", "Riv_Mi": 5.3, "Riv_Name": "Mud Slough", "Comment": "Mud Slough at McSwain Road near Gustine. USGS11261480/DWRB004030. Gage Located at Lat/Long from DWR Bull.230-81.", "C2VSIM_GW": null, "C2VSIM_SW": null, "CalSim2_ID": null, "Type": "CH", "Sub_Type": "SG", "Nrest_Gage": "11261480", "Strm_Code": "MSN", "RM_II": 5, "HR": "SJR" }, "geometry": { "type": "Point", "coordinates": [ -120.944240181692905, 37.291336322260321 ] } },
{ "type": "Feature", "properties": { "fid": 1127, "OBJECTID": 1127.0, "CalSim_ID": "NFY029", "Riv_Mi": 28.9, "Riv_Name": "North Yuba River", "Comment": "North Yuba River below Goodyears Bar USGS Gage - 11413000", "C2VSIM_GW": null, "C2VSIM_SW": null, "CalSim2_ID": null, "Type": "CH", "Sub_Type": "SG", "Nrest_Gage": "11413000", "Strm_Code": "NFY", "RM_II": 29, "HR": "SAC" }, "geometry": { "type": "Point", "coordinates": [ -120.938116481963078, 39.524949948795772 ] } },
{ "type": "Feature", "properties": { "fid": 1128, "OBJECTID": 1128.0, "CalSim_ID": "YUB039", "Riv_Mi": 39.29, "Riv_Name": "Yuba River", "Comment": "Confluence of North and Middle Yuba Rivers", "C2VSIM_GW": null, "C2VSIM_SW": null, "CalSim2_ID": null, "Type": "CH", "Sub_Type": "STM", "Nrest_Gage": null, "Strm_Code": "YUB", "RM_II": 39, "HR": "SAC" }, "geometry": { "type": "Point", "coordinates": [ -121.136828112800259, 39.368118680582661 ] } },
{ "type": "Feature", "properties": { "fid": 1129, "OBJECTID": 1129.0, "CalSim_ID": "MFY005", "Riv_Mi": 4.57, "Riv_Name": "Middle Yuba River", "Comment": "Confluence with Oregon Creek", "C2VSIM_GW": null, "C2VSIM_SW": null, "CalSim2_ID": null, "Type": "CH", "Sub_Type": "STM", "Nrest_Gage": null, "Strm_Code": "MFY", "RM_II": 5, "HR": "SAC" }, "geometry": { "type": "Point", "coordinates": [ -121.083810564337497, 39.394696186793674 ] } },
{ "type": "Feature", "properties": { "fid": 1130, "OBJECTID": 1130.0, "CalSim_ID": "MFY012", "Riv_Mi": 12.19, "Riv_Name": "Middle Yuba River", "Comment": "Middle Yuba River Below Our House Dam, near Camptonville - 11408880", "C2VSIM_GW": null, "C2VSIM_SW": null, "CalSim2_ID": null, "Type": "CH", "Sub_Type": "SG", "Nrest_Gage": "11408880", "Strm_Code": "MFY", "RM_II": 12, "HR": "SAC" }, "geometry": { "type": "Point", "coordinates": [ -120.998715032357325, 39.410873681913671 ] } },
{ "type": "Feature", "properties": { "fid": 1131, "OBJECTID": 1131.0, "CalSim_ID": "MFY013", "Riv_Mi": 12.29, "Riv_Name": "Middle Yuba River", "Comment": "Our House Dam diversion to Lohman Ridge Tunnel", "C2VSIM_GW": null, "C2VSIM_SW": null, "CalSim2_ID": null, "Type": "CH", "Sub_Type": "STM", "Nrest_Gage": null, "Strm_Code": "MFY", "RM_II": 13, "HR": "SAC" }, "geometry": { "type": "Point", "coordinates": [ -120.997346830785858, 39.411832951327114 ] } },
{ "type": "Feature", "properties": { "fid": 1132, "OBJECTID": 1132.0, "CalSim_ID": "OGN004", "Riv_Mi": 4.15, "Riv_Name": "Oregon Creek", "Comment": "Oregon Creek Below Log Cabin Dam near Camptonville - USGS 11409400", "C2VSIM_GW": null, "C2VSIM_SW": null, "CalSim2_ID": null, "Type": "CH", "Sub_Type": "SG", "Nrest_Gage": "11409400", "Strm_Code": "OGN", "RM_II": 4, "HR": "SAC" }, "geometry": { "type": "Point", "coordinates": [ -121.059094005102708, 39.439315734771469 ] } },
{ "type": "Feature", "properties": { "fid": 1133, "OBJECTID": 1133.0, "CalSim_ID": "CMT000", "Riv_Mi": null, "Riv_Name": "Campotonville Tunnel", "Comment": "Camptonville Tunnel At Intake near Camptonville - USGS 11409350", "C2VSIM_GW": null, "C2VSIM_SW": null, "CalSim2_ID": null, "Type": "CH", "Sub_Type": "SG", "Nrest_Gage": "11409350", "Strm_Code": "CMT", "RM_II": null, "HR": "SAC" }, "geometry": { "type": "Point", "coordinates": [ -121.059850520769231, 39.441074308817107 ] } },
{ "type": "Feature", "properties": { "fid": 1134, "OBJECTID": 1134.0, "CalSim_ID": "LRT000", "Riv_Mi": null, "Riv_Name": "Lohman Ridge Tunnel", "Comment": "Lohman Ridge Tunnel at Intake near Camptonville - USGS 11408870", "C2VSIM_GW": null, "C2VSIM_SW": null, "CalSim2_ID": null, "Type": "CH", "Sub_Type": "SG", "Nrest_Gage": "11408870", "Strm_Code": "LRT", "RM_II": null, "HR": "SAC" }, "geometry": { "type": "Point", "coordinates": [ -120.998037663867848, 39.412153267674285 ] } },
{ "type": "Feature", "properties": { "fid": 1135, "OBJECTID": 1135.0, "CalSim_ID": "YUB030", "Riv_Mi": 30.39, "Riv_Name": "Yuba River", "Comment": "Confluence with South Yuba River", "C2VSIM_GW": null, "C2VSIM_SW": null, "CalSim2_ID": null, "Type": "CH", "Sub_Type": "STM", "Nrest_Gage": null, "Strm_Code": "YUB", "RM_II": 30, "HR": "SAC" }, "geometry": { "type": "Point", "coordinates": [ -121.20907290164179, 39.296143255684584 ] } },
{ "type": "Feature", "properties": { "fid": 1136, "OBJECTID": 1136.0, "CalSim_ID": "SFY007", "Riv_Mi": 7.24, "Riv_Name": "South Yuba River", "Comment": "South Yuba River At Jones Bar near Grass Valley - 11417500", "C2VSIM_GW": null, "C2VSIM_SW": null, "CalSim2_ID": null, "Type": "CH", "Sub_Type": "SG", "Nrest_Gage": "11417500", "Strm_Code": "SFY", "RM_II": 7, "HR": "SAC" }, "geometry": { "type": "Point", "coordinates": [ -121.104558615109937, 39.292358105749521 ] } },
{ "type": "Feature", "properties": { "fid": 1137, "OBJECTID": 1137.0, "CalSim_ID": "SAC169", "Riv_Mi": 169.23, "Riv_Name": "Sacramento River", "Comment": "Sacramento River at Butte City. USGS11389000/DWRA02500", "C2VSIM_GW": null, "C2VSIM_SW": null, "CalSim2_ID": null, "Type": "CH", "Sub_Type": "SG", "Nrest_Gage": "11389000 / DWR  A0-2500", "Strm_Code": "SAC", "RM_II": 169, "HR": "SAC" }, "geometry": { "type": "Point", "coordinates": [ -121.995224169405361, 39.45764442289564 ] } },
{ "type": "Feature", "properties": { "fid": 1138, "OBJECTID": 1138.0, "CalSim_ID": "SAC061", "Riv_Mi": 62.13, "Riv_Name": "Sacramento River", "Comment": "Sacramento River at Sacramento. USGS11447500/DWRA02100", "C2VSIM_GW": null, "C2VSIM_SW": null, "CalSim2_ID": null, "Type": "CH", "Sub_Type": "SG", "Nrest_Gage": "11447500 / DWR  A0-2100", "Strm_Code": "SAC", "RM_II": 61, "HR": "SAC" }, "geometry": { "type": "Point", "coordinates": [ -121.506462692764714, 38.586255367305611 ] } },
{ "type": "Feature", "properties": { "fid": 1139, "OBJECTID": 1139.0, "CalSim_ID": "STS048", "Riv_Mi": 47.68, "Riv_Name": "Stanislaus River", "Comment": "Stanislaus River at Orange Blossom Bridge. USGS11302100/DWRB03175", "C2VSIM_GW": null, "C2VSIM_SW": null, "CalSim2_ID": null, "Type": "CH", "Sub_Type": "SG", "Nrest_Gage": "11302100", "Strm_Code": "STS", "RM_II": 48, "HR": "SJR" }, "geometry": { "type": "Point", "coordinates": [ -120.762719272901165, 37.788065113824032 ] } },
{ "type": "Feature", "properties": { "fid": 1140, "OBJECTID": 1140.0, "CalSim_ID": "50_PA2", "Riv_Mi": null, "Riv_Name": null, "Comment": "Byron Bethany I.D. within DETAW Delta", "C2VSIM_GW": null, "C2VSIM_SW": null, "CalSim2_ID": null, "Type": "PR", "Sub_Type": "A", "Nrest_Gage": null, "Strm_Code": null, "RM_II": null, "HR": "SJR" }, "geometry": { "type": "Point", "coordinates": [ -121.629065567142675, 37.869023784542271 ] } },
{ "type": "Feature", "properties": { "fid": 1141, "OBJECTID": 1141.0, "CalSim_ID": "JLIND", "Riv_Mi": null, "Riv_Name": null, "Comment": "Jenny Lind and small communities", "C2VSIM_GW": null, "C2VSIM_SW": null, "CalSim2_ID": null, "Type": "OM", "Sub_Type": "OMD", "Nrest_Gage": null, "Strm_Code": null, "RM_II": null, "HR": "SJR" }, "geometry": { "type": "Point", "coordinates": [ -120.86640663910751, 38.169358063916 ] } },
{ "type": "Feature", "properties": { "fid": 1142, "OBJECTID": 1142.0, "CalSim_ID": "MAQ012", "Riv_Mi": 11.53, "Riv_Name": "Mokelumne Aqueduct", "Comment": "Folsom South Canal Connection Project Tie-In point.", "C2VSIM_GW": null, "C2VSIM_SW": null, "CalSim2_ID": null, "Type": "CH", "Sub_Type": "CNL", "Nrest_Gage": null, "Strm_Code": "MAQ", "RM_II": 12, "HR": "SJR" }, "geometry": { "type": "Point", "coordinates": [ -121.009276610319091, 38.166659110597898 ] } },
{ "type": "Feature", "properties": { "fid": 1143, "OBJECTID": 1143.0, "CalSim_ID": "STS069", "Riv_Mi": 68.72, "Riv_Name": "Stanislaus River", "Comment": "Stanislaus River below Melones powerhouse near Sonora. USGS11299500/DWRB31260", "C2VSIM_GW": null, "C2VSIM_SW": null, "CalSim2_ID": null, "Type": "CH", "Sub_Type": "SG", "Nrest_Gage": "11299500", "Strm_Code": "STS", "RM_II": 69, "HR": "SJR" }, "geometry": { "type": "Point", "coordinates": [ -120.529521279738333, 37.946097259711429 ] } },
{ "type": "Feature", "properties": { "fid": 1144, "OBJECTID": 1144.0, "CalSim_ID": "STS060", "Riv_Mi": 60.0, "Riv_Name": "Stanislaus River", "Comment": "Stanislaus River near Knights Ferry. USGS11300000/DWRB31190", "C2VSIM_GW": null, "C2VSIM_SW": null, "CalSim2_ID": null, "Type": "CH", "Sub_Type": "SG", "Nrest_Gage": "11300000", "Strm_Code": "STS", "RM_II": 60, "HR": "SJR" }, "geometry": { "type": "Point", "coordinates": [ -120.604517336357191, 37.873677805356273 ] } },
{ "type": "Feature", "properties": { "fid": 1145, "OBJECTID": 1145.0, "CalSim_ID": "TUO004", "Riv_Mi": 3.73, "Riv_Name": "Tuolumne River", "Comment": "Tuolumne River at Tuolumne City. USGS11290200/DWRB04105", "C2VSIM_GW": null, "C2VSIM_SW": null, "CalSim2_ID": null, "Type": "CH", "Sub_Type": "SG", "Nrest_Gage": "11290200", "Strm_Code": "TUO", "RM_II": 4, "HR": "SJR" }, "geometry": { "type": "Point", "coordinates": [ -121.131490871626411, 37.602926452336675 ] } },
{ "type": "Feature", "properties": { "fid": 1146, "OBJECTID": 1146.0, "CalSim_ID": "YUB022", "Riv_Mi": 21.72, "Riv_Name": "Yuba River", "Comment": "Yuba River at Smartville. USGS11419000/DWRA61180", "C2VSIM_GW": null, "C2VSIM_SW": null, "CalSim2_ID": null, "Type": "CH", "Sub_Type": "SG", "Nrest_Gage": "11419000", "Strm_Code": "YUB", "RM_II": 22, "HR": "SAC" }, "geometry": { "type": "Point", "coordinates": [ -121.293460675635131, 39.223375435820287 ] } },
{ "type": "Feature", "properties": { "fid": 1147, "OBJECTID": 1147.0, "CalSim_ID": "BTC015", "Riv_Mi": 14.57, "Riv_Name": "Butte Creek", "Comment": "C2VSIM Node. Butte Creek near Gridley. DWRA04150", "C2VSIM_GW": "223", "C2VSIM_SW": "289", "CalSim2_ID": null, "Type": "CH", "Sub_Type": "SG", "Nrest_Gage": "DWR  A0-4150", "Strm_Code": "BTC", "RM_II": 15, "HR": "SAC" }, "geometry": { "type": "Point", "coordinates": [ -121.892747517635343, 39.361717400592468 ] } },
{ "type": "Feature", "properties": { "fid": 1148, "OBJECTID": 1148.0, "CalSim_ID": "FRS025", "Riv_Mi": 25.17, "Riv_Name": "Fresno River", "Comment": "C2VSIM node. Fresno River 8 miles west of Madera. USGS11258250/DWRB06725", "C2VSIM_GW": "822", "C2VSIM_SW": "73", "CalSim2_ID": null, "Type": "CH", "Sub_Type": "SG", "Nrest_Gage": "11258250", "Strm_Code": "FRS", "RM_II": 25, "HR": "SJR" }, "geometry": { "type": "Point", "coordinates": [ -120.201903052048351, 36.975837539441137 ] } },
{ "type": "Feature", "properties": { "fid": 1149, "OBJECTID": 1149.0, "CalSim_ID": "WBF006", "Riv_Mi": 5.96, "Riv_Name": "West Branch Feather River", "Comment": "USGS Gage 11406500. West Branch Feather River near Yankee Hill (Discontinued).", "C2VSIM_GW": null, "C2VSIM_SW": null, "CalSim2_ID": null, "Type": "CH", "Sub_Type": "SG", "Nrest_Gage": "11406500", "Strm_Code": "WBF", "RM_II": 6, "HR": "SAC" }, "geometry": { "type": "Point", "coordinates": [ -121.561605488627777, 39.698494957138678 ] } },
{ "type": "Feature", "properties": { "fid": 1150, "OBJECTID": 1150.0, "CalSim_ID": "NFF008", "Riv_Mi": 8.11, "Riv_Name": "North Fork Feather River", "Comment": "Confluence with West Branch Feather River", "C2VSIM_GW": null, "C2VSIM_SW": null, "CalSim2_ID": null, "Type": "CH", "Sub_Type": "STM", "Nrest_Gage": null, "Strm_Code": "NFF", "RM_II": 8, "HR": "SAC" }, "geometry": { "type": "Point", "coordinates": [ -121.496895730810763, 39.66372745059104 ] } },
{ "type": "Feature", "properties": { "fid": 1151, "OBJECTID": 1151.0, "CalSim_ID": "NFF027", "Riv_Mi": 26.59, "Riv_Name": "North Fork Feather River", "Comment": "USGS Gage 11404500 North Fork Feather River at Pulga Road", "C2VSIM_GW": null, "C2VSIM_SW": null, "CalSim2_ID": null, "Type": "CH", "Sub_Type": "SG", "Nrest_Gage": "11404500", "Strm_Code": "NFF", "RM_II": 27, "HR": "SAC" }, "geometry": { "type": "Point", "coordinates": [ -121.451893505180308, 39.79439221618933 ] } },
{ "type": "Feature", "properties": { "fid": 1152, "OBJECTID": 1152.0, "CalSim_ID": "SAC076", "Riv_Mi": 76.0, "Riv_Name": "Sacramento River", "Comment": "Expanded Elkhorn Pumping Plant", "C2VSIM_GW": null, "C2VSIM_SW": null, "CalSim2_ID": null, "Type": "CH", "Sub_Type": "STM", "Nrest_Gage": null, "Strm_Code": "SAC", "RM_II": 76, "HR": "SAC" }, "geometry": { "type": "Point", "coordinates": [ -121.619324264403318, 38.705478108109325 ] } },
{ "type": "Feature", "properties": { "fid": 1153, "OBJECTID": 1153.0, "CalSim_ID": "MFY044", "Riv_Mi": 44.32, "Riv_Name": "Middle Yuba River", "Comment": "Middle Yuba River below Milton Dam. USGS 11408550", "C2VSIM_GW": null, "C2VSIM_SW": null, "CalSim2_ID": null, "Type": "CH", "Sub_Type": "SG", "Nrest_Gage": "11408550", "Strm_Code": "MFY", "RM_II": 44, "HR": "SAC" }, "geometry": { "type": "Point", "coordinates": [ -120.583427529854603, 39.521803406832547 ] } },
{ "type": "Feature", "properties": { "fid": 1154, "OBJECTID": 1154.0, "CalSim_ID": "MFY045", "Riv_Mi": 44.38, "Riv_Name": "Middle Yuba River", "Comment": "Middle Yuba River at Milton Dam. USGS 11408500", "C2VSIM_GW": null, "C2VSIM_SW": null, "CalSim2_ID": null, "Type": "CH", "Sub_Type": "SG", "Nrest_Gage": "11408500", "Strm_Code": "MFY", "RM_II": 45, "HR": "SAC" }, "geometry": { "type": "Point", "coordinates": [ -120.582563722265107, 39.522233199174082 ] } },
{ "type": "Feature", "properties": { "fid": 1155, "OBJECTID": 1155.0, "CalSim_ID": "SFF002", "Riv_Mi": 2.45, "Riv_Name": "South Fork Feather River", "Comment": "Confluence with Middle Fork Feather River", "C2VSIM_GW": null, "C2VSIM_SW": null, "CalSim2_ID": null, "Type": "CH", "Sub_Type": "STM", "Nrest_Gage": null, "Strm_Code": "SFF", "RM_II": 2, "HR": "SAC" }, "geometry": { "type": "Point", "coordinates": [ -121.42394450654848, 39.550678543010456 ] } },
{ "type": "Feature", "properties": { "fid": 1156, "OBJECTID": 1156.0, "CalSim_ID": "MFF019", "Riv_Mi": 18.91, "Riv_Name": "Middle Fork Feather River", "Comment": "USGS Gage 11394500 Middle Fork Feather River near Merrimac (discontinued)", "C2VSIM_GW": null, "C2VSIM_SW": null, "CalSim2_ID": null, "Type": "CH", "Sub_Type": "SG", "Nrest_Gage": "11394500", "Strm_Code": "MFF", "RM_II": 19, "HR": "SAC" }, "geometry": { "type": "Point", "coordinates": [ -121.270861823528051, 39.708148624695632 ] } },
{ "type": "Feature", "properties": { "fid": 1157, "OBJECTID": 1157.0, "CalSim_ID": "SFF008", "Riv_Mi": 7.717, "Riv_Name": "South Fork Feather River", "Comment": "USGS 11397000 South Fork Feather River at Enterprise (discontinued)", "C2VSIM_GW": null, "C2VSIM_SW": null, "CalSim2_ID": null, "Type": "CH", "Sub_Type": "SG", "Nrest_Gage": "11397000", "Strm_Code": "SFF", "RM_II": 8, "HR": "SAC" }, "geometry": { "type": "Point", "coordinates": [ -121.346782807425058, 39.536599966312032 ] } },
{ "type": "Feature", "properties": { "fid": 1158, "OBJECTID": 1158.0, "CalSim_ID": "SFF018", "Riv_Mi": 18.141, "Riv_Name": "South Fork Feather River", "Comment": "USGS 11396200 South Fork Feather River below Forbestown Dam", "C2VSIM_GW": null, "C2VSIM_SW": null, "CalSim2_ID": null, "Type": "CH", "Sub_Type": "SG", "Nrest_Gage": "11396200", "Strm_Code": "SFF", "RM_II": 18, "HR": "SAC" }, "geometry": { "type": "Point", "coordinates": [ -121.210302712243504, 39.551617051312171 ] } },
{ "type": "Feature", "properties": { "fid": 1159, "OBJECTID": 1159.0, "CalSim_ID": "SAC136", "Riv_Mi": 136.46, "Riv_Name": "Sacramento River", "Comment": "Diversion point to 18_SA", "C2VSIM_GW": null, "C2VSIM_SW": null, "CalSim2_ID": null, "Type": "CH", "Sub_Type": "STM", "Nrest_Gage": null, "Strm_Code": "SAC", "RM_II": 136, "HR": "SAC" }, "geometry": { "type": "Point", "coordinates": [ -121.917201480373421, 39.147292159094413 ] } },
{ "type": "Feature", "properties": { "fid": 1160, "OBJECTID": 1160.0, "CalSim_ID": "SAC195", "Riv_Mi": 195.57, "Riv_Name": "Sacramento River", "Comment": "City of Chico WWTP Outfall (existing:Planned 1200'DS)", "C2VSIM_GW": null, "C2VSIM_SW": null, "CalSim2_ID": null, "Type": "CH", "Sub_Type": "STM", "Nrest_Gage": null, "Strm_Code": "SAC", "RM_II": 195, "HR": "SAC" }, "geometry": { "type": "Point", "coordinates": [ -121.942140185268869, 39.694585707581261 ] } },
{ "type": "Feature", "properties": { "fid": 1161, "OBJECTID": 1161.0, "CalSim_ID": "MTC000", "Riv_Mi": 0.0, "Riv_Name": "M and T Main Canal", "Comment": null, "C2VSIM_GW": null, "C2VSIM_SW": null, "CalSim2_ID": null, "Type": "CH", "Sub_Type": "CNL", "Nrest_Gage": null, "Strm_Code": "MTC", "RM_II": 0, "HR": "SAC" }, "geometry": { "type": "Point", "coordinates": [ -121.928963191214507, 39.703643268751073 ] } },
{ "type": "Feature", "properties": { "fid": 1162, "OBJECTID": 1162.0, "CalSim_ID": "BSL000", "Riv_Mi": 0.0, "Riv_Name": "Butte Slough", "Comment": "Butte Slough at Outfall Gates near Meridian. USGS 11390385", "C2VSIM_GW": null, "C2VSIM_SW": null, "CalSim2_ID": null, "Type": "CH", "Sub_Type": "SG", "Nrest_Gage": "11390385", "Strm_Code": "BSL", "RM_II": 0, "HR": "SAC" }, "geometry": { "type": "Point", "coordinates": [ -121.935785970838467, 39.195131919723195 ] } },
{ "type": "Feature", "properties": { "fid": 1163, "OBJECTID": 1163.0, "CalSim_ID": "DRC005", "Riv_Mi": 4.82, "Riv_Name": "Deer Creek", "Comment": "Vina Diversion Dam", "C2VSIM_GW": "100", "C2VSIM_SW": "257", "CalSim2_ID": null, "Type": "CH", "Sub_Type": "STM", "Nrest_Gage": null, "Strm_Code": "DRC", "RM_II": 5, "HR": "SAC" }, "geometry": { "type": "Point", "coordinates": [ -122.034235045242852, 39.96319444027403 ] } },
{ "type": "Feature", "properties": { "fid": 1164, "OBJECTID": 1164.0, "CalSim_ID": "CCC019", "Riv_Mi": 19.41, "Riv_Name": "Contra Costa Canal", "Comment": "Mallard Pipeline Tie-in", "C2VSIM_GW": null, "C2VSIM_SW": null, "CalSim2_ID": null, "Type": "CH", "Sub_Type": "CNL", "Nrest_Gage": null, "Strm_Code": "CCC", "RM_II": 19, "HR": "SAC" }, "geometry": { "type": "Point", "coordinates": [ -121.938440526064056, 38.019568279910828 ] } },
{ "type": "Feature", "properties": { "fid": 1165, "OBJECTID": 1165.0, "CalSim_ID": "ANTOC", "Riv_Mi": null, "Riv_Name": null, "Comment": "City of Antioch off-model demand for deliveries from Rodger's Point and CCWD.", "C2VSIM_GW": null, "C2VSIM_SW": null, "CalSim2_ID": null, "Type": "OM", "Sub_Type": "OMD", "Nrest_Gage": null, "Strm_Code": null, "RM_II": null, "HR": "SAC" }, "geometry": { "type": "Point", "coordinates": [ -121.810288882640748, 37.990499082753047 ] } },
{ "type": "Feature", "properties": { "fid": 1166, "OBJECTID": 1166.0, "CalSim_ID": "CHIPPS", "Riv_Mi": null, "Riv_Name": null, "Comment": "Post NDO node for CCWD diversion at Mallard Slough", "C2VSIM_GW": null, "C2VSIM_SW": null, "CalSim2_ID": null, "Type": "CH", "Sub_Type": "NA", "Nrest_Gage": null, "Strm_Code": null, "RM_II": null, "HR": "SAC" }, "geometry": { "type": "Point", "coordinates": [ -121.928224335987281, 38.047395184487499 ] } },
{ "type": "Feature", "properties": { "fid": 1167, "OBJECTID": 1167.0, "CalSim_ID": "WTPDEF", "Riv_Mi": null, "Riv_Name": null, "Comment": "City of Vacaville Diatamaceous Earth Water Treatment Plant", "C2VSIM_GW": null, "C2VSIM_SW": null, "CalSim2_ID": null, "Type": "WTP", "Sub_Type": null, "Nrest_Gage": null, "Strm_Code": null, "RM_II": null, "HR": "SAC" }, "geometry": { "type": "Point", "coordinates": [ -121.96346435006862, 38.353647511018345 ] } },
{ "type": "Feature", "properties": { "fid": 1168, "OBJECTID": 1168.0, "CalSim_ID": "PSC013", "Riv_Mi": 12.97, "Riv_Name": "Putah South Canal", "Comment": "Diversion to Vacaville DE WTP", "C2VSIM_GW": null, "C2VSIM_SW": null, "CalSim2_ID": null, "Type": "CH", "Sub_Type": "CNL", "Nrest_Gage": null, "Strm_Code": "PSC", "RM_II": 13, "HR": "SAC" }, "geometry": { "type": "Point", "coordinates": [ -121.959171116204189, 38.353719348806635 ] } },
{ "type": "Feature", "properties": { "fid": 1169, "OBJECTID": 1169.0, "CalSim_ID": "RVC000", "Riv_Mi": 0.0, "Riv_Name": "Richvale ID Canal", "Comment": "USGS 11406890", "C2VSIM_GW": null, "C2VSIM_SW": null, "CalSim2_ID": null, "Type": "CH", "Sub_Type": "SG", "Nrest_Gage": "11406890", "Strm_Code": "RVC", "RM_II": 0, "HR": "SAC" }, "geometry": { "type": "Point", "coordinates": [ -121.685857037448073, 39.504942458693371 ] } },
{ "type": "Feature", "properties": { "fid": 1170, "OBJECTID": 1170.0, "CalSim_ID": "HKC002", "Riv_Mi": 2.46, "Riv_Name": "Toadtown/Hendricks Canal", "Comment": "Diversion Dam at Little West Fork of Feather River", "C2VSIM_GW": null, "C2VSIM_SW": null, "CalSim2_ID": null, "Type": "CH", "Sub_Type": "SG", "Nrest_Gage": "11405220", "Strm_Code": "HKC", "RM_II": 2, "HR": "SAC" }, "geometry": { "type": "Point", "coordinates": [ -121.542481923425996, 39.907227551167111 ] } },
{ "type": "Feature", "properties": { "fid": 1171, "OBJECTID": 1171.0, "CalSim_ID": "SFF039", "Riv_Mi": 38.5, "Riv_Name": "Sourth Fork Feather River", "Comment": "South Fork Feather River below Little Grass Valley Dam. USGS 11395030", "C2VSIM_GW": null, "C2VSIM_SW": null, "CalSim2_ID": null, "Type": "CH", "Sub_Type": "SG", "Nrest_Gage": "11395030", "Strm_Code": "SFF", "RM_II": 39, "HR": "SAC" }, "geometry": { "type": "Point", "coordinates": [ -121.022273663102666, 39.723975321523433 ] } },
{ "type": "Feature", "properties": { "fid": 1172, "OBJECTID": 1172.0, "CalSim_ID": "SFF028", "Riv_Mi": 28.87, "Riv_Name": "South Fork Feather River", "Comment": "South Fork Feather River below Diversion Dam near Strawberry. USGS 11395200", "C2VSIM_GW": null, "C2VSIM_SW": null, "CalSim2_ID": null, "Type": "CH", "Sub_Type": "SG", "Nrest_Gage": "11395200", "Strm_Code": "SFF", "RM_II": 28, "HR": "SAC" }, "geometry": { "type": "Point", "coordinates": [ -121.11884470319518, 39.647386133996328 ] } },
{ "type": "Feature", "properties": { "fid": 1173, "OBJECTID": 1173.0, "CalSim_ID": "CLLPT", "Riv_Mi": null, "Riv_Name": null, "Comment": "Represent 19 water agencies that divert from Clear Lake", "C2VSIM_GW": null, "C2VSIM_SW": null, "CalSim2_ID": null, "Type": "OM", "Sub_Type": "OMD", "Nrest_Gage": null, "Strm_Code": null, "RM_II": null, "HR": "SAC" }, "geometry": { "type": "Point", "coordinates": [ -122.775207742360706, 38.884841744206611 ] } },
{ "type": "Feature", "properties": { "fid": 1174, "OBJECTID": 1174.0, "CalSim_ID": "ABN014", "Riv_Mi": 14.0, "Riv_Name": "Auburn Ravine", "Comment": "NID gaging station at Lincoln", "C2VSIM_GW": null, "C2VSIM_SW": null, "CalSim2_ID": null, "Type": "CH", "Sub_Type": "SG", "Nrest_Gage": "NID Lincoln Gage", "Strm_Code": "ABN", "RM_II": 14, "HR": "SAC" }, "geometry": { "type": "Point", "coordinates": [ -121.298222074839146, 38.883124943974295 ] } },
{ "type": "Feature", "properties": { "fid": 1175, "OBJECTID": 1175.0, "CalSim_ID": "TTC000", "Riv_Mi": 0.0, "Riv_Name": "Toadtown Canal", "Comment": "Toadtown Canal begins and Hendricks Canal ends here at the Toadtown Powerhouse.", "C2VSIM_GW": null, "C2VSIM_SW": null, "CalSim2_ID": null, "Type": "CH", "Sub_Type": "CNL", "Nrest_Gage": null, "Strm_Code": "TTC", "RM_II": 0, "HR": "SAC" }, "geometry": { "type": "Point", "coordinates": [ -121.593295757293092, 39.893422266577211 ] } },
{ "type": "Feature", "properties": { "fid": 1176, "OBJECTID": 1176.0, "CalSim_ID": "WBF039", "Riv_Mi": 38.86, "Riv_Name": "West Branch Feather River", "Comment": "Confluence with Philbrook Creek.", "C2VSIM_GW": null, "C2VSIM_SW": null, "CalSim2_ID": null, "Type": "CH", "Sub_Type": "STM", "Nrest_Gage": null, "Strm_Code": "WBF", "RM_II": 39, "HR": "SAC" }, "geometry": { "type": "Point", "coordinates": [ -121.510978132501549, 40.031713118874947 ] } },
{ "type": "Feature", "properties": { "fid": 1177, "OBJECTID": 1177.0, "CalSim_ID": "RVPHB", "Riv_Mi": 2.36, "Riv_Name": "Philbrook Creek", "Comment": "Conceptual Reservoir combining Round Valley and Philbrook Reservoir inflows. USGS 11405100, USGS 11405075", "C2VSIM_GW": null, "C2VSIM_SW": null, "CalSim2_ID": null, "Type": "STR", "Sub_Type": "SIM", "Nrest_Gage": "USGS 11405100, USGS 11405075", "Strm_Code": "PHB", "RM_II": 2, "HR": "SAC" }, "geometry": { "type": "Point", "coordinates": [ -121.473164111901625, 40.031196096651904 ] } },
{ "type": "Feature", "properties": { "fid": 1178, "OBJECTID": 1178.0, "CalSim_ID": "SFD003", "Riv_Mi": 3.217, "Riv_Name": "South Fork Deer Creek", "Comment": "South Fork Deer Creek diversion point for Upper Cascade Canal", "C2VSIM_GW": null, "C2VSIM_SW": null, "CalSim2_ID": null, "Type": "CH", "Sub_Type": "STM", "Nrest_Gage": null, "Strm_Code": "SFD", "RM_II": 3, "HR": "SAC" }, "geometry": { "type": "Point", "coordinates": [ -120.845294914381512, 39.298633468013591 ] } },
{ "type": "Feature", "properties": { "fid": 1179, "OBJECTID": 1179.0, "CalSim_ID": "SYC020", "Riv_Mi": 19.88, "Riv_Name": "South Fork Deer Creek", "Comment": "Deer Creek Powerhouse near Washington.  USGS 11414205", "C2VSIM_GW": null, "C2VSIM_SW": null, "CalSim2_ID": null, "Type": "CH", "Sub_Type": "SG", "Nrest_Gage": "11414205", "Strm_Code": "SFD", "RM_II": 20, "HR": "SAC" }, "geometry": { "type": "Point", "coordinates": [ -120.844108424611676, 39.298229576835979 ] } },
{ "type": "Feature", "properties": { "fid": 1180, "OBJECTID": 1180.0, "CalSim_ID": "SYC002", "Riv_Mi": 1.58, "Riv_Name": "South Yuba Canal", "Comment": "South Yuba Canal near Emigrant Gap. USGS 11414200", "C2VSIM_GW": null, "C2VSIM_SW": null, "CalSim2_ID": null, "Type": "CH", "Sub_Type": "SG", "Nrest_Gage": "11414200", "Strm_Code": "SYC", "RM_II": 2, "HR": "SAC" }, "geometry": { "type": "Point", "coordinates": [ -120.662829223470879, 39.313400970814108 ] } },
{ "type": "Feature", "properties": { "fid": 1181, "OBJECTID": 1181.0, "CalSim_ID": "SCOTF", "Riv_Mi": 24.0, "Riv_Name": "Deer Creek", "Comment": "Scott Flat Reservoir", "C2VSIM_GW": null, "C2VSIM_SW": null, "CalSim2_ID": null, "Type": "STR", "Sub_Type": null, "Nrest_Gage": null, "Strm_Code": "DER", "RM_II": 24, "HR": "SAC" }, "geometry": { "type": "Point", "coordinates": [ -120.929006777985734, 39.270954735410825 ] } },
{ "type": "Feature", "properties": { "fid": 1182, "OBJECTID": 1182.0, "CalSim_ID": "DER022", "Riv_Mi": 22.47, "Riv_Name": "Deer Creek", "Comment": "DS Canal Diversion at Deer Creek Reservoir", "C2VSIM_GW": null, "C2VSIM_SW": null, "CalSim2_ID": null, "Type": "CH", "Sub_Type": "STM", "Nrest_Gage": null, "Strm_Code": "DER", "RM_II": 22, "HR": "SAC" }, "geometry": { "type": "Point", "coordinates": [ -120.953752482912819, 39.26935079468219 ] } },
{ "type": "Feature", "properties": { "fid": 1183, "OBJECTID": 1183.0, "CalSim_ID": "DER018", "Riv_Mi": 17.81, "Riv_Name": "Deer Creek", "Comment": "Newtown Canal Diversion", "C2VSIM_GW": null, "C2VSIM_SW": null, "CalSim2_ID": null, "Type": "CH", "Sub_Type": "STM", "Nrest_Gage": null, "Strm_Code": "DER", "RM_II": 18, "HR": "SAC" }, "geometry": { "type": "Point", "coordinates": [ -121.024647906420896, 39.260696879752992 ] } },
{ "type": "Feature", "properties": { "fid": 1184, "OBJECTID": 1184.0, "CalSim_ID": "DER011", "Riv_Mi": 10.82, "Riv_Name": "Deer Creek", "Comment": "Tunnel Canal Diversion", "C2VSIM_GW": null, "C2VSIM_SW": null, "CalSim2_ID": null, "Type": "CH", "Sub_Type": "STM", "Nrest_Gage": null, "Strm_Code": "DER", "RM_II": 11, "HR": "SAC" }, "geometry": { "type": "Point", "coordinates": [ -121.129113409898565, 39.244790877200032 ] } },
{ "type": "Feature", "properties": { "fid": 1185, "OBJECTID": 1185.0, "CalSim_ID": "DER002", "Riv_Mi": 2.48, "Riv_Name": "Deer Creek", "Comment": "NID Return Flow via Squirrel Creek", "C2VSIM_GW": null, "C2VSIM_SW": null, "CalSim2_ID": null, "Type": "CH", "Sub_Type": "STM", "Nrest_Gage": null, "Strm_Code": "DER", "RM_II": 2, "HR": "SAC" }, "geometry": { "type": "Point", "coordinates": [ -121.245168534942906, 39.229330249597517 ] } },
{ "type": "Feature", "properties": { "fid": 1186, "OBJECTID": 1186.0, "CalSim_ID": "DER004", "Riv_Mi": 4.36, "Riv_Name": "Deer Creek", "Comment": "Lake Wildwood Dam and Ketone Canal Diversion", "C2VSIM_GW": null, "C2VSIM_SW": null, "CalSim2_ID": null, "Type": "CH", "Sub_Type": "STM", "Nrest_Gage": null, "Strm_Code": "DER", "RM_II": 4, "HR": "SAC" }, "geometry": { "type": "Point", "coordinates": [ -121.217326908141217, 39.236056934020191 ] } },
{ "type": "Feature", "properties": { "fid": 1187, "OBJECTID": 1187.0, "CalSim_ID": "YUB034", "Riv_Mi": 33.5, "Riv_Name": "Yuba River", "Comment": "PH  outlet on Yuba River below New Bullards Bar Reservoir", "C2VSIM_GW": null, "C2VSIM_SW": null, "CalSim2_ID": null, "Type": "CH", "Sub_Type": "STM", "Nrest_Gage": null, "Strm_Code": "YUB", "RM_II": 34, "HR": "SAC" }, "geometry": { "type": "Point", "coordinates": [ -121.191617067182094, 39.330276831973137 ] } },
{ "type": "Feature", "properties": { "fid": 1188, "OBJECTID": 1188.0, "CalSim_ID": "CGT005", "Riv_Mi": 4.93, "Riv_Name": "Colgate Tunnel/Penstock", "Comment": "Browns Valley ID Diversion from Colgate Tunnel (Abandoned?)", "C2VSIM_GW": null, "C2VSIM_SW": null, "CalSim2_ID": null, "Type": "CH", "Sub_Type": "STM", "Nrest_Gage": null, "Strm_Code": "CGT", "RM_II": 5, "HR": "SAC" }, "geometry": { "type": "Point", "coordinates": [ -121.192187189458252, 39.336727153634698 ] } },
{ "type": "Feature", "properties": { "fid": 1189, "OBJECTID": 1189.0, "CalSim_ID": "EAWWTP", "Riv_Mi": null, "Riv_Name": null, "Comment": "City of Vacaville Easterly Wastewater Treatment Plant", "C2VSIM_GW": null, "C2VSIM_SW": null, "CalSim2_ID": null, "Type": "WWTP", "Sub_Type": "NA", "Nrest_Gage": null, "Strm_Code": null, "RM_II": null, "HR": "SAC" }, "geometry": { "type": "Point", "coordinates": [ -121.903639416484793, 38.34532075238446 ] } },
{ "type": "Feature", "properties": { "fid": 1190, "OBJECTID": 1190.0, "CalSim_ID": "WLWWTP", "Riv_Mi": null, "Riv_Name": null, "Comment": "City of Woodland Wastewater Treatment Plant", "C2VSIM_GW": null, "C2VSIM_SW": null, "CalSim2_ID": null, "Type": "WWTP", "Sub_Type": "NA", "Nrest_Gage": null, "Strm_Code": null, "RM_II": null, "HR": "SAC" }, "geometry": { "type": "Point", "coordinates": [ -121.712721217188886, 38.661536651937055 ] } },
{ "type": "Feature", "properties": { "fid": 1191, "OBJECTID": 1191.0, "CalSim_ID": "DVWWTP", "Riv_Mi": null, "Riv_Name": null, "Comment": "City of Davis Wastewater Treatment Plant", "C2VSIM_GW": null, "C2VSIM_SW": null, "CalSim2_ID": null, "Type": "WWTP", "Sub_Type": "NA", "Nrest_Gage": null, "Strm_Code": null, "RM_II": null, "HR": "SAC" }, "geometry": { "type": "Point", "coordinates": [ -121.671141551364769, 38.594874523625364 ] } },
{ "type": "Feature", "properties": { "fid": 1192, "OBJECTID": 1192.0, "CalSim_ID": "WSB005", "Riv_Mi": 5.0, "Riv_Name": "Willow Slough Bypass", "Comment": "Return flow from City of Davis WWTP", "C2VSIM_GW": null, "C2VSIM_SW": null, "CalSim2_ID": null, "Type": "CH", "Sub_Type": "STM", "Nrest_Gage": null, "Strm_Code": "WSB", "RM_II": 5, "HR": "SAC" }, "geometry": { "type": "Point", "coordinates": [ -121.666491468186152, 38.5901329461554 ] } },
{ "type": "Feature", "properties": { "fid": 1193, "OBJECTID": 1193.0, "CalSim_ID": "ABN006", "Riv_Mi": 6.49, "Riv_Name": "Auburn Ravine", "Comment": "South Sutter Water District Diversions at Aitken Ranch, Tom Glenn and Davis Dams on Auburn Ravine and Coppin Dam on Cross Canal.", "C2VSIM_GW": null, "C2VSIM_SW": null, "CalSim2_ID": null, "Type": "CH", "Sub_Type": "STM", "Nrest_Gage": null, "Strm_Code": "ABN", "RM_II": 6, "HR": "SAC" }, "geometry": { "type": "Point", "coordinates": [ -121.414477044770024, 38.861844521066807 ] } },
{ "type": "Feature", "properties": { "fid": 1194, "OBJECTID": 1194.0, "CalSim_ID": "LVP007", "Riv_Mi": 7.05, "Riv_Name": "Los Vaqueros Pipeline", "Comment": "Intertie with Mokelumne Canal", "C2VSIM_GW": null, "C2VSIM_SW": null, "CalSim2_ID": null, "Type": "CH", "Sub_Type": "CNL", "Nrest_Gage": null, "Strm_Code": "LVP", "RM_II": 7, "HR": "SJR" }, "geometry": { "type": "Point", "coordinates": [ -121.742889848439148, 37.960280550156895 ] } },
{ "type": "Feature", "properties": { "fid": 1195, "OBJECTID": 1195.0, "CalSim_ID": "MAQ057", "Riv_Mi": 56.98, "Riv_Name": "Mokelumne Aqueduct", "Comment": null, "C2VSIM_GW": null, "C2VSIM_SW": null, "CalSim2_ID": null, "Type": "CH", "Sub_Type": "CNL", "Nrest_Gage": null, "Strm_Code": "MAQ", "RM_II": 57, "HR": "SJR" }, "geometry": { "type": "Point", "coordinates": [ -121.735127879490776, 37.954155688388127 ] } },
{ "type": "Feature", "properties": { "fid": 1196, "OBJECTID": 1196.0, "CalSim_ID": "MAQ001", "Riv_Mi": 1.32, "Riv_Name": "Mokelumne Aqueduct", "Comment": null, "C2VSIM_GW": null, "C2VSIM_SW": null, "CalSim2_ID": null, "Type": "CH", "Sub_Type": "CNL", "Nrest_Gage": null, "Strm_Code": "MAQ", "RM_II": 1, "HR": "SJR" }, "geometry": { "type": "Point", "coordinates": [ -120.849851456720941, 38.238135156490756 ] } },
{ "type": "Feature", "properties": { "fid": 1197, "OBJECTID": 1197.0, "CalSim_ID": "LST003", "Riv_Mi": 3.36, "Riv_Name": "Lost Creek", "Comment": "Combined Lost Creek near Clipper Mills plus Woodleaf Powerhouse near Woodleaf.  USGS 11396000 + USGS 11396090", "C2VSIM_GW": null, "C2VSIM_SW": null, "CalSim2_ID": null, "Type": "CH", "Sub_Type": "SG", "Nrest_Gage": "11396000 / 11396090", "Strm_Code": "LST", "RM_II": 3, "HR": "SAC" }, "geometry": { "type": "Point", "coordinates": [ -121.141961838540738, 39.57377042966003 ] } },
{ "type": "Feature", "properties": { "fid": 1198, "OBJECTID": 1198.0, "CalSim_ID": "BRR072", "Riv_Mi": 71.65, "Riv_Name": "Bear River", "Comment": "Historical Upper Boardman Canal Diversion", "C2VSIM_GW": null, "C2VSIM_SW": null, "CalSim2_ID": null, "Type": "CH", "Sub_Type": "STM", "Nrest_Gage": null, "Strm_Code": "BRR", "RM_II": 72, "HR": "SAC" }, "geometry": { "type": "Point", "coordinates": [ -120.698615510052747, 39.300331268873457 ] } },
{ "type": "Feature", "properties": { "fid": 1199, "OBJECTID": 1199.0, "CalSim_ID": "WTPDWP", "Riv_Mi": null, "Riv_Name": null, "Comment": "Proposed Woodland-Davis Project Water Treatment Plant", "C2VSIM_GW": null, "C2VSIM_SW": null, "CalSim2_ID": null, "Type": "WTP", "Sub_Type": "PRP", "Nrest_Gage": null, "Strm_Code": null, "RM_II": null, "HR": "SAC" }, "geometry": { "type": "Point", "coordinates": [ -121.704891854170853, 38.668301273237446 ] } },
{ "type": "Feature", "properties": { "fid": 1200, "OBJECTID": 1200.0, "CalSim_ID": "WTPBLV", "Riv_Mi": null, "Riv_Name": null, "Comment": "Bella Vista Water Treatment Plant", "C2VSIM_GW": null, "C2VSIM_SW": null, "CalSim2_ID": null, "Type": "WTP", "Sub_Type": null, "Nrest_Gage": null, "Strm_Code": null, "RM_II": null, "HR": "SAC" }, "geometry": { "type": "Point", "coordinates": [ -122.352795689615334, 40.598288838768127 ] } },
{ "type": "Feature", "properties": { "fid": 1201, "OBJECTID": 1201.0, "CalSim_ID": "LCWWTP", "Riv_Mi": null, "Riv_Name": null, "Comment": "Linda County Water District Wastewater Treatment Plant", "C2VSIM_GW": null, "C2VSIM_SW": null, "CalSim2_ID": null, "Type": "WWTP", "Sub_Type": "NA", "Nrest_Gage": null, "Strm_Code": null, "RM_II": null, "HR": "SAC" }, "geometry": { "type": "Point", "coordinates": [ -121.584206068895398, 39.098288581688976 ] } },
{ "type": "Feature", "properties": { "fid": 1202, "OBJECTID": 1202.0, "CalSim_ID": "CGT006", "Riv_Mi": 5.34, "Riv_Name": "Colgate Tunnel", "Comment": "Colgate Powerhouse near French Corral. USGS 11413510", "C2VSIM_GW": null, "C2VSIM_SW": null, "CalSim2_ID": null, "Type": "CH", "Sub_Type": "SG", "Nrest_Gage": "11413510", "Strm_Code": "CGT", "RM_II": 6, "HR": "SAC" }, "geometry": { "type": "Point", "coordinates": [ -121.191538539161613, 39.330951297356371 ] } },
{ "type": "Feature", "properties": { "fid": 1203, "OBJECTID": 1203.0, "CalSim_ID": "NFY002", "Riv_Mi": 2.12, "Riv_Name": "North Yuba River", "Comment": "North Yuba River below New Bullards Bar Dam. USGS 11413520", "C2VSIM_GW": null, "C2VSIM_SW": null, "CalSim2_ID": null, "Type": "CH", "Sub_Type": "SG", "Nrest_Gage": "11413520 / 11413517", "Strm_Code": "NFY", "RM_II": 2, "HR": "SAC" }, "geometry": { "type": "Point", "coordinates": [ -121.144148553262511, 39.390496488569163 ] } },
{ "type": "Feature", "properties": { "fid": 1204, "OBJECTID": 1204.0, "CalSim_ID": "MFY046", "Riv_Mi": 45.765, "Riv_Name": "Middle Yuba River", "Comment": "Middle Yuba River below Jackson Meadows Dam. USGS 11407900", "C2VSIM_GW": null, "C2VSIM_SW": null, "CalSim2_ID": null, "Type": "CH", "Sub_Type": "SG", "Nrest_Gage": "11407900", "Strm_Code": "MFY", "RM_II": 46, "HR": "SAC" }, "geometry": { "type": "Point", "coordinates": [ -120.562156394886046, 39.515846260901192 ] } },
{ "type": "Feature", "properties": { "fid": 1205, "OBJECTID": 1205.0, "CalSim_ID": "JKSMD", "Riv_Mi": 46.524, "Riv_Name": "Middle Yuba River", "Comment": "Jackson Meadows Reservoir/Dam", "C2VSIM_GW": null, "C2VSIM_SW": null, "CalSim2_ID": null, "Type": "STR", "Sub_Type": null, "Nrest_Gage": null, "Strm_Code": null, "RM_II": null, "HR": "SAC" }, "geometry": { "type": "Point", "coordinates": [ -120.555815936874637, 39.508704458517911 ] } },
{ "type": "Feature", "properties": { "fid": 1206, "OBJECTID": 1206.0, "CalSim_ID": "CCS009", "Riv_Mi": 9.456, "Riv_Name": "Canyon Creek (South)", "Comment": "Canyon Creek below Bowman Lake. USGS 11416500", "C2VSIM_GW": null, "C2VSIM_SW": null, "CalSim2_ID": null, "Type": "CH", "Sub_Type": "SG", "Nrest_Gage": "11416500", "Strm_Code": "CCS", "RM_II": 9, "HR": "SAC" }, "geometry": { "type": "Point", "coordinates": [ -120.661526810572227, 39.439640464393833 ] } },
{ "type": "Feature", "properties": { "fid": 1207, "OBJECTID": 1207.0, "CalSim_ID": "SFY033", "Riv_Mi": 33.184, "Riv_Name": "South Yuba River", "Comment": "Confluence with Canyon Creek (South)", "C2VSIM_GW": null, "C2VSIM_SW": null, "CalSim2_ID": null, "Type": "CH", "Sub_Type": "STM", "Nrest_Gage": null, "Strm_Code": "SFY", "RM_II": 33, "HR": "SAC" }, "geometry": { "type": "Point", "coordinates": [ -120.750173936708791, 39.360975454719267 ] } },
{ "type": "Feature", "properties": { "fid": 1208, "OBJECTID": 1208.0, "CalSim_ID": "CCS010", "Riv_Mi": 10.28, "Riv_Name": "Canyon Creek (South)", "Comment": "Bowman-Spaulding Conduit diversion dam.", "C2VSIM_GW": null, "C2VSIM_SW": null, "CalSim2_ID": null, "Type": "CH", "Sub_Type": "STM", "Nrest_Gage": null, "Strm_Code": "SFY", "RM_II": 10, "HR": "SAC" }, "geometry": { "type": "Point", "coordinates": [ -120.655214212643443, 39.446796049968249 ] } },
{ "type": "Feature", "properties": { "fid": 1209, "OBJECTID": 1209.0, "CalSim_ID": "BOWMN", "Riv_Mi": 10.5, "Riv_Name": "Canyon Creek (South)", "Comment": "Bowman Lake/Dam", "C2VSIM_GW": null, "C2VSIM_SW": null, "CalSim2_ID": null, "Type": "STR", "Sub_Type": null, "Nrest_Gage": null, "Strm_Code": "CCS", "RM_II": 11, "HR": "SAC" }, "geometry": { "type": "Point", "coordinates": [ -120.652016011857626, 39.448508167654005 ] } },
{ "type": "Feature", "properties": { "fid": 1210, "OBJECTID": 1210.0, "CalSim_ID": "BSC000", "Riv_Mi": 0.581, "Riv_Name": "Bowman-Spaulding Conduit", "Comment": "Bowman-Spaulding Canal Intake near Graniteville. USGS 11416000", "C2VSIM_GW": null, "C2VSIM_SW": null, "CalSim2_ID": null, "Type": "CH", "Sub_Type": "SG", "Nrest_Gage": "11416000", "Strm_Code": "BSC", "RM_II": 0, "HR": "SAC" }, "geometry": { "type": "Point", "coordinates": [ -120.65905276516942, 39.439835639553593 ] } },
{ "type": "Feature", "properties": { "fid": 1211, "OBJECTID": 1211.0, "CalSim_ID": "BSC009", "Riv_Mi": 10.541, "Riv_Name": "Bowman-Spaulding Conduit", "Comment": "Bowman-Spaulding Canal at Jordan Creek Siphon. USGS 11416100", "C2VSIM_GW": null, "C2VSIM_SW": null, "CalSim2_ID": null, "Type": "CH", "Sub_Type": "SG", "Nrest_Gage": "11416100", "Strm_Code": "BSC", "RM_II": 9, "HR": "SAC" }, "geometry": { "type": "Point", "coordinates": [ -120.641605260541837, 39.34210983619856 ] } },
{ "type": "Feature", "properties": { "fid": 1212, "OBJECTID": 1212.0, "CalSim_ID": "BSC011", "Riv_Mi": 11.03, "Riv_Name": "Bowman-Spaulding Conduit", "Comment": "Spaulding No. 3 Powerhouse near Emigrant Gap. USGS 11416200", "C2VSIM_GW": null, "C2VSIM_SW": null, "CalSim2_ID": null, "Type": "CH", "Sub_Type": "SG", "Nrest_Gage": "11416200", "Strm_Code": "BSC", "RM_II": 11, "HR": "SAC" }, "geometry": { "type": "Point", "coordinates": [ -120.635469394298397, 39.337698927951877 ] } },
{ "type": "Feature", "properties": { "fid": 1213, "OBJECTID": 1213.0, "CalSim_ID": "SFY044", "Riv_Mi": 43.78, "Riv_Name": "South Yuba River", "Comment": "Confluence with Fordyce Creek.", "C2VSIM_GW": null, "C2VSIM_SW": null, "CalSim2_ID": null, "Type": "CH", "Sub_Type": "STM", "Nrest_Gage": null, "Strm_Code": "SFY", "RM_II": 44, "HR": "SAC" }, "geometry": { "type": "Point", "coordinates": [ -120.620361557820956, 39.346759243450485 ] } },
{ "type": "Feature", "properties": { "fid": 1214, "OBJECTID": 1214.0, "CalSim_ID": "FDC011", "Riv_Mi": 10.72, "Riv_Name": "Fordyce Creek", "Comment": "Fordyce Creek below Fordyce Dam. USGS 11414100", "C2VSIM_GW": null, "C2VSIM_SW": null, "CalSim2_ID": null, "Type": "CH", "Sub_Type": "SG", "Nrest_Gage": "11414100", "Strm_Code": "FDC", "RM_II": 11, "HR": "SAC" }, "geometry": { "type": "Point", "coordinates": [ -120.499402832714495, 39.379924387557658 ] } },
{ "type": "Feature", "properties": { "fid": 1215, "OBJECTID": 1215.0, "CalSim_ID": "FRDYC", "Riv_Mi": 10.89, "Riv_Name": "Fordyce Creek", "Comment": "Fordyce Lake/Dam", "C2VSIM_GW": null, "C2VSIM_SW": null, "CalSim2_ID": null, "Type": "STR", "Sub_Type": null, "Nrest_Gage": null, "Strm_Code": "FDC", "RM_II": null, "HR": "SAC" }, "geometry": { "type": "Point", "coordinates": [ -120.49645428006248, 39.380355131169111 ] } },
{ "type": "Feature", "properties": { "fid": 1216, "OBJECTID": 1216.0, "CalSim_ID": "SYC001", "Riv_Mi": 0.894, "Riv_Name": "South Yuba Canal", "Comment": "Nevada Diversion tie-in from Drum Canal", "C2VSIM_GW": null, "C2VSIM_SW": null, "CalSim2_ID": null, "Type": "CH", "Sub_Type": "CNL", "Nrest_Gage": null, "Strm_Code": "SYC", "RM_II": 1, "HR": "SAC" }, "geometry": { "type": "Point", "coordinates": [ -120.65490655754985, 39.319424425512295 ] } },
{ "type": "Feature", "properties": { "fid": 1217, "OBJECTID": 1217.0, "CalSim_ID": "MBT005", "Riv_Mi": 4.774, "Riv_Name": "Milton-Bowman Tunnel", "Comment": "Milton-Bowman Tunnel Outlet near Graniteville. USGS 11408000", "C2VSIM_GW": null, "C2VSIM_SW": null, "CalSim2_ID": null, "Type": "CH", "Sub_Type": "SG", "Nrest_Gage": "11408000", "Strm_Code": "MBT", "RM_II": 5, "HR": "SAC" }, "geometry": { "type": "Point", "coordinates": [ -120.611240357625149, 39.460181378444837 ] } },
{ "type": "Feature", "properties": { "fid": 1218, "OBJECTID": 1218.0, "CalSim_ID": "MFA025", "Riv_Mi": 24.82, "Riv_Name": "Middle Fork American River", "Comment": "Ralston Afterbay (Oxbow Reservoir) dam.  Powerhouse outlet about 0.4mi downstream.", "C2VSIM_GW": null, "C2VSIM_SW": null, "CalSim2_ID": null, "Type": "CH", "Sub_Type": "SG", "Nrest_Gage": "11433212", "Strm_Code": "MFA", "RM_II": 25, "HR": "SAC" }, "geometry": { "type": "Point", "coordinates": [ -120.746488887527889, 39.00324722969529 ] } },
{ "type": "Feature", "properties": { "fid": 1219, "OBJECTID": 1219.0, "CalSim_ID": "MFA026", "Riv_Mi": 25.73, "Riv_Name": "Middle Fork American River", "Comment": "Confluence with Rubicon River", "C2VSIM_GW": null, "C2VSIM_SW": null, "CalSim2_ID": null, "Type": "CH", "Sub_Type": "STM", "Nrest_Gage": null, "Strm_Code": "MFA", "RM_II": 26, "HR": "SAC" }, "geometry": { "type": "Point", "coordinates": [ -120.732917106072875, 39.002360755797064 ] } },
{ "type": "Feature", "properties": { "fid": 1220, "OBJECTID": 1220.0, "CalSim_ID": "MFA035", "Riv_Mi": 35.81, "Riv_Name": "Middle Fork American River", "Comment": "Gage below Interbay Dam", "C2VSIM_GW": null, "C2VSIM_SW": null, "CalSim2_ID": null, "Type": "CH", "Sub_Type": "SG", "Nrest_Gage": "11427770", "Strm_Code": "MFA", "RM_II": 35, "HR": "SAC" }, "geometry": { "type": "Point", "coordinates": [ -120.603553024819931, 39.026384596591505 ] } },
{ "type": "Feature", "properties": { "fid": 1221, "OBJECTID": 1221.0, "CalSim_ID": "MFA036", "Riv_Mi": 35.87, "Riv_Name": "Middle Fork American River", "Comment": "Interbay Dam. Diversion point for Ralston Tunnel.", "C2VSIM_GW": null, "C2VSIM_SW": null, "CalSim2_ID": null, "Type": "CH", "Sub_Type": "STM", "Nrest_Gage": null, "Strm_Code": "MFA", "RM_II": 36, "HR": "SAC" }, "geometry": { "type": "Point", "coordinates": [ -120.602542145251562, 39.026080830793227 ] } },
{ "type": "Feature", "properties": { "fid": 1222, "OBJECTID": 1222.0, "CalSim_ID": "MFT011", "Riv_Mi": 10.97, "Riv_Name": "Middle Fork Tunnel", "Comment": "Middle Fork Powerhouse (L.F. Stephonsan PH)", "C2VSIM_GW": null, "C2VSIM_SW": null, "CalSim2_ID": null, "Type": "CH", "Sub_Type": "SG", "Nrest_Gage": "11428600", "Strm_Code": "MFT", "RM_II": 11, "HR": "SAC" }, "geometry": { "type": "Point", "coordinates": [ -120.596117323314999, 39.024526043519735 ] } },
{ "type": "Feature", "properties": { "fid": 1223, "OBJECTID": 1223.0, "CalSim_ID": "MFA038", "Riv_Mi": 36.31, "Riv_Name": "Middle Fork American River", "Comment": "Gage above Middle Fork Powerhouse", "C2VSIM_GW": null, "C2VSIM_SW": null, "CalSim2_ID": null, "Type": "CH", "Sub_Type": "SG", "Nrest_Gage": null, "Strm_Code": "MFA", "RM_II": 38, "HR": "SAC" }, "geometry": { "type": "Point", "coordinates": [ -120.595354672609488, 39.025332824245162 ] } },
{ "type": "Feature", "properties": { "fid": 1224, "OBJECTID": 1224.0, "CalSim_ID": "MFA040", "Riv_Mi": 40.0, "Riv_Name": "Middle Fork American River", "Comment": "Confluence with Duncan Creek", "C2VSIM_GW": null, "C2VSIM_SW": null, "CalSim2_ID": null, "Type": "CH", "Sub_Type": "STM", "Nrest_Gage": null, "Strm_Code": "MFA", "RM_II": 40, "HR": "SAC" }, "geometry": { "type": "Point", "coordinates": [ -120.545570881020183, 39.03831728129142 ] } },
{ "type": "Feature", "properties": { "fid": 1225, "OBJECTID": 1225.0, "CalSim_ID": "MFA047", "Riv_Mi": 47.33, "Riv_Name": "Middle Fork American River", "Comment": "Middle Fork American River at French Meadows Reservoir", "C2VSIM_GW": null, "C2VSIM_SW": null, "CalSim2_ID": null, "Type": "CH", "Sub_Type": "SG", "Nrest_Gage": "11427500", "Strm_Code": "MFA", "RM_II": 47, "HR": "SAC" }, "geometry": { "type": "Point", "coordinates": [ -120.481191765218114, 39.109738022604958 ] } },
{ "type": "Feature", "properties": { "fid": 1226, "OBJECTID": 1226.0, "CalSim_ID": "FRMDW", "Riv_Mi": 47.95, "Riv_Name": "Middle Fork American River", "Comment": "French Meadows Reservoir", "C2VSIM_GW": null, "C2VSIM_SW": null, "CalSim2_ID": null, "Type": "STR", "Sub_Type": null, "Nrest_Gage": null, "Strm_Code": "MFA", "RM_II": null, "HR": "SAC" }, "geometry": { "type": "Point", "coordinates": [ -120.470344532991902, 39.111958156366917 ] } },
{ "type": "Feature", "properties": { "fid": 1227, "OBJECTID": 1227.0, "CalSim_ID": "DCC008", "Riv_Mi": 8.87, "Riv_Name": "Duncan Canyon Creek", "Comment": "Duncan Canyon Creek below Diversion Dam near French Meadows", "C2VSIM_GW": null, "C2VSIM_SW": null, "CalSim2_ID": null, "Type": "CH", "Sub_Type": "SG", "Nrest_Gage": "11427750", "Strm_Code": "DCC", "RM_II": 8, "HR": "SAC" }, "geometry": { "type": "Point", "coordinates": [ -120.484092385114039, 39.132691077136833 ] } },
{ "type": "Feature", "properties": { "fid": 1228, "OBJECTID": 1228.0, "CalSim_ID": "DCC009", "Riv_Mi": 9.11, "Riv_Name": "Duncan Canyon Creek", "Comment": "Duncan Canyon Diversion Dam", "C2VSIM_GW": null, "C2VSIM_SW": null, "CalSim2_ID": null, "Type": "CH", "Sub_Type": "STM", "Nrest_Gage": null, "Strm_Code": "DCC", "RM_II": 9, "HR": "SAC" }, "geometry": { "type": "Point", "coordinates": [ -120.481376482519337, 39.134333177142388 ] } },
{ "type": "Feature", "properties": { "fid": 1229, "OBJECTID": 1229.0, "CalSim_ID": "DCC010", "Riv_Mi": 9.34, "Riv_Name": "Duncan Canyon Creek", "Comment": "Duncan Canyon Creek near French Meadows Reservoir", "C2VSIM_GW": null, "C2VSIM_SW": null, "CalSim2_ID": null, "Type": "CH", "Sub_Type": "SG", "Nrest_Gage": "11427700", "Strm_Code": "DCC", "RM_II": 10, "HR": "SAC" }, "geometry": { "type": "Point", "coordinates": [ -120.478292171066386, 39.135933617873384 ] } },
{ "type": "Feature", "properties": { "fid": 1230, "OBJECTID": 1230.0, "CalSim_ID": "FMT002", "Riv_Mi": 2.48, "Riv_Name": "French Meadows Tunnel", "Comment": "French Meadows Power Plant near Meeks Bay", "C2VSIM_GW": null, "C2VSIM_SW": null, "CalSim2_ID": null, "Type": "CH", "Sub_Type": "SG", "Nrest_Gage": "11427200", "Strm_Code": "FMT", "RM_II": 2, "HR": "SAC" }, "geometry": { "type": "Point", "coordinates": [ -120.406059927916246, 39.078021134876259 ] } },
{ "type": "Feature", "properties": { "fid": 1231, "OBJECTID": 1231.0, "CalSim_ID": "RUB001", "Riv_Mi": 0.56, "Riv_Name": "Rubicon River", "Comment": null, "C2VSIM_GW": null, "C2VSIM_SW": null, "CalSim2_ID": null, "Type": "CH", "Sub_Type": "STM", "Nrest_Gage": null, "Strm_Code": "RUB", "RM_II": 1, "HR": "SAC" }, "geometry": { "type": "Point", "coordinates": [ -120.725255293384862, 39.000769351463163 ] } },
{ "type": "Feature", "properties": { "fid": 1232, "OBJECTID": 1232.0, "CalSim_ID": "RUB002", "Riv_Mi": 1.2, "Riv_Name": "Rubicon River", "Comment": "Rubicon River near Foresthill", "C2VSIM_GW": null, "C2VSIM_SW": null, "CalSim2_ID": null, "Type": "CH", "Sub_Type": "SG", "Nrest_Gage": "11433200", "Strm_Code": "RUB", "RM_II": 2, "HR": "SAC" }, "geometry": { "type": "Point", "coordinates": [ -120.721565107164921, 38.992450032558601 ] } },
{ "type": "Feature", "properties": { "fid": 1233, "OBJECTID": 1233.0, "CalSim_ID": "RUB004", "Riv_Mi": 3.63, "Riv_Name": "Rubicon River", "Comment": "Confluence with Long Canyon Creek", "C2VSIM_GW": null, "C2VSIM_SW": null, "CalSim2_ID": null, "Type": "CH", "Sub_Type": "STM", "Nrest_Gage": null, "Strm_Code": "RUB", "RM_II": 4, "HR": "SAC" }, "geometry": { "type": "Point", "coordinates": [ -120.687459189589916, 38.989975672639382 ] } },
{ "type": "Feature", "properties": { "fid": 1234, "OBJECTID": 1234.0, "CalSim_ID": "RUB005", "Riv_Mi": 5.27, "Riv_Name": "Rubicon River", "Comment": "Confluence with Pilot Creek", "C2VSIM_GW": null, "C2VSIM_SW": null, "CalSim2_ID": null, "Type": "CH", "Sub_Type": "STM", "Nrest_Gage": null, "Strm_Code": "RUB", "RM_II": 5, "HR": "SAC" }, "geometry": { "type": "Point", "coordinates": [ -120.682665390324644, 38.970802472911025 ] } },
{ "type": "Feature", "properties": { "fid": 1235, "OBJECTID": 1235.0, "CalSim_ID": "RUB023", "Riv_Mi": 23.0, "Riv_Name": "Rubicon River", "Comment": "Confluence with South Fork Rubicon River", "C2VSIM_GW": null, "C2VSIM_SW": null, "CalSim2_ID": null, "Type": "CH", "Sub_Type": "STM", "Nrest_Gage": null, "Strm_Code": "RUB", "RM_II": 23, "HR": "SAC" }, "geometry": { "type": "Point", "coordinates": [ -120.469699323740201, 38.969619272557765 ] } },
{ "type": "Feature", "properties": { "fid": 1236, "OBJECTID": 1236.0, "CalSim_ID": "RUB031", "Riv_Mi": 30.8, "Riv_Name": "Rubicon River", "Comment": "Rubicon River below Hell Hole Dam. Hell Hole Powerhouse.", "C2VSIM_GW": null, "C2VSIM_SW": null, "CalSim2_ID": null, "Type": "CH", "Sub_Type": "SG", "Nrest_Gage": "11428800", "Strm_Code": "RUB", "RM_II": 31, "HR": "SAC" }, "geometry": { "type": "Point", "coordinates": [ -120.40807821880496, 39.056503145031655 ] } },
{ "type": "Feature", "properties": { "fid": 1237, "OBJECTID": 1237.0, "CalSim_ID": "HHOLE", "Riv_Mi": 30.94, "Riv_Name": "Rubicon River", "Comment": "Hell Hole Reservoir", "C2VSIM_GW": null, "C2VSIM_SW": null, "CalSim2_ID": null, "Type": "STR", "Sub_Type": null, "Nrest_Gage": null, "Strm_Code": null, "RM_II": null, "HR": "SAC" }, "geometry": { "type": "Point", "coordinates": [ -120.409238422557436, 39.058289447895284 ] } },
{ "type": "Feature", "properties": { "fid": 1238, "OBJECTID": 1238.0, "CalSim_ID": "LCY012", "Riv_Mi": 11.7, "Riv_Name": "Long Canyon Creek", "Comment": "Long Canyon Creek near French Meadows. Confluence with North and South Forks of Long Canyon Creek", "C2VSIM_GW": null, "C2VSIM_SW": null, "CalSim2_ID": null, "Type": "CH", "Sub_Type": "SG", "Nrest_Gage": "11433100", "Strm_Code": "LCY", "RM_II": 12, "HR": "SAC" }, "geometry": { "type": "Point", "coordinates": [ -120.515527589913063, 39.02116400646004 ] } },
{ "type": "Feature", "properties": { "fid": 1239, "OBJECTID": 1239.0, "CalSim_ID": "NLC003", "Riv_Mi": 3.16, "Riv_Name": "North Fork Long Canyon Creek", "Comment": "North Fork Long Canyon Creek diversion dam", "C2VSIM_GW": null, "C2VSIM_SW": null, "CalSim2_ID": null, "Type": "CH", "Sub_Type": "STM", "Nrest_Gage": null, "Strm_Code": "NLC", "RM_II": 3, "HR": "SAC" }, "geometry": { "type": "Point", "coordinates": [ -120.481572322493932, 39.050883698546485 ] } },
{ "type": "Feature", "properties": { "fid": 1240, "OBJECTID": 1240.0, "CalSim_ID": "NLC002", "Riv_Mi": 2.99, "Riv_Name": "North Fork Long Canyon Creek", "Comment": "North Frok Long Canyon Creek Flood Release below Diversion Tunnel near Volcanoville", "C2VSIM_GW": null, "C2VSIM_SW": null, "CalSim2_ID": null, "Type": "CH", "Sub_Type": "SG", "Nrest_Gage": "11433085", "Strm_Code": "NLC", "RM_II": 2, "HR": "SAC" }, "geometry": { "type": "Point", "coordinates": [ -120.482553398697831, 39.048692483249596 ] } },
{ "type": "Feature", "properties": { "fid": 1241, "OBJECTID": 1241.0, "CalSim_ID": "MFT004", "Riv_Mi": 4.12, "Riv_Name": "Middle Fork Tunnel", "Comment": "Inflow from North Fork Long Canyon Creek", "C2VSIM_GW": null, "C2VSIM_SW": null, "CalSim2_ID": null, "Type": "CH", "Sub_Type": "CNL", "Nrest_Gage": null, "Strm_Code": "MFT", "RM_II": 4, "HR": "SAC" }, "geometry": { "type": "Point", "coordinates": [ -120.48373790974091, 39.042328401980548 ] } },
{ "type": "Feature", "properties": { "fid": 1242, "OBJECTID": 1242.0, "CalSim_ID": "SLC003", "Riv_Mi": 3.49, "Riv_Name": "South Fork Long Canyon Creek", "Comment": "South Fork Long Canyon Creek Diversion Tunnel near Volcanoville", "C2VSIM_GW": null, "C2VSIM_SW": null, "CalSim2_ID": null, "Type": "CH", "Sub_Type": "STM", "Nrest_Gage": null, "Strm_Code": "SLC", "RM_II": 3, "HR": "SAC" }, "geometry": { "type": "Point", "coordinates": [ -120.47072734548459, 39.051359927967461 ] } },
{ "type": "Feature", "properties": { "fid": 1243, "OBJECTID": 1243.0, "CalSim_ID": "MFT003", "Riv_Mi": 3.3, "Riv_Name": "Middle Fork Tunnel", "Comment": "Inflow from South Fork Long Canyon Creek Diversion", "C2VSIM_GW": null, "C2VSIM_SW": null, "CalSim2_ID": null, "Type": "CH", "Sub_Type": "SG", "Nrest_Gage": "11433060", "Strm_Code": "MFT", "RM_II": 3, "HR": "SAC" }, "geometry": { "type": "Point", "coordinates": [ -120.470863587250435, 39.051369609340838 ] } },
{ "type": "Feature", "properties": { "fid": 1244, "OBJECTID": 1244.0, "CalSim_ID": "SLC002", "Riv_Mi": 3.44, "Riv_Name": "South Fork Long Canyon Creek", "Comment": "South Fork Long Canyon Creek Flood Release below Diversion Tunnel near Volcanoville", "C2VSIM_GW": null, "C2VSIM_SW": null, "CalSim2_ID": null, "Type": "CH", "Sub_Type": "SG", "Nrest_Gage": "11433065", "Strm_Code": "SLC", "RM_II": 2, "HR": "SAC" }, "geometry": { "type": "Point", "coordinates": [ -120.471435635815993, 39.050900442749374 ] } },
{ "type": "Feature", "properties": { "fid": 1245, "OBJECTID": 1245.0, "CalSim_ID": "RUB032", "Riv_Mi": 32.19, "Riv_Name": "Rubicon River", "Comment": "Inflow from French Meadows Powerhouse to Hell Hole Reservoir", "C2VSIM_GW": null, "C2VSIM_SW": null, "CalSim2_ID": null, "Type": "CH", "Sub_Type": "STM", "Nrest_Gage": null, "Strm_Code": "RUB", "RM_II": 32, "HR": "SAC" }, "geometry": { "type": "Point", "coordinates": [ -120.402270283856268, 39.07509342203727 ] } },
{ "type": "Feature", "properties": { "fid": 1246, "OBJECTID": 1246.0, "CalSim_ID": "RUB041", "Riv_Mi": 41.44, "Riv_Name": "Rubicon River", "Comment": "Confluence with Little Rubicon River", "C2VSIM_GW": null, "C2VSIM_SW": null, "CalSim2_ID": null, "Type": "CH", "Sub_Type": "STM", "Nrest_Gage": null, "Strm_Code": "RUB", "RM_II": 41, "HR": "SAC" }, "geometry": { "type": "Point", "coordinates": [ -120.274590123413162, 39.036138473048766 ] } },
{ "type": "Feature", "properties": { "fid": 1247, "OBJECTID": 1247.0, "CalSim_ID": "RUB044", "Riv_Mi": 43.71, "Riv_Name": "Rubicon River", "Comment": "Rubicon River at Rubicon Springs near Meeks Bay", "C2VSIM_GW": null, "C2VSIM_SW": null, "CalSim2_ID": null, "Type": "CH", "Sub_Type": "SG", "Nrest_Gage": "11428000/11428001", "Strm_Code": "RUB", "RM_II": 44, "HR": "SAC" }, "geometry": { "type": "Point", "coordinates": [ -120.247395544009734, 39.019234239036976 ] } },
{ "type": "Feature", "properties": { "fid": 1248, "OBJECTID": 1248.0, "CalSim_ID": "RUB047", "Riv_Mi": 47.38, "Riv_Name": "Rubicon River", "Comment": "Rubicon River below Rubicon Lake", "C2VSIM_GW": null, "C2VSIM_SW": null, "CalSim2_ID": null, "Type": "CH", "Sub_Type": "SG", "Nrest_Gage": "11427960", "Strm_Code": "RUB", "RM_II": 47, "HR": "SAC" }, "geometry": { "type": "Point", "coordinates": [ -120.223143476003457, 38.988952916563271 ] } },
{ "type": "Feature", "properties": { "fid": 1249, "OBJECTID": 1249.0, "CalSim_ID": "RUB048", "Riv_Mi": 47.45, "Riv_Name": "Rubicon River", "Comment": "Rubicon Reservoir diversion to Rockbound Tunnel", "C2VSIM_GW": null, "C2VSIM_SW": null, "CalSim2_ID": null, "Type": "CH", "Sub_Type": "STM", "Nrest_Gage": null, "Strm_Code": "RUB", "RM_II": 48, "HR": "SAC" }, "geometry": { "type": "Point", "coordinates": [ -120.223141190658026, 38.987926406192145 ] } },
{ "type": "Feature", "properties": { "fid": 1250, "OBJECTID": 1250.0, "CalSim_ID": "LRB003", "Riv_Mi": 2.9, "Riv_Name": "Little Rubicon River", "Comment": "Little Rubicon River below Buck Island Dam", "C2VSIM_GW": null, "C2VSIM_SW": null, "CalSim2_ID": null, "Type": "CH", "Sub_Type": "SG", "Nrest_Gage": "11428400", "Strm_Code": "LRB", "RM_II": 3, "HR": "SAC" }, "geometry": { "type": "Point", "coordinates": [ -120.256573630670005, 39.005217445615571 ] } },
{ "type": "Feature", "properties": { "fid": 1251, "OBJECTID": 1251.0, "CalSim_ID": "LRB004", "Riv_Mi": 2.97, "Riv_Name": "Little Rubicon River", "Comment": "Buck Island Lake", "C2VSIM_GW": null, "C2VSIM_SW": null, "CalSim2_ID": null, "Type": "CH", "Sub_Type": "STM", "Nrest_Gage": null, "Strm_Code": "LRB", "RM_II": 4, "HR": "SAC" }, "geometry": { "type": "Point", "coordinates": [ -120.256300025313806, 39.004893290348349 ] } },
{ "type": "Feature", "properties": { "fid": 1252, "OBJECTID": 1252.0, "CalSim_ID": "RRT000", "Riv_Mi": 0.0, "Riv_Name": "Rubicon-Rockbound Tunnel", "Comment": "Rubicon-Rockbound Tunnel near Meeks Bay", "C2VSIM_GW": null, "C2VSIM_SW": null, "CalSim2_ID": null, "Type": "CH", "Sub_Type": "SG", "Nrest_Gage": "11427940", "Strm_Code": "RRT", "RM_II": 0, "HR": "SAC" }, "geometry": { "type": "Point", "coordinates": [ -120.225812821819076, 38.987817788243113 ] } },
{ "type": "Feature", "properties": { "fid": 1253, "OBJECTID": 1253.0, "CalSim_ID": "LRB005", "Riv_Mi": 4.635, "Riv_Name": "LIttle Rubicon River", "Comment": "Inflow from Rubicon-Rockbound Tunnel", "C2VSIM_GW": null, "C2VSIM_SW": null, "CalSim2_ID": null, "Type": "CH", "Sub_Type": "STM", "Nrest_Gage": null, "Strm_Code": "LRB", "RM_II": 5, "HR": "SAC" }, "geometry": { "type": "Point", "coordinates": [ -120.234446637092049, 38.992273340258485 ] } },
{ "type": "Feature", "properties": { "fid": 1254, "OBJECTID": 1254.0, "CalSim_ID": "BLT000", "Riv_Mi": 0.0, "Riv_Name": "Buck Island-Loon Lake Tunnel", "Comment": "Buck-Loon Tunnel near Meeks Bay", "C2VSIM_GW": null, "C2VSIM_SW": null, "CalSim2_ID": null, "Type": "CH", "Sub_Type": "SG", "Nrest_Gage": "11428300", "Strm_Code": "BLT", "RM_II": 0, "HR": "SAC" }, "geometry": { "type": "Point", "coordinates": [ -120.256868387696599, 39.004627930014955 ] } },
{ "type": "Feature", "properties": { "fid": 1255, "OBJECTID": 1255.0, "CalSim_ID": "GRL001", "Riv_Mi": 1.19, "Riv_Name": "Gerle Creek", "Comment": "Gerle Reservoir near Meeks Bay", "C2VSIM_GW": null, "C2VSIM_SW": null, "CalSim2_ID": null, "Type": "CH", "Sub_Type": "SG", "Nrest_Gage": "11429600", "Strm_Code": "GRL", "RM_II": 1, "HR": "SAC" }, "geometry": { "type": "Point", "coordinates": [ -120.393930923105088, 38.966126206429067 ] } },
{ "type": "Feature", "properties": { "fid": 1256, "OBJECTID": 1256.0, "CalSim_ID": "SFR005", "Riv_Mi": 5.16, "Riv_Name": "South Fork Rubicon River", "Comment": "Confluence with Gerle Creek", "C2VSIM_GW": null, "C2VSIM_SW": null, "CalSim2_ID": null, "Type": "CH", "Sub_Type": "STM", "Nrest_Gage": null, "Strm_Code": "SFR", "RM_II": 5, "HR": "SAC" }, "geometry": { "type": "Point", "coordinates": [ -120.398624437136448, 38.954227835235571 ] } },
{ "type": "Feature", "properties": { "fid": 1257, "OBJECTID": 1257.0, "CalSim_ID": "SFR004", "Riv_Mi": 4.98, "Riv_Name": "South Fork Rubicon River", "Comment": "South Fork Rubicon River below Gerle Creek near Georgetown", "C2VSIM_GW": null, "C2VSIM_SW": null, "CalSim2_ID": null, "Type": "CH", "Sub_Type": "SG", "Nrest_Gage": "11430000", "Strm_Code": "SFR", "RM_II": 4, "HR": "SAC" }, "geometry": { "type": "Point", "coordinates": [ -120.401899084590326, 38.954403432633448 ] } },
{ "type": "Feature", "properties": { "fid": 1258, "OBJECTID": 1258.0, "CalSim_ID": "LOONL", "Riv_Mi": 10.46, "Riv_Name": "Gerle Creek", "Comment": "Loon Lake Dam", "C2VSIM_GW": null, "C2VSIM_SW": null, "CalSim2_ID": null, "Type": "STR", "Sub_Type": null, "Nrest_Gage": null, "Strm_Code": null, "RM_II": null, "HR": "SAC" }, "geometry": { "type": "Point", "coordinates": [ -120.310574774716812, 39.002354130717777 ] } },
{ "type": "Feature", "properties": { "fid": 1259, "OBJECTID": 1259.0, "CalSim_ID": "GRL010", "Riv_Mi": 10.11, "Riv_Name": "Gerle Creek", "Comment": "Gerle Creek below Loon Lake near Meeks Bay", "C2VSIM_GW": null, "C2VSIM_SW": null, "CalSim2_ID": null, "Type": "CH", "Sub_Type": "SG", "Nrest_Gage": "11429500", "Strm_Code": "GRL", "RM_II": 10, "HR": "SAC" }, "geometry": { "type": "Point", "coordinates": [ -120.315606431030602, 39.005370782010985 ] } },
{ "type": "Feature", "properties": { "fid": 1260, "OBJECTID": 1260.0, "CalSim_ID": "LLT000", "Riv_Mi": 0.0, "Riv_Name": "Loon Lake Tunnel", "Comment": "Loon Lake Powerhouse near Meeks Bay", "C2VSIM_GW": null, "C2VSIM_SW": null, "CalSim2_ID": null, "Type": "CH", "Sub_Type": "SG", "Nrest_Gage": "11429340", "Strm_Code": "LLT", "RM_II": 0, "HR": "SAC" }, "geometry": { "type": "Point", "coordinates": [ -120.324581732670055, 38.982536338240763 ] } },
{ "type": "Feature", "properties": { "fid": 1261, "OBJECTID": 1261.0, "CalSim_ID": "SFR006", "Riv_Mi": 6.39, "Riv_Name": "South Fork Rubicon River", "Comment": "Robbs Peak (diversion) Dam", "C2VSIM_GW": null, "C2VSIM_SW": null, "CalSim2_ID": null, "Type": "CH", "Sub_Type": "STM", "Nrest_Gage": null, "Strm_Code": "SFR", "RM_II": 6, "HR": "SAC" }, "geometry": { "type": "Point", "coordinates": [ -120.388442856628345, 38.94718763504769 ] } },
{ "type": "Feature", "properties": { "fid": 1262, "OBJECTID": 1262.0, "CalSim_ID": "RPT004", "Riv_Mi": 3.6, "Riv_Name": "Robbs Peak Tunnel", "Comment": "Robbs Peak Powerhouse near Kyburz", "C2VSIM_GW": null, "C2VSIM_SW": null, "CalSim2_ID": null, "Type": "CH", "Sub_Type": "SG", "Nrest_Gage": "11429300", "Strm_Code": "RPT", "RM_II": 4, "HR": "SAC" }, "geometry": { "type": "Point", "coordinates": [ -120.378217653733131, 38.896662080978537 ] } },
{ "type": "Feature", "properties": { "fid": 1263, "OBJECTID": 1263.0, "CalSim_ID": "IHT002", "Riv_Mi": 1.88, "Riv_Name": "Ice House Tunnel", "Comment": "Jones Fork Power Plant near Kyburz", "C2VSIM_GW": null, "C2VSIM_SW": null, "CalSim2_ID": null, "Type": "CH", "Sub_Type": "SG", "Nrest_Gage": "11440900", "Strm_Code": "IHT", "RM_II": 2, "HR": "SAC" }, "geometry": { "type": "Point", "coordinates": [ -120.381839446292389, 38.850287843229573 ] } },
{ "type": "Feature", "properties": { "fid": 1264, "OBJECTID": 1264.0, "CalSim_ID": "ICEHS", "Riv_Mi": 13.14, "Riv_Name": "South Fork Silver Creek", "Comment": "Ice House Reservoir", "C2VSIM_GW": null, "C2VSIM_SW": null, "CalSim2_ID": null, "Type": "STR", "Sub_Type": null, "Nrest_Gage": null, "Strm_Code": null, "RM_II": null, "HR": "SAC" }, "geometry": { "type": "Point", "coordinates": [ -120.36062609720689, 38.823564871105411 ] } },
{ "type": "Feature", "properties": { "fid": 1265, "OBJECTID": 1265.0, "CalSim_ID": "UNVLY", "Riv_Mi": 16.99, "Riv_Name": "Silver Creek", "Comment": "Union Valley Reservoir", "C2VSIM_GW": null, "C2VSIM_SW": null, "CalSim2_ID": null, "Type": "STR", "Sub_Type": null, "Nrest_Gage": null, "Strm_Code": null, "RM_II": null, "HR": "SAC" }, "geometry": { "type": "Point", "coordinates": [ -120.440673655053274, 38.866122864380976 ] } },
{ "type": "Feature", "properties": { "fid": 1266, "OBJECTID": 1266.0, "CalSim_ID": "SLV014", "Riv_Mi": 15.3, "Riv_Name": "Silver Creek", "Comment": "Silver Creek below Junction Dam near Pollock Pines", "C2VSIM_GW": null, "C2VSIM_SW": null, "CalSim2_ID": null, "Type": "CH", "Sub_Type": "SG", "Nrest_Gage": "11441800", "Strm_Code": "SLV", "RM_II": 14, "HR": "SAC" }, "geometry": { "type": "Point", "coordinates": [ -120.460079222952572, 38.852375260806859 ] } },
{ "type": "Feature", "properties": { "fid": 1267, "OBJECTID": 1267.0, "CalSim_ID": "SLV015", "Riv_Mi": 15.46, "Riv_Name": "Silver Creek", "Comment": "Junction Reservoir near Pollock Pines", "C2VSIM_GW": null, "C2VSIM_SW": null, "CalSim2_ID": null, "Type": "CH", "Sub_Type": "SG", "Nrest_Gage": "11441760", "Strm_Code": "SLV", "RM_II": 15, "HR": "SAC" }, "geometry": { "type": "Point", "coordinates": [ -120.457090924072901, 38.852117467745259 ] } },
{ "type": "Feature", "properties": { "fid": 1268, "OBJECTID": 1268.0, "CalSim_ID": "UVT001", "Riv_Mi": 0.39, "Riv_Name": "Union Valley Power Tunnel", "Comment": "Union Valley Powerhouse near Pacific", "C2VSIM_GW": null, "C2VSIM_SW": null, "CalSim2_ID": null, "Type": "CH", "Sub_Type": "SG", "Nrest_Gage": "11441002", "Strm_Code": "UVT", "RM_II": 1, "HR": "SAC" }, "geometry": { "type": "Point", "coordinates": [ -120.44421410332339, 38.864290528563004 ] } },
{ "type": "Feature", "properties": { "fid": 1269, "OBJECTID": 1269.0, "CalSim_ID": "SLV017", "Riv_Mi": 16.82, "Riv_Name": "Silver Creek", "Comment": "Confluence with Union Valley Powerhouse tailrace", "C2VSIM_GW": null, "C2VSIM_SW": null, "CalSim2_ID": null, "Type": "CH", "Sub_Type": "STM", "Nrest_Gage": null, "Strm_Code": "SLV", "RM_II": 17, "HR": "SAC" }, "geometry": { "type": "Point", "coordinates": [ -120.444679620146246, 38.864376512926526 ] } },
{ "type": "Feature", "properties": { "fid": 1270, "OBJECTID": 1270.0, "CalSim_ID": "SLV016", "Riv_Mi": 15.71, "Riv_Name": "Silver Creek", "Comment": "Confluence with South Fork Siver Creek", "C2VSIM_GW": null, "C2VSIM_SW": null, "CalSim2_ID": null, "Type": "CH", "Sub_Type": "STM", "Nrest_Gage": null, "Strm_Code": "SLV", "RM_II": 16, "HR": "SAC" }, "geometry": { "type": "Point", "coordinates": [ -120.453950008521019, 38.854340117685155 ] } },
{ "type": "Feature", "properties": { "fid": 1271, "OBJECTID": 1271.0, "CalSim_ID": "SFS013", "Riv_Mi": 12.66, "Riv_Name": "South Fork Silver Creek", "Comment": "South Fork Silver Creek near Ice House", "C2VSIM_GW": null, "C2VSIM_SW": null, "CalSim2_ID": null, "Type": "CH", "Sub_Type": "SG", "Nrest_Gage": null, "Strm_Code": "SFS", "RM_II": 13, "HR": "SAC" }, "geometry": { "type": "Point", "coordinates": [ -120.365159010689965, 38.817905479848271 ] } },
{ "type": "Feature", "properties": { "fid": 1272, "OBJECTID": 1272.0, "CalSim_ID": "SLV007", "Riv_Mi": 6.72, "Riv_Name": "Silver Creek", "Comment": "Confluence with Jaybird Powerhouse tailrace.", "C2VSIM_GW": null, "C2VSIM_SW": null, "CalSim2_ID": null, "Type": "CH", "Sub_Type": "STM", "Nrest_Gage": null, "Strm_Code": "SLV", "RM_II": 7, "HR": "SAC" }, "geometry": { "type": "Point", "coordinates": [ -120.532048390160156, 38.833898672623512 ] } },
{ "type": "Feature", "properties": { "fid": 1273, "OBJECTID": 1273.0, "CalSim_ID": "JBT004", "Riv_Mi": 4.39, "Riv_Name": "Jaybird Tunnel", "Comment": "Jaybird Powerhouse near Pollock Pines", "C2VSIM_GW": null, "C2VSIM_SW": null, "CalSim2_ID": null, "Type": "CH", "Sub_Type": "SG", "Nrest_Gage": "11441780", "Strm_Code": "JBT", "RM_II": 4, "HR": "SAC" }, "geometry": { "type": "Point", "coordinates": [ -120.531803840576828, 38.833992658111114 ] } },
{ "type": "Feature", "properties": { "fid": 1274, "OBJECTID": 1274.0, "CalSim_ID": "SLV006", "Riv_Mi": 6.23, "Riv_Name": null, "Comment": null, "C2VSIM_GW": null, "C2VSIM_SW": null, "CalSim2_ID": null, "Type": "CH", "Sub_Type": "SG", "Nrest_Gage": "11441890", "Strm_Code": "SLV", "RM_II": 6, "HR": "SAC" }, "geometry": { "type": "Point", "coordinates": [ -120.536675763640716, 38.828347894325873 ] } },
{ "type": "Feature", "properties": { "fid": 1275, "OBJECTID": 1275.0, "CalSim_ID": "SLV005", "Riv_Mi": 5.89, "Riv_Name": "Silver Creek", "Comment": "Silver Creek below Camino Dam", "C2VSIM_GW": null, "C2VSIM_SW": null, "CalSim2_ID": null, "Type": "CH", "Sub_Type": "SG", "Nrest_Gage": "11441900", "Strm_Code": "SLV", "RM_II": 5, "HR": "SAC" }, "geometry": { "type": "Point", "coordinates": [ -120.539495848009793, 38.823991892372007 ] } },
{ "type": "Feature", "properties": { "fid": 1276, "OBJECTID": 1276.0, "CalSim_ID": "CMN005", "Riv_Mi": 4.97, "Riv_Name": "Camino Tunnel", "Comment": "Intertie to Brush Creek Tunnel/Reservoir", "C2VSIM_GW": null, "C2VSIM_SW": null, "CalSim2_ID": null, "Type": "CH", "Sub_Type": "STM", "Nrest_Gage": null, "Strm_Code": "CMN", "RM_II": 5, "HR": "SAC" }, "geometry": { "type": "Point", "coordinates": [ -120.618409467453901, 38.799294263462734 ] } },
{ "type": "Feature", "properties": { "fid": 1277, "OBJECTID": 1277.0, "CalSim_ID": "BCT000", "Riv_Mi": 0.0, "Riv_Name": "Brush Creek Tunnel", "Comment": "Brush Creek Reservoir near Pollock Pines", "C2VSIM_GW": null, "C2VSIM_SW": null, "CalSim2_ID": null, "Type": "CH", "Sub_Type": "SG", "Nrest_Gage": "1142690", "Strm_Code": "BCT", "RM_II": 0, "HR": "SAC" }, "geometry": { "type": "Point", "coordinates": [ -120.621171793054984, 38.811365872788564 ] } },
{ "type": "Feature", "properties": { "fid": 1278, "OBJECTID": 1278.0, "CalSim_ID": "SFA048", "Riv_Mi": 48.25, "Riv_Name": "South Fork American River", "Comment": "Confluence with Silver Creek", "C2VSIM_GW": null, "C2VSIM_SW": null, "CalSim2_ID": null, "Type": "CH", "Sub_Type": "STM", "Nrest_Gage": null, "Strm_Code": "SFA", "RM_II": 48, "HR": "SAC" }, "geometry": { "type": "Point", "coordinates": [ -120.590884785406928, 38.789378575677617 ] } },
{ "type": "Feature", "properties": { "fid": 1279, "OBJECTID": 1279.0, "CalSim_ID": "SFA046", "Riv_Mi": 45.82, "Riv_Name": "South Fork American River", "Comment": "Confluence with El Dorado Powerhouse tailwater", "C2VSIM_GW": null, "C2VSIM_SW": null, "CalSim2_ID": null, "Type": "CH", "Sub_Type": "STM", "Nrest_Gage": null, "Strm_Code": "SFA", "RM_II": 46, "HR": "SAC" }, "geometry": { "type": "Point", "coordinates": [ -120.618882863913498, 38.793650627172127 ] } },
{ "type": "Feature", "properties": { "fid": 1280, "OBJECTID": 1280.0, "CalSim_ID": "SFA045", "Riv_Mi": 45.6, "Riv_Name": "South Fork American River", "Comment": "Camino Powerhouse near Pollock Pines", "C2VSIM_GW": null, "C2VSIM_SW": null, "CalSim2_ID": null, "Type": "CH", "Sub_Type": "SG", "Nrest_Gage": "11441895", "Strm_Code": "SFA", "RM_II": 45, "HR": "SAC" }, "geometry": { "type": "Point", "coordinates": [ -120.622141714383616, 38.79526169263336 ] } },
{ "type": "Feature", "properties": { "fid": 1281, "OBJECTID": 1281.0, "CalSim_ID": "SFA032", "Riv_Mi": 32.07, "Riv_Name": "South Fork American River", "Comment": "Confluence with Whit Rock Powerhouse tailrace", "C2VSIM_GW": null, "C2VSIM_SW": null, "CalSim2_ID": null, "Type": "CH", "Sub_Type": "CNL", "Nrest_Gage": null, "Strm_Code": "SFA", "RM_II": 32, "HR": "SAC" }, "geometry": { "type": "Point", "coordinates": [ -120.788212738116385, 38.765190915773537 ] } },
{ "type": "Feature", "properties": { "fid": 1282, "OBJECTID": 1282.0, "CalSim_ID": "WRT005", "Riv_Mi": 5.16, "Riv_Name": "White Rock Tunnel", "Comment": "White Rock Powerhouse near Placerville", "C2VSIM_GW": null, "C2VSIM_SW": null, "CalSim2_ID": null, "Type": "CH", "Sub_Type": "SG", "Nrest_Gage": "11443460", "Strm_Code": "WRT", "RM_II": 5, "HR": "SAC" }, "geometry": { "type": "Point", "coordinates": [ -120.787188476579772, 38.765167308697116 ] } },
{ "type": "Feature", "properties": { "fid": 1283, "OBJECTID": 1283.0, "CalSim_ID": "CMN006", "Riv_Mi": 5.285, "Riv_Name": "Camino Tunnel", "Comment": "Camino Powerhouse near Pollock Pines", "C2VSIM_GW": null, "C2VSIM_SW": null, "CalSim2_ID": null, "Type": "CH", "Sub_Type": "SG", "Nrest_Gage": "11441895", "Strm_Code": "CMN", "RM_II": 6, "HR": "SAC" }, "geometry": { "type": "Point", "coordinates": [ -120.621944057217675, 38.795614509231306 ] } },
{ "type": "Feature", "properties": { "fid": 1284, "OBJECTID": 1284.0, "CalSim_ID": "RKC001", "Riv_Mi": 1.0, "Riv_Name": "Rock Creek", "Comment": "Rock Creek near Placerville", "C2VSIM_GW": null, "C2VSIM_SW": null, "CalSim2_ID": null, "Type": "CH", "Sub_Type": "SG", "Nrest_Gage": "11444201,11444200,11444260", "Strm_Code": "RKC", "RM_II": 1, "HR": "SAC" }, "geometry": { "type": "Point", "coordinates": [ -120.775538363056327, 38.793947077820647 ] } },
{ "type": "Feature", "properties": { "fid": 1285, "OBJECTID": 1285.0, "CalSim_ID": "SFA035", "Riv_Mi": 34.364, "Riv_Name": "South Fork American River", "Comment": "Confluence with Rock Creek (Rock Creek Powerhouse)", "C2VSIM_GW": null, "C2VSIM_SW": null, "CalSim2_ID": null, "Type": "CH", "Sub_Type": "STM", "Nrest_Gage": null, "Strm_Code": "SFA", "RM_II": 35, "HR": "SAC" }, "geometry": { "type": "Point", "coordinates": [ -120.778849700007129, 38.782720414355538 ] } },
{ "type": "Feature", "properties": { "fid": 1286, "OBJECTID": 1286.0, "CalSim_ID": "SFA040", "Riv_Mi": 40.131, "Riv_Name": "South Fork American River", "Comment": "South Fork American River near Camino", "C2VSIM_GW": null, "C2VSIM_SW": null, "CalSim2_ID": null, "Type": "CH", "Sub_Type": "SG", "Nrest_Gage": "11443500", "Strm_Code": "SFA", "RM_II": 40, "HR": "SAC" }, "geometry": { "type": "Point", "coordinates": [ -120.698698199022004, 38.77338305482688 ] } },
{ "type": "Feature", "properties": { "fid": 1287, "OBJECTID": 1287.0, "CalSim_ID": "SLF010", "Riv_Mi": 10.27, "Riv_Name": "Silver Fork American River", "Comment": "Confluence with Caples Creek", "C2VSIM_GW": null, "C2VSIM_SW": null, "CalSim2_ID": null, "Type": "CH", "Sub_Type": "STM", "Nrest_Gage": null, "Strm_Code": "SLF", "RM_II": 10, "HR": "SAC" }, "geometry": { "type": "Point", "coordinates": [ -120.185050436757336, 38.691456395207304 ] } },
{ "type": "Feature", "properties": { "fid": 1288, "OBJECTID": 1288.0, "CalSim_ID": "CAPLS", "Riv_Mi": 9.5, "Riv_Name": "Caples Creek", "Comment": "Caples Lake (Twin Lakes Reservoir)", "C2VSIM_GW": null, "C2VSIM_SW": null, "CalSim2_ID": null, "Type": "STR", "Sub_Type": null, "Nrest_Gage": null, "Strm_Code": null, "RM_II": null, "HR": "SAC" }, "geometry": { "type": "Point", "coordinates": [ -120.049717886856371, 38.707104433910274 ] } },
{ "type": "Feature", "properties": { "fid": 1289, "OBJECTID": 1289.0, "CalSim_ID": "CPC010", "Riv_Mi": 9.4, "Riv_Name": "Caples Creek", "Comment": "Caples Lake Outlet near Kirkwood", "C2VSIM_GW": null, "C2VSIM_SW": null, "CalSim2_ID": null, "Type": "CH", "Sub_Type": "SG", "Nrest_Gage": "11437000", "Strm_Code": "CPC", "RM_II": 10, "HR": "SAC" }, "geometry": { "type": "Point", "coordinates": [ -120.050893706235073, 38.707985446089985 ] } },
{ "type": "Feature", "properties": { "fid": 1290, "OBJECTID": 1290.0, "CalSim_ID": "CPC009", "Riv_Mi": 9.32, "Riv_Name": "Caples Creek", "Comment": "Caples Creek Release below Caples Dam near Kirkwood", "C2VSIM_GW": null, "C2VSIM_SW": null, "CalSim2_ID": null, "Type": "CH", "Sub_Type": "SG", "Nrest_Gage": "11436999", "Strm_Code": "CPC", "RM_II": 9, "HR": "SAC" }, "geometry": { "type": "Point", "coordinates": [ -120.051925929693397, 38.708536867267775 ] } },
{ "type": "Feature", "properties": { "fid": 1291, "OBJECTID": 1291.0, "CalSim_ID": "SILVR", "Riv_Mi": 15.6, "Riv_Name": null, "Comment": null, "C2VSIM_GW": null, "C2VSIM_SW": null, "CalSim2_ID": null, "Type": "STR", "Sub_Type": null, "Nrest_Gage": null, "Strm_Code": "SLF", "RM_II": null, "HR": "SAC" }, "geometry": { "type": "Point", "coordinates": [ -120.121727732910571, 38.668340742220032 ] } },
{ "type": "Feature", "properties": { "fid": 1292, "OBJECTID": 1292.0, "CalSim_ID": "SLF015", "Riv_Mi": 14.81, "Riv_Name": "Silver Fork American River", "Comment": "Silver Lake Outlet near Kirkwood", "C2VSIM_GW": null, "C2VSIM_SW": null, "CalSim2_ID": null, "Type": "CH", "Sub_Type": "SG", "Nrest_Gage": "11436000", "Strm_Code": "SLF", "RM_II": 15, "HR": "SAC" }, "geometry": { "type": "Point", "coordinates": [ -120.123018915826023, 38.67145713109015 ] } },
{ "type": "Feature", "properties": { "fid": 1293, "OBJECTID": 1293.0, "CalSim_ID": "SFA067", "Riv_Mi": 66.57, "Riv_Name": "South Fork American River", "Comment": "Confluence with Silver Fork American River", "C2VSIM_GW": null, "C2VSIM_SW": null, "CalSim2_ID": null, "Type": "CH", "Sub_Type": "STM", "Nrest_Gage": null, "Strm_Code": "SFA", "RM_II": 67, "HR": "SAC" }, "geometry": { "type": "Point", "coordinates": [ -120.315477207967774, 38.767456455765839 ] } },
{ "type": "Feature", "properties": { "fid": 1294, "OBJECTID": 1294.0, "CalSim_ID": "CPL001", "Riv_Mi": 0.45, "Riv_Name": "Caples Lake Spillway", "Comment": "Caples Lake Spillway near Kirkwood", "C2VSIM_GW": null, "C2VSIM_SW": null, "CalSim2_ID": null, "Type": "CH", "Sub_Type": "SG", "Nrest_Gage": null, "Strm_Code": "CPL", "RM_II": 1, "HR": "SAC" }, "geometry": { "type": "Point", "coordinates": [ -120.065238652404631, 38.704329525275099 ] } },
{ "type": "Feature", "properties": { "fid": 1295, "OBJECTID": 1295.0, "CalSim_ID": "CPC008", "Riv_Mi": 8.05, "Riv_Name": "Caples Creek", "Comment": "Confluence with Caples Lake Spillway", "C2VSIM_GW": null, "C2VSIM_SW": null, "CalSim2_ID": null, "Type": "CH", "Sub_Type": "STM", "Nrest_Gage": null, "Strm_Code": "CPC", "RM_II": 8, "HR": "SAC" }, "geometry": { "type": "Point", "coordinates": [ -120.070173565073659, 38.708717951645305 ] } },
{ "type": "Feature", "properties": { "fid": 1296, "OBJECTID": 1296.0, "CalSim_ID": "SFA068", "Riv_Mi": 67.82, "Riv_Name": "South Fork American River", "Comment": "South Fork American River at Kyburz", "C2VSIM_GW": null, "C2VSIM_SW": null, "CalSim2_ID": null, "Type": "CH", "Sub_Type": "SG", "Nrest_Gage": "11435500", "Strm_Code": "SFA", "RM_II": 68, "HR": "SAC" }, "geometry": { "type": "Point", "coordinates": [ -120.296593383826377, 38.773742699156102 ] } },
{ "type": "Feature", "properties": { "fid": 1297, "OBJECTID": 1297.0, "CalSim_ID": "SFA085", "Riv_Mi": 84.72, "Riv_Name": "South Fork American River", "Comment": "Confluence with Echo Lake Conduit", "C2VSIM_GW": null, "C2VSIM_SW": null, "CalSim2_ID": null, "Type": "CH", "Sub_Type": "STM", "Nrest_Gage": null, "Strm_Code": "SFA", "RM_II": 85, "HR": "SAC" }, "geometry": { "type": "Point", "coordinates": [ -120.041179759326738, 38.822997751302246 ] } },
{ "type": "Feature", "properties": { "fid": 1298, "OBJECTID": 1298.0, "CalSim_ID": "ELIMP", "Riv_Mi": 0.0, "Riv_Name": "Echo Lake Conduit", "Comment": "Diversion from off model Echo Lake in Truckee River watershed .", "C2VSIM_GW": null, "C2VSIM_SW": null, "CalSim2_ID": null, "Type": "OM", "Sub_Type": "OMR", "Nrest_Gage": null, "Strm_Code": "ELC", "RM_II": 0, "HR": "SAC" }, "geometry": { "type": "Point", "coordinates": [ -120.044070082701339, 38.834774650032067 ] } },
{ "type": "Feature", "properties": { "fid": 1299, "OBJECTID": 1299.0, "CalSim_ID": "ELC001", "Riv_Mi": 0.52, "Riv_Name": "Echo Lake Conduit", "Comment": "Echo Lake Conduit near Phillips", "C2VSIM_GW": null, "C2VSIM_SW": null, "CalSim2_ID": null, "Type": "CH", "Sub_Type": "SG", "Nrest_Gage": "11434500", "Strm_Code": "ELC", "RM_II": 1, "HR": "SAC" }, "geometry": { "type": "Point", "coordinates": [ -120.037687044750385, 38.831015696671557 ] } },
{ "type": "Feature", "properties": { "fid": 1300, "OBJECTID": 1300.0, "CalSim_ID": "SFA066", "Riv_Mi": 66.31, "Riv_Name": "South Fork American River", "Comment": "El Dorado Diversion Dam", "C2VSIM_GW": null, "C2VSIM_SW": null, "CalSim2_ID": null, "Type": "CH", "Sub_Type": "STM", "Nrest_Gage": null, "Strm_Code": "SFA", "RM_II": 66, "HR": "SAC" }, "geometry": { "type": "Point", "coordinates": [ -120.318680757006106, 38.765153204206989 ] } },
{ "type": "Feature", "properties": { "fid": 1301, "OBJECTID": 1301.0, "CalSim_ID": "EDC000", "Riv_Mi": 0.09, "Riv_Name": "El Dorado Canal", "Comment": "El Dorado Canal near Kyburz", "C2VSIM_GW": null, "C2VSIM_SW": null, "CalSim2_ID": null, "Type": "CH", "Sub_Type": "SG", "Nrest_Gage": "11439000", "Strm_Code": "EDC", "RM_II": 0, "HR": "SAC" }, "geometry": { "type": "Point", "coordinates": [ -120.320209242064905, 38.764356561158941 ] } },
{ "type": "Feature", "properties": { "fid": 1302, "OBJECTID": 1302.0, "CalSim_ID": "ALD001", "Riv_Mi": 0.89, "Riv_Name": "Alder Creek", "Comment": "Alder Creek near Whitehall (Creek only)/Alder Creek near Whitehall (Total Flow)", "C2VSIM_GW": null, "C2VSIM_SW": null, "CalSim2_ID": null, "Type": "CH", "Sub_Type": "SG", "Nrest_Gage": "11439999/11440000", "Strm_Code": "ALD", "RM_II": 1, "HR": "SAC" }, "geometry": { "type": "Point", "coordinates": [ -120.37236754217642, 38.755236578490603 ] } },
{ "type": "Feature", "properties": { "fid": 1303, "OBJECTID": 1303.0, "CalSim_ID": "ALD002", "Riv_Mi": 1.1, "Riv_Name": "Alder Creek", "Comment": "Alder Creek Diversion Dam. Diversion to Alder Creek Pipeline", "C2VSIM_GW": null, "C2VSIM_SW": null, "CalSim2_ID": null, "Type": "CH", "Sub_Type": "STM", "Nrest_Gage": null, "Strm_Code": "ALD", "RM_II": 2, "HR": "SAC" }, "geometry": { "type": "Point", "coordinates": [ -120.369285827255695, 38.754239828070624 ] } },
{ "type": "Feature", "properties": { "fid": 1304, "OBJECTID": 1304.0, "CalSim_ID": "EDC004", "Riv_Mi": 3.71, "Riv_Name": "El Dorado Canal", "Comment": "Confluence with Alder Creek Pipeline", "C2VSIM_GW": null, "C2VSIM_SW": null, "CalSim2_ID": null, "Type": "CH", "Sub_Type": "STM", "Nrest_Gage": null, "Strm_Code": "EDC", "RM_II": 4, "HR": "SAC" }, "geometry": { "type": "Point", "coordinates": [ -120.375151757851526, 38.763899677207029 ] } },
{ "type": "Feature", "properties": { "fid": 1305, "OBJECTID": 1305.0, "CalSim_ID": "SFA063", "Riv_Mi": 62.5, "Riv_Name": "South Fork American River", "Comment": "Confluence with Alder Creek", "C2VSIM_GW": null, "C2VSIM_SW": null, "CalSim2_ID": null, "Type": "CH", "Sub_Type": "STM", "Nrest_Gage": null, "Strm_Code": "SFA", "RM_II": 63, "HR": "SAC" }, "geometry": { "type": "Point", "coordinates": [ -120.379772012214232, 38.76610257969341 ] } },
{ "type": "Feature", "properties": { "fid": 1306, "OBJECTID": 1306.0, "CalSim_ID": "ACP001", "Riv_Mi": 0.86, "Riv_Name": "Alder Creek Pipeline", "Comment": "Alder Creek Pipeline near Whitehall", "C2VSIM_GW": null, "C2VSIM_SW": null, "CalSim2_ID": null, "Type": "CH", "Sub_Type": "SG", "Nrest_Gage": "11439950", "Strm_Code": "ACP", "RM_II": 1, "HR": "SAC" }, "geometry": { "type": "Point", "coordinates": [ -120.37521146592043, 38.763570197833921 ] } },
{ "type": "Feature", "properties": { "fid": 1307, "OBJECTID": 1307.0, "CalSim_ID": "SFA065", "Riv_Mi": 65.71, "Riv_Name": "South Fork American River", "Comment": "South Fork American River (River Only)/South Fork American River (Total Flow)", "C2VSIM_GW": null, "C2VSIM_SW": null, "CalSim2_ID": null, "Type": "CH", "Sub_Type": "SG", "Nrest_Gage": "11439500/11439501", "Strm_Code": "SFA", "RM_II": 65, "HR": "SAC" }, "geometry": { "type": "Point", "coordinates": [ -120.328531841437737, 38.763640157761948 ] } },
{ "type": "Feature", "properties": { "fid": 1308, "OBJECTID": 1308.0, "CalSim_ID": "EDC007", "Riv_Mi": 7.13, "Riv_Name": "El Dorado Canal", "Comment": "Ditch Camp 2 Siphon/Spill", "C2VSIM_GW": null, "C2VSIM_SW": null, "CalSim2_ID": null, "Type": "CH", "Sub_Type": "STM", "Nrest_Gage": null, "Strm_Code": "EDC", "RM_II": 7, "HR": "SAC" }, "geometry": { "type": "Point", "coordinates": [ -120.435968189068404, 38.765299376170127 ] } },
{ "type": "Feature", "properties": { "fid": 1309, "OBJECTID": 1309.0, "CalSim_ID": "SFA059", "Riv_Mi": 58.69, "Riv_Name": "South Fork American River", "Comment": "Confluence with Plum Creek", "C2VSIM_GW": null, "C2VSIM_SW": null, "CalSim2_ID": null, "Type": "CH", "Sub_Type": "STM", "Nrest_Gage": null, "Strm_Code": "SFA", "RM_II": 59, "HR": "SAC" }, "geometry": { "type": "Point", "coordinates": [ -120.441863843295806, 38.768424618625239 ] } },
{ "type": "Feature", "properties": { "fid": 1310, "OBJECTID": 1310.0, "CalSim_ID": "PLM001", "Riv_Mi": 1.36, "Riv_Name": "Plum Creek", "Comment": "Plum Creek near Riverton", "C2VSIM_GW": null, "C2VSIM_SW": null, "CalSim2_ID": null, "Type": "CH", "Sub_Type": "SG", "Nrest_Gage": "11440500", "Strm_Code": "PLM", "RM_II": 1, "HR": "SAC" }, "geometry": { "type": "Point", "coordinates": [ -120.428141784906543, 38.753810480963033 ] } },
{ "type": "Feature", "properties": { "fid": 1311, "OBJECTID": 1311.0, "CalSim_ID": "EDC021", "Riv_Mi": 21.25, "Riv_Name": "El Dorado Canal", "Comment": null, "C2VSIM_GW": null, "C2VSIM_SW": null, "CalSim2_ID": null, "Type": "CH", "Sub_Type": "CNL", "Nrest_Gage": null, "Strm_Code": "EDC", "RM_II": 21, "HR": "SAC" }, "geometry": { "type": "Point", "coordinates": [ -120.586163071393756, 38.769270636927338 ] } },
{ "type": "Feature", "properties": { "fid": 1312, "OBJECTID": 1312.0, "CalSim_ID": "EDP003", "Riv_Mi": 2.82, "Riv_Name": "El Dorado Powerhouse Penstocks", "Comment": "El Dorado Powerhouse near Pollock Pines", "C2VSIM_GW": null, "C2VSIM_SW": null, "CalSim2_ID": null, "Type": "CH", "Sub_Type": "SG", "Nrest_Gage": "11439300", "Strm_Code": "EDP", "RM_II": 3, "HR": "SAC" }, "geometry": { "type": "Point", "coordinates": [ -120.619210515637789, 38.793439448233599 ] } },
{ "type": "Feature", "properties": { "fid": 1313, "OBJECTID": 1313.0, "CalSim_ID": "WTPELD", "Riv_Mi": 24.28, "Riv_Name": "El Dorado Canal", "Comment": "Reservoir 1 WTP", "C2VSIM_GW": null, "C2VSIM_SW": null, "CalSim2_ID": null, "Type": "WTP", "Sub_Type": "NA", "Nrest_Gage": null, "Strm_Code": null, "RM_II": null, "HR": "SAC" }, "geometry": { "type": "Point", "coordinates": [ -120.610085510445913, 38.754730013696481 ] } },
{ "type": "Feature", "properties": { "fid": 1314, "OBJECTID": 1314.0, "CalSim_ID": "EIDA1", "Riv_Mi": null, "Riv_Name": null, "Comment": "El Dorado ID Off-model demand (American River)", "C2VSIM_GW": null, "C2VSIM_SW": null, "CalSim2_ID": null, "Type": "OM", "Sub_Type": "OMD", "Nrest_Gage": null, "Strm_Code": null, "RM_II": null, "HR": "SAC" }, "geometry": { "type": "Point", "coordinates": [ -120.630730629192328, 38.754620433300722 ] } },
{ "type": "Feature", "properties": { "fid": 1315, "OBJECTID": 1315.0, "CalSim_ID": "STMMD", "Riv_Mi": 8.935, "Riv_Name": "Pilot Creek", "Comment": "Stumpy Meadows Reservoir", "C2VSIM_GW": null, "C2VSIM_SW": null, "CalSim2_ID": null, "Type": "STR", "Sub_Type": null, "Nrest_Gage": null, "Strm_Code": null, "RM_II": null, "HR": "SAC" }, "geometry": { "type": "Point", "coordinates": [ -120.604279867252487, 38.903446891087633 ] } },
{ "type": "Feature", "properties": { "fid": 1316, "OBJECTID": 1316.0, "CalSim_ID": "PLC009", "Riv_Mi": 8.8, "Riv_Name": "Pilot Creek", "Comment": "Pilot Creek near Georgetown", "C2VSIM_GW": null, "C2VSIM_SW": null, "CalSim2_ID": null, "Type": "CH", "Sub_Type": "SG", "Nrest_Gage": "11432500", "Strm_Code": "PLC", "RM_II": 9, "HR": "SAC" }, "geometry": { "type": "Point", "coordinates": [ -120.606505034264146, 38.904363752588488 ] } },
{ "type": "Feature", "properties": { "fid": 1317, "OBJECTID": 1317.0, "CalSim_ID": "PLC007", "Riv_Mi": 6.12, "Riv_Name": "Pilot Creek", "Comment": "Pilot Creek Diversion Dam to Georgetown Divide Ditch (El Dorado Conduit)", "C2VSIM_GW": null, "C2VSIM_SW": null, "CalSim2_ID": null, "Type": "CH", "Sub_Type": "STM", "Nrest_Gage": null, "Strm_Code": "PLC", "RM_II": 7, "HR": "SAC" }, "geometry": { "type": "Point", "coordinates": [ -120.640351450018812, 38.922175456908029 ] } },
{ "type": "Feature", "properties": { "fid": 1318, "OBJECTID": 1318.0, "CalSim_ID": "PLC006", "Riv_Mi": 5.97, "Riv_Name": "Pilot Creek", "Comment": "Pilot Creek below Mutton Canyon near Georgetown", "C2VSIM_GW": null, "C2VSIM_SW": null, "CalSim2_ID": null, "Type": "CH", "Sub_Type": "SG", "Nrest_Gage": "11433040", "Strm_Code": "PLC", "RM_II": 6, "HR": "SAC" }, "geometry": { "type": "Point", "coordinates": [ -120.641844548018042, 38.923531964030829 ] } },
{ "type": "Feature", "properties": { "fid": 1319, "OBJECTID": 1319.0, "CalSim_ID": "WTPWAL", "Riv_Mi": null, "Riv_Name": null, "Comment": "Lake Walton WTP", "C2VSIM_GW": null, "C2VSIM_SW": null, "CalSim2_ID": null, "Type": "WTP", "Sub_Type": "NA", "Nrest_Gage": null, "Strm_Code": null, "RM_II": null, "HR": "SAC" }, "geometry": { "type": "Point", "coordinates": [ -120.778246835408879, 38.922519775082549 ] } },
{ "type": "Feature", "properties": { "fid": 1320, "OBJECTID": 1320.0, "CalSim_ID": "GDPUD", "Riv_Mi": null, "Riv_Name": null, "Comment": "Georgetown Divide Public Utility District", "C2VSIM_GW": null, "C2VSIM_SW": null, "CalSim2_ID": null, "Type": "OM", "Sub_Type": "OMD", "Nrest_Gage": null, "Strm_Code": null, "RM_II": null, "HR": "SAC" }, "geometry": { "type": "Point", "coordinates": [ -120.855232335291348, 38.908718101996357 ] } },
{ "type": "Feature", "properties": { "fid": 1321, "OBJECTID": 1321.0, "CalSim_ID": "RLT007", "Riv_Mi": 6.9, "Riv_Name": "Ralston Tunnel", "Comment": "Ralston Powerhouse near Foresthill", "C2VSIM_GW": null, "C2VSIM_SW": null, "CalSim2_ID": null, "Type": "CH", "Sub_Type": "SG", "Nrest_Gage": "11427765", "Strm_Code": "RLT", "RM_II": 7, "HR": "SAC" }, "geometry": { "type": "Point", "coordinates": [ -120.724999572219545, 39.001021707316987 ] } },
{ "type": "Feature", "properties": { "fid": 1322, "OBJECTID": 1322.0, "CalSim_ID": "MFA037", "Riv_Mi": 36.24, "Riv_Name": "Middle Fork American River", "Comment": "Confluence with Middle Fork Powerhouse tailrace", "C2VSIM_GW": null, "C2VSIM_SW": null, "CalSim2_ID": null, "Type": "CH", "Sub_Type": "CNL", "Nrest_Gage": null, "Strm_Code": "MFA", "RM_II": 37, "HR": "SAC" }, "geometry": { "type": "Point", "coordinates": [ -120.596533477937967, 39.024953964726272 ] } },
{ "type": "Feature", "properties": { "fid": 1323, "OBJECTID": 1323.0, "CalSim_ID": "MFT000", "Riv_Mi": 0.17, "Riv_Name": "North Fork Long Canyon Creek Diversion Tunnel", "Comment": "North Fork Long Canyon Creek Diversion Tunnel near Volcanoville", "C2VSIM_GW": null, "C2VSIM_SW": null, "CalSim2_ID": null, "Type": "CH", "Sub_Type": "SG", "Nrest_Gage": "11433080", "Strm_Code": "NLC", "RM_II": 0, "HR": "SAC" }, "geometry": { "type": "Point", "coordinates": [ -120.481929546813745, 39.048398660386262 ] } },
{ "type": "Feature", "properties": { "fid": 1324, "OBJECTID": 1324.0, "CalSim_ID": "MOK082", "Riv_Mi": 82.45, "Riv_Name": "Mokelumne River", "Comment": "Electra Powerhouse", "C2VSIM_GW": null, "C2VSIM_SW": null, "CalSim2_ID": null, "Type": "CH", "Sub_Type": "STM", "Nrest_Gage": null, "Strm_Code": "MOK", "RM_II": 82, "HR": "SJR" }, "geometry": { "type": "Point", "coordinates": [ -120.669544588376993, 38.33061714190665 ] } },
{ "type": "Feature", "properties": { "fid": 1325, "OBJECTID": 1325.0, "CalSim_ID": "MOK088", "Riv_Mi": 87.85, "Riv_Name": "Mokelumne River", "Comment": "Confluence with North/Middle Forks", "C2VSIM_GW": null, "C2VSIM_SW": null, "CalSim2_ID": null, "Type": "CH", "Sub_Type": "STM", "Nrest_Gage": null, "Strm_Code": "MOK", "RM_II": 88, "HR": "SJR" }, "geometry": { "type": "Point", "coordinates": [ -120.610552719300813, 38.371981119775306 ] } },
{ "type": "Feature", "properties": { "fid": 1326, "OBJECTID": 1326.0, "CalSim_ID": "NFM006", "Riv_Mi": 6.62, "Riv_Name": "North Fork Mokelumne River", "Comment": "North Fork Mokelumne River below Electra Div Dam near West Point", "C2VSIM_GW": null, "C2VSIM_SW": null, "CalSim2_ID": null, "Type": "CH", "Sub_Type": "SG", "Nrest_Gage": "11316700", "Strm_Code": "NFM", "RM_II": 6, "HR": "SJR" }, "geometry": { "type": "Point", "coordinates": [ -120.550238605895984, 38.420378994789552 ] } },
{ "type": "Feature", "properties": { "fid": 1327, "OBJECTID": 1327.0, "CalSim_ID": "NFM007", "Riv_Mi": 6.71, "Riv_Name": "North Fork Mokelumne River", "Comment": "Electra Diversion Dam", "C2VSIM_GW": null, "C2VSIM_SW": null, "CalSim2_ID": null, "Type": "CH", "Sub_Type": "STM", "Nrest_Gage": null, "Strm_Code": "NFM", "RM_II": 7, "HR": "SJR" }, "geometry": { "type": "Point", "coordinates": [ -120.548620664814877, 38.420565908498524 ] } },
{ "type": "Feature", "properties": { "fid": 1328, "OBJECTID": 1328.0, "CalSim_ID": "NFM009", "Riv_Mi": 10.07, "Riv_Name": "North Fork Mokelumne River", "Comment": "North Fork Mokelumne River below Tiger Creek Reservoir near West Point", "C2VSIM_GW": null, "C2VSIM_SW": null, "CalSim2_ID": null, "Type": "CH", "Sub_Type": "SG", "Nrest_Gage": "11316670", "Strm_Code": "NFM", "RM_II": 9, "HR": "SJR" }, "geometry": { "type": "Point", "coordinates": [ -120.505055708717023, 38.439211884086276 ] } },
{ "type": "Feature", "properties": { "fid": 1329, "OBJECTID": 1329.0, "CalSim_ID": "NFM010", "Riv_Mi": 10.22, "Riv_Name": "North Fork Mokelumne River", "Comment": "Tiger Creek Reservoir Dam", "C2VSIM_GW": null, "C2VSIM_SW": null, "CalSim2_ID": null, "Type": "CH", "Sub_Type": "STM", "Nrest_Gage": null, "Strm_Code": "NFM", "RM_II": 10, "HR": "SJR" }, "geometry": { "type": "Point", "coordinates": [ -120.505144762571206, 38.441420312209061 ] } },
{ "type": "Feature", "properties": { "fid": 1330, "OBJECTID": 1330.0, "CalSim_ID": "NFM011", "Riv_Mi": 11.49, "Riv_Name": "North Fork Mokelumne River", "Comment": "Confluence with Tiger Creek Powerhouse tailrace", "C2VSIM_GW": null, "C2VSIM_SW": null, "CalSim2_ID": null, "Type": "CH", "Sub_Type": "STM", "Nrest_Gage": null, "Strm_Code": "NFM", "RM_II": 11, "HR": "SJR" }, "geometry": { "type": "Point", "coordinates": [ -120.493895372466739, 38.44895696454391 ] } },
{ "type": "Feature", "properties": { "fid": 1331, "OBJECTID": 1331.0, "CalSim_ID": "NFM012", "Riv_Mi": 11.83, "Riv_Name": "North Fork Mokelumne River", "Comment": "North Fork Mokelumne River above Tiger Creek", "C2VSIM_GW": null, "C2VSIM_SW": null, "CalSim2_ID": null, "Type": "CH", "Sub_Type": "SG", "Nrest_Gage": "11316600", "Strm_Code": "NFM", "RM_II": 12, "HR": "SJR" }, "geometry": { "type": "Point", "coordinates": [ -120.490270487670571, 38.446404194037115 ] } },
{ "type": "Feature", "properties": { "fid": 1332, "OBJECTID": 1332.0, "CalSim_ID": "NFM024", "Riv_Mi": 24.4, "Riv_Name": "North Fork Mokelumne River", "Comment": "Confluence with Bear River (below Lower Bear River Reservoir)", "C2VSIM_GW": null, "C2VSIM_SW": null, "CalSim2_ID": null, "Type": "CH", "Sub_Type": "STM", "Nrest_Gage": null, "Strm_Code": "NFM", "RM_II": 24, "HR": "SJR" }, "geometry": { "type": "Point", "coordinates": [ -120.29716759061526, 38.475885473536167 ] } },
{ "type": "Feature", "properties": { "fid": 1333, "OBJECTID": 1333.0, "CalSim_ID": "SLTSP", "Riv_Mi": 29.82, "Riv_Name": "North Fork Mokelumne River", "Comment": "Salt Springs Reservoir Dam", "C2VSIM_GW": null, "C2VSIM_SW": null, "CalSim2_ID": null, "Type": "STR", "Sub_Type": null, "Nrest_Gage": null, "Strm_Code": "NFM", "RM_II": null, "HR": "SJR" }, "geometry": { "type": "Point", "coordinates": [ -120.215279726586559, 38.498444236993734 ] } },
{ "type": "Feature", "properties": { "fid": 1334, "OBJECTID": 1334.0, "CalSim_ID": "NFM029", "Riv_Mi": 29.34, "Riv_Name": "North Fork Mokelumne River", "Comment": "North Fork Mokelumne River below Salt Springs Dam", "C2VSIM_GW": null, "C2VSIM_SW": null, "CalSim2_ID": null, "Type": "CH", "Sub_Type": "SG", "Nrest_Gage": "11314500", "Strm_Code": "NFM", "RM_II": 29, "HR": "SJR" }, "geometry": { "type": "Point", "coordinates": [ -120.221328105935484, 38.493705762699577 ] } },
{ "type": "Feature", "properties": { "fid": 1335, "OBJECTID": 1335.0, "CalSim_ID": "LBEAR", "Riv_Mi": 5.73, "Riv_Name": "Bear River", "Comment": "Lower Bear River Reservoir Dam", "C2VSIM_GW": null, "C2VSIM_SW": null, "CalSim2_ID": null, "Type": "STR", "Sub_Type": null, "Nrest_Gage": null, "Strm_Code": "BRV", "RM_II": null, "HR": "SJR" }, "geometry": { "type": "Point", "coordinates": [ -120.255852130828686, 38.540168837546972 ] } },
{ "type": "Feature", "properties": { "fid": 1336, "OBJECTID": 1336.0, "CalSim_ID": "BRV005", "Riv_Mi": 5.43, "Riv_Name": "Bear River", "Comment": "Bear River below Lower Bear River Dam", "C2VSIM_GW": null, "C2VSIM_SW": null, "CalSim2_ID": null, "Type": "CH", "Sub_Type": "SG", "Nrest_Gage": "11315900", "Strm_Code": "BRV", "RM_II": 5, "HR": "SJR" }, "geometry": { "type": "Point", "coordinates": [ -120.257437709830128, 38.536251661803249 ] } },
{ "type": "Feature", "properties": { "fid": 1337, "OBJECTID": 1337.0, "CalSim_ID": "BRV002", "Riv_Mi": 1.51, "Riv_Name": "Bear River", "Comment": "Bear River Diversion Dam", "C2VSIM_GW": null, "C2VSIM_SW": null, "CalSim2_ID": null, "Type": "CH", "Sub_Type": "STM", "Nrest_Gage": null, "Strm_Code": "BRV", "RM_II": 2, "HR": "SJR" }, "geometry": { "type": "Point", "coordinates": [ -120.290055666862543, 38.492352341199819 ] } },
{ "type": "Feature", "properties": { "fid": 1338, "OBJECTID": 1338.0, "CalSim_ID": "BRV001", "Riv_Mi": 1.44, "Riv_Name": "Bear River", "Comment": "Bear River below Bear River Diversion Dam", "C2VSIM_GW": null, "C2VSIM_SW": null, "CalSim2_ID": null, "Type": "CH", "Sub_Type": "SG", "Nrest_Gage": "11316100", "Strm_Code": "BRV", "RM_II": 1, "HR": "SJR" }, "geometry": { "type": "Point", "coordinates": [ -120.290458053578504, 38.491383737435996 ] } },
{ "type": "Feature", "properties": { "fid": 1339, "OBJECTID": 1339.0, "CalSim_ID": "TGR006", "Riv_Mi": 6.19, "Riv_Name": "Tiger Creek Regulatory Canal", "Comment": "Confluence with Bear River Diversion. Possible spill just downstream", "C2VSIM_GW": null, "C2VSIM_SW": null, "CalSim2_ID": null, "Type": "CH", "Sub_Type": "STM", "Nrest_Gage": null, "Strm_Code": "TGR", "RM_II": 6, "HR": "SJR" }, "geometry": { "type": "Point", "coordinates": [ -120.291375861357295, 38.490287689556908 ] } },
{ "type": "Feature", "properties": { "fid": 1340, "OBJECTID": 1340.0, "CalSim_ID": "BRV003", "Riv_Mi": 1.6, "Riv_Name": "Bear River", "Comment": "Bear River near Salt Springs Dam", "C2VSIM_GW": null, "C2VSIM_SW": null, "CalSim2_ID": null, "Type": "CH", "Sub_Type": "SG", "Nrest_Gage": "11316000", "Strm_Code": "BRV", "RM_II": 3, "HR": "SJR" }, "geometry": { "type": "Point", "coordinates": [ -120.289043755022107, 38.493371390378528 ] } },
{ "type": "Feature", "properties": { "fid": 1341, "OBJECTID": 1341.0, "CalSim_ID": "TGR000", "Riv_Mi": 0.08, "Riv_Name": "Tiger Creek Regulatory Canal", "Comment": "Confluence of Salt Springs and Lower Bear River power diversions", "C2VSIM_GW": null, "C2VSIM_SW": null, "CalSim2_ID": null, "Type": "CH", "Sub_Type": "CNL", "Nrest_Gage": null, "Strm_Code": "TGR", "RM_II": 0, "HR": "SJR" }, "geometry": { "type": "Point", "coordinates": [ -120.218327589616877, 38.497755885760093 ] } },
{ "type": "Feature", "properties": { "fid": 1342, "OBJECTID": 1342.0, "CalSim_ID": "TGR018", "Riv_Mi": 17.73, "Riv_Name": "Tiger Creek Conduit", "Comment": "Tiger Creek below Regulator Reservoir near Pioneer", "C2VSIM_GW": null, "C2VSIM_SW": null, "CalSim2_ID": null, "Type": "CH", "Sub_Type": "SG", "Nrest_Gage": "11316605", "Strm_Code": "TGR", "RM_II": 18, "HR": "SJR" }, "geometry": { "type": "Point", "coordinates": [ -120.452349293505264, 38.477034211996575 ] } },
{ "type": "Feature", "properties": { "fid": 1343, "OBJECTID": 1343.0, "CalSim_ID": "TGR021", "Riv_Mi": 21.07, "Riv_Name": "Tiger Creek Conduit", "Comment": "Tiger Creek Powerhouse near West Point", "C2VSIM_GW": null, "C2VSIM_SW": null, "CalSim2_ID": null, "Type": "CH", "Sub_Type": "SG", "Nrest_Gage": "11316610", "Strm_Code": "TGR", "RM_II": 21, "HR": "SJR" }, "geometry": { "type": "Point", "coordinates": [ -120.493024821208238, 38.449028537368775 ] } },
{ "type": "Feature", "properties": { "fid": 1344, "OBJECTID": 1344.0, "CalSim_ID": "ELT000", "Riv_Mi": 0.03, "Riv_Name": "Electra Tunnel", "Comment": "West Point PH tailrace/Electra Diversion mixing point", "C2VSIM_GW": null, "C2VSIM_SW": null, "CalSim2_ID": null, "Type": "CH", "Sub_Type": "CNL", "Nrest_Gage": null, "Strm_Code": "ELT", "RM_II": 0, "HR": "SJR" }, "geometry": { "type": "Point", "coordinates": [ -120.549468300654212, 38.420940514651065 ] } },
{ "type": "Feature", "properties": { "fid": 1345, "OBJECTID": 1345.0, "CalSim_ID": "TBAUD", "Riv_Mi": null, "Riv_Name": null, "Comment": "Lake Tabeaud", "C2VSIM_GW": null, "C2VSIM_SW": null, "CalSim2_ID": null, "Type": "STR", "Sub_Type": null, "Nrest_Gage": null, "Strm_Code": null, "RM_II": null, "HR": "SJR" }, "geometry": { "type": "Point", "coordinates": [ -120.666449550891443, 38.348491128822197 ] } },
{ "type": "Feature", "properties": { "fid": 1346, "OBJECTID": 1346.0, "CalSim_ID": "AMDOR", "Riv_Mi": null, "Riv_Name": null, "Comment": "Combined off-model diversion from Buckhorn and Tanner WTPs", "C2VSIM_GW": null, "C2VSIM_SW": null, "CalSim2_ID": null, "Type": "OM", "Sub_Type": "OMD", "Nrest_Gage": null, "Strm_Code": null, "RM_II": null, "HR": "SJR" }, "geometry": { "type": "Point", "coordinates": [ -120.78916609668299, 38.444485908635443 ] } },
{ "type": "Feature", "properties": { "fid": 1347, "OBJECTID": 1347.0, "CalSim_ID": "MFM008", "Riv_Mi": 8.28, "Riv_Name": "Middle Fork Mokelumne River", "Comment": "Confluence with Bear Creek (Mokelumne)", "C2VSIM_GW": null, "C2VSIM_SW": null, "CalSim2_ID": null, "Type": "CH", "Sub_Type": "STM", "Nrest_Gage": null, "Strm_Code": "MFM", "RM_II": 8, "HR": "SJR" }, "geometry": { "type": "Point", "coordinates": [ -120.497076189591752, 38.384720406725144 ] } },
{ "type": "Feature", "properties": { "fid": 1348, "OBJECTID": 1348.0, "CalSim_ID": "BCM003", "Riv_Mi": 2.68, "Riv_Name": "Bear Creek (Mokelumne)", "Comment": "West Point WTP Bear Creek Diversion", "C2VSIM_GW": null, "C2VSIM_SW": null, "CalSim2_ID": null, "Type": "CH", "Sub_Type": "STM", "Nrest_Gage": null, "Strm_Code": "BCM", "RM_II": 3, "HR": "SJR" }, "geometry": { "type": "Point", "coordinates": [ -120.490266461877169, 38.414096921395746 ] } },
{ "type": "Feature", "properties": { "fid": 1349, "OBJECTID": 1349.0, "CalSim_ID": "MFM007", "Riv_Mi": 6.79, "Riv_Name": "Middle Fork Mokelumne River", "Comment": "West Point WTP Middle Fork Mokelumne Diversion", "C2VSIM_GW": null, "C2VSIM_SW": null, "CalSim2_ID": null, "Type": "CH", "Sub_Type": "STM", "Nrest_Gage": null, "Strm_Code": "MFM", "RM_II": 7, "HR": "SJR" }, "geometry": { "type": "Point", "coordinates": [ -120.516392654671506, 38.385160049849468 ] } },
{ "type": "Feature", "properties": { "fid": 1350, "OBJECTID": 1350.0, "CalSim_ID": "MFM001", "Riv_Mi": 1.44, "Riv_Name": "Middle Fork Mokelumne River", "Comment": "Confluence with South Fork Mokelumne River", "C2VSIM_GW": null, "C2VSIM_SW": null, "CalSim2_ID": null, "Type": "CH", "Sub_Type": "STM", "Nrest_Gage": null, "Strm_Code": "MFM", "RM_II": 1, "HR": "SJR" }, "geometry": { "type": "Point", "coordinates": [ -120.586643013376815, 38.374636743190074 ] } },
{ "type": "Feature", "properties": { "fid": 1351, "OBJECTID": 1351.0, "CalSim_ID": "MFM006", "Riv_Mi": 6.09, "Riv_Name": "Middle Fork Mokelumne River", "Comment": "Midel Fork Mokelumne River at West Point", "C2VSIM_GW": null, "C2VSIM_SW": null, "CalSim2_ID": null, "Type": "CH", "Sub_Type": "SG", "Nrest_Gage": "11317000", "Strm_Code": "MFM", "RM_II": 6, "HR": "SJR" }, "geometry": { "type": "Point", "coordinates": [ -120.526742400820652, 38.389377607162182 ] } },
{ "type": "Feature", "properties": { "fid": 1352, "OBJECTID": 1352.0, "CalSim_ID": "WSPNT", "Riv_Mi": null, "Riv_Name": null, "Comment": "West Point WTP (Calaveras County Water District)", "C2VSIM_GW": null, "C2VSIM_SW": null, "CalSim2_ID": null, "Type": "OM", "Sub_Type": "OMD", "Nrest_Gage": null, "Strm_Code": null, "RM_II": null, "HR": "SJR" }, "geometry": { "type": "Point", "coordinates": [ -120.514522892151462, 38.406930025053072 ] } },
{ "type": "Feature", "properties": { "fid": 1353, "OBJECTID": 1353.0, "CalSim_ID": "SFM003", "Riv_Mi": 2.74, "Riv_Name": "South Fork Mokelumne River", "Comment": "South Fork Mokelumne River near West Point", "C2VSIM_GW": null, "C2VSIM_SW": null, "CalSim2_ID": null, "Type": "CH", "Sub_Type": "SG", "Nrest_Gage": "11318500", "Strm_Code": "SFM", "RM_II": 3, "HR": "SJR" }, "geometry": { "type": "Point", "coordinates": [ -120.545484810713276, 38.368200963408725 ] } },
{ "type": "Feature", "properties": { "fid": 1354, "OBJECTID": 1354.0, "CalSim_ID": "SFM005", "Riv_Mi": 5.19, "Riv_Name": "South Fork Mokelumne River", "Comment": "Jeff Davis Pipeline Diversion", "C2VSIM_GW": null, "C2VSIM_SW": null, "CalSim2_ID": null, "Type": "CH", "Sub_Type": "STM", "Nrest_Gage": null, "Strm_Code": "SFM", "RM_II": 5, "HR": "SJR" }, "geometry": { "type": "Point", "coordinates": [ -120.507481518363676, 38.3626928330563 ] } },
{ "type": "Feature", "properties": { "fid": 1355, "OBJECTID": 1355.0, "CalSim_ID": "MHILL", "Riv_Mi": null, "Riv_Name": null, "Comment": "Jeff Davis Water Treatment Plant", "C2VSIM_GW": null, "C2VSIM_SW": null, "CalSim2_ID": null, "Type": "OM", "Sub_Type": "OMD", "Nrest_Gage": null, "Strm_Code": null, "RM_II": null, "HR": "SJR" }, "geometry": { "type": "Point", "coordinates": [ -120.543098939882952, 38.343497888272552 ] } },
{ "type": "Feature", "properties": { "fid": 1356, "OBJECTID": 1356.0, "CalSim_ID": "TGR001", "Riv_Mi": 0.24, "Riv_Name": "Tiger Creek Regulating Canal (MoqAque)", "Comment": "Tiger Creek Conduit below Salt Springs Dam", "C2VSIM_GW": null, "C2VSIM_SW": null, "CalSim2_ID": null, "Type": "CH", "Sub_Type": "SG", "Nrest_Gage": "11314000", "Strm_Code": "TGR", "RM_II": 1, "HR": "SJR" }, "geometry": { "type": "Point", "coordinates": [ -120.220255134066434, 38.495810915651376 ] } },
{ "type": "Feature", "properties": { "fid": 1357, "OBJECTID": 1357.0, "CalSim_ID": "CSM052", "Riv_Mi": 51.67, "Riv_Name": "Cosumnes River", "Comment": "Confluence with Middle Fork Cosumnes River (Middle/South Fork flows simulated at CSM035)", "C2VSIM_GW": null, "C2VSIM_SW": null, "CalSim2_ID": null, "Type": "CH", "Sub_Type": "STM", "Nrest_Gage": null, "Strm_Code": "CSM", "RM_II": 52, "HR": "SJR" }, "geometry": { "type": "Point", "coordinates": [ -120.847294753698208, 38.553880236764805 ] } },
{ "type": "Feature", "properties": { "fid": 1358, "OBJECTID": 1358.0, "CalSim_ID": "NFC019", "Riv_Mi": 19.2, "Riv_Name": "North Fork Cosumnes River", "Comment": "Confluence with Camp Creek", "C2VSIM_GW": null, "C2VSIM_SW": null, "CalSim2_ID": null, "Type": "CH", "Sub_Type": "STM", "Nrest_Gage": null, "Strm_Code": "NFC", "RM_II": 19, "HR": "SJR" }, "geometry": { "type": "Point", "coordinates": [ -120.666317723063145, 38.655059873429686 ] } },
{ "type": "Feature", "properties": { "fid": 1359, "OBJECTID": 1359.0, "CalSim_ID": "CMP001", "Riv_Mi": 0.2, "Riv_Name": "Camp Creek", "Comment": "Camp Creek near Somerset", "C2VSIM_GW": null, "C2VSIM_SW": null, "CalSim2_ID": null, "Type": "CH", "Sub_Type": "SG", "Nrest_Gage": "11333000", "Strm_Code": "NFC", "RM_II": 1, "HR": "SJR" }, "geometry": { "type": "Point", "coordinates": [ -120.663843551972647, 38.657179616600828 ] } },
{ "type": "Feature", "properties": { "fid": 1360, "OBJECTID": 1360.0, "CalSim_ID": "CMP005", "Riv_Mi": 5.29, "Riv_Name": "Camp Creek", "Comment": "Confluence with Sly Park Creek", "C2VSIM_GW": null, "C2VSIM_SW": null, "CalSim2_ID": null, "Type": "CH", "Sub_Type": "STM", "Nrest_Gage": null, "Strm_Code": "CMP", "RM_II": 5, "HR": "SJR" }, "geometry": { "type": "Point", "coordinates": [ -120.596712850912198, 38.687482778622915 ] } },
{ "type": "Feature", "properties": { "fid": 1361, "OBJECTID": 1361.0, "CalSim_ID": "JNKSN", "Riv_Mi": 3.94, "Riv_Name": "Sly Park Creek", "Comment": "Jenkinson Lake Dam (Sly Park Reservoir)", "C2VSIM_GW": null, "C2VSIM_SW": null, "CalSim2_ID": null, "Type": "STR", "Sub_Type": null, "Nrest_Gage": null, "Strm_Code": null, "RM_II": null, "HR": "SJR" }, "geometry": { "type": "Point", "coordinates": [ -120.561556815319065, 38.715164748166067 ] } },
{ "type": "Feature", "properties": { "fid": 1362, "OBJECTID": 1362.0, "CalSim_ID": "CMP014", "Riv_Mi": 13.9, "Riv_Name": "Camp Creek", "Comment": "Camp Creek Diversion Dam (Camp Creek Tunnel)", "C2VSIM_GW": null, "C2VSIM_SW": null, "CalSim2_ID": null, "Type": "CH", "Sub_Type": "STM", "Nrest_Gage": null, "Strm_Code": "CMP", "RM_II": 14, "HR": "SJR" }, "geometry": { "type": "Point", "coordinates": [ -120.525057015603679, 38.724609087075088 ] } },
{ "type": "Feature", "properties": { "fid": 1363, "OBJECTID": 1363.0, "CalSim_ID": "CMC002", "Riv_Mi": 1.97, "Riv_Name": "Camino Conduit", "Comment": "Sly Park Intertie and Camino Conduit connection", "C2VSIM_GW": null, "C2VSIM_SW": null, "CalSim2_ID": null, "Type": "CH", "Sub_Type": "CNL", "Nrest_Gage": null, "Strm_Code": "CMC", "RM_II": 2, "HR": "SJR" }, "geometry": { "type": "Point", "coordinates": [ -120.59609524054116, 38.71217651446765 ] } },
{ "type": "Feature", "properties": { "fid": 1364, "OBJECTID": 1364.0, "CalSim_ID": "MFF087", "Riv_Mi": 87.41, "Riv_Name": "Middle Fork Feather River", "Comment": "Middle Fork Feather River near Portola", "C2VSIM_GW": null, "C2VSIM_SW": null, "CalSim2_ID": null, "Type": "CH", "Sub_Type": "SG", "Nrest_Gage": "11392100", "Strm_Code": "MFF", "RM_II": 87, "HR": "SAC" }, "geometry": { "type": "Point", "coordinates": [ -120.444433367914471, 39.818828115737581 ] } },
{ "type": "Feature", "properties": { "fid": 1365, "OBJECTID": 1365.0, "CalSim_ID": "MFF088", "Riv_Mi": 88.46, "Riv_Name": "Middle Fork Feather River", "Comment": "Confluence with Big Grizzly Creek", "C2VSIM_GW": null, "C2VSIM_SW": null, "CalSim2_ID": null, "Type": "CH", "Sub_Type": "STM", "Nrest_Gage": null, "Strm_Code": "MFF", "RM_II": 88, "HR": "SAC" }, "geometry": { "type": "Point", "coordinates": [ -120.427890019852398, 39.81768259367059 ] } },
{ "type": "Feature", "properties": { "fid": 1366, "OBJECTID": 1366.0, "CalSim_ID": "MFF095", "Riv_Mi": 94.98, "Riv_Name": "Middle Fork Feather River", "Comment": "Confluence with North Channel Little Last Chance Creek", "C2VSIM_GW": null, "C2VSIM_SW": null, "CalSim2_ID": null, "Type": "CH", "Sub_Type": "STM", "Nrest_Gage": null, "Strm_Code": "MFF", "RM_II": 95, "HR": "SAC" }, "geometry": { "type": "Point", "coordinates": [ -120.362029038169482, 39.791496401746485 ] } },
{ "type": "Feature", "properties": { "fid": 1367, "OBJECTID": 1367.0, "CalSim_ID": "NLL016", "Riv_Mi": 15.73, "Riv_Name": "North Channel Little Last Chance Creek", "Comment": "Confluence with Little Last Chance Creek and East Channel Little Last Chance Creek", "C2VSIM_GW": null, "C2VSIM_SW": null, "CalSim2_ID": null, "Type": "CH", "Sub_Type": "STM", "Nrest_Gage": null, "Strm_Code": "NLL", "RM_II": 16, "HR": "SAC" }, "geometry": { "type": "Point", "coordinates": [ -120.162588488876935, 39.822944733585238 ] } },
{ "type": "Feature", "properties": { "fid": 1368, "OBJECTID": 1368.0, "CalSim_ID": "LLC007", "Riv_Mi": 7.3, "Riv_Name": "Little Last Chance Creek", "Comment": "Little Last Chance Creek below Frenchman Dam near Chilcoot", "C2VSIM_GW": null, "C2VSIM_SW": null, "CalSim2_ID": null, "Type": "CH", "Sub_Type": "SG", "Nrest_Gage": "11391400", "Strm_Code": "LLC", "RM_II": 7, "HR": "SAC" }, "geometry": { "type": "Point", "coordinates": [ -120.189163547891837, 39.89321058299975 ] } },
{ "type": "Feature", "properties": { "fid": 1369, "OBJECTID": 1369.0, "CalSim_ID": "FRMAN", "Riv_Mi": 7.36, "Riv_Name": "Little Last Chance Creek", "Comment": "Frenchman Lake Dam", "C2VSIM_GW": null, "C2VSIM_SW": null, "CalSim2_ID": null, "Type": "STR", "Sub_Type": null, "Nrest_Gage": null, "Strm_Code": "LLC", "RM_II": null, "HR": "SAC" }, "geometry": { "type": "Point", "coordinates": [ -120.19001690466348, 39.893752756177243 ] } },
{ "type": "Feature", "properties": { "fid": 1370, "OBJECTID": 1370.0, "CalSim_ID": "DAVIS", "Riv_Mi": 6.62, "Riv_Name": "Big Grizzly Creek", "Comment": "Lake Davis - Big Grizzly Creek at Grizzly Valley Dam near Portola", "C2VSIM_GW": null, "C2VSIM_SW": null, "CalSim2_ID": null, "Type": "STR", "Sub_Type": null, "Nrest_Gage": "11391500", "Strm_Code": "BGC", "RM_II": null, "HR": "SAC" }, "geometry": { "type": "Point", "coordinates": [ -120.476667491338304, 39.883749130867464 ] } },
{ "type": "Feature", "properties": { "fid": 1371, "OBJECTID": 1371.0, "CalSim_ID": "BGC002", "Riv_Mi": 1.57, "Riv_Name": "Big Grizzly Creek", "Comment": "PCFCWCD redivert for Grizzly Ranch CSD APP16950,21443/Prmt15254,15255", "C2VSIM_GW": null, "C2VSIM_SW": null, "CalSim2_ID": null, "Type": "CH", "Sub_Type": "STM", "Nrest_Gage": null, "Strm_Code": "BGC", "RM_II": 2, "HR": "SAC" }, "geometry": { "type": "Point", "coordinates": [ -120.427655969507171, 39.835959138935749 ] } },
{ "type": "Feature", "properties": { "fid": 1372, "OBJECTID": 1372.0, "CalSim_ID": "LCCWD", "Riv_Mi": null, "Riv_Name": null, "Comment": "Little Last Chance Irrigation District", "C2VSIM_GW": null, "C2VSIM_SW": null, "CalSim2_ID": null, "Type": "OM", "Sub_Type": "OMD", "Nrest_Gage": null, "Strm_Code": null, "RM_II": null, "HR": "SAC" }, "geometry": { "type": "Point", "coordinates": [ -120.220922797819327, 39.813161573731037 ] } },
{ "type": "Feature", "properties": { "fid": 1373, "OBJECTID": 1373.0, "CalSim_ID": "PLMAS", "Riv_Mi": null, "Riv_Name": null, "Comment": "Grizzly Ranch/PCFCWCD demand", "C2VSIM_GW": null, "C2VSIM_SW": null, "CalSim2_ID": null, "Type": "OM", "Sub_Type": "OMD", "Nrest_Gage": null, "Strm_Code": null, "RM_II": null, "HR": "SAC" }, "geometry": { "type": "Point", "coordinates": [ -120.417907217885968, 39.835994665112779 ] } },
{ "type": "Feature", "properties": { "fid": 1374, "OBJECTID": 1374.0, "CalSim_ID": "NFF029", "Riv_Mi": 28.14, "Riv_Name": "North Fork Feather River", "Comment": "Poe Forebay diversion to Poe Tunnel/Poe PH", "C2VSIM_GW": null, "C2VSIM_SW": null, "CalSim2_ID": null, "Type": "CH", "Sub_Type": "STM", "Nrest_Gage": null, "Strm_Code": "NFF", "RM_II": 29, "HR": "SAC" }, "geometry": { "type": "Point", "coordinates": [ -121.432387382451935, 39.809590137759933 ] } },
{ "type": "Feature", "properties": { "fid": 1375, "OBJECTID": 1375.0, "CalSim_ID": "NFF028", "Riv_Mi": 27.97, "Riv_Name": "North Fork Feather River", "Comment": "North Fork Feather River below Poe Dam", "C2VSIM_GW": null, "C2VSIM_SW": null, "CalSim2_ID": null, "Type": "CH", "Sub_Type": "SG", "Nrest_Gage": "114044", "Strm_Code": "NFF", "RM_II": 28, "HR": "SAC" }, "geometry": { "type": "Point", "coordinates": [ -121.435302258941249, 39.808539229677763 ] } },
{ "type": "Feature", "properties": { "fid": 1376, "OBJECTID": 1376.0, "CalSim_ID": "POE006", "Riv_Mi": 6.42, "Riv_Name": "Poe Powerhouse", "Comment": "Poe Powerhouse below Poe Dam near Jarbo Gap/Combined Flow North Fork Feather River Pulga and Poe Powerhouse.", "C2VSIM_GW": null, "C2VSIM_SW": null, "CalSim2_ID": null, "Type": "CH", "Sub_Type": "SG", "Nrest_Gage": "11404900/11404901", "Strm_Code": "POE", "RM_II": 6, "HR": "SAC" }, "geometry": { "type": "Point", "coordinates": [ -121.469552788084727, 39.722998804760444 ] } },
{ "type": "Feature", "properties": { "fid": 1377, "OBJECTID": 1377.0, "CalSim_ID": "NFF020", "Riv_Mi": 20.29, "Riv_Name": "North Fork Feather River", "Comment": "Confluence with Poe Powerhouse tailwater", "C2VSIM_GW": null, "C2VSIM_SW": null, "CalSim2_ID": null, "Type": "CH", "Sub_Type": "STM", "Nrest_Gage": null, "Strm_Code": "NFF", "RM_II": 20, "HR": "SAC" }, "geometry": { "type": "Point", "coordinates": [ -121.469646331077755, 39.721489492670059 ] } },
{ "type": "Feature", "properties": { "fid": 1378, "OBJECTID": 1378.0, "CalSim_ID": "NFF035", "Riv_Mi": 34.77, "Riv_Name": "North Fork Feather River", "Comment": "Cresta Forebay Dam", "C2VSIM_GW": null, "C2VSIM_SW": null, "CalSim2_ID": null, "Type": "CH", "Sub_Type": "STM", "Nrest_Gage": null, "Strm_Code": "NFF", "RM_II": 35, "HR": "SAC" }, "geometry": { "type": "Point", "coordinates": [ -121.373635507506691, 39.876138764036895 ] } },
{ "type": "Feature", "properties": { "fid": 1379, "OBJECTID": 1379.0, "CalSim_ID": "NFF039", "Riv_Mi": 38.78, "Riv_Name": "North Fork Feather River", "Comment": "Confluence with Bucks Creek above Bucks Creek Powerhouse at Storrie", "C2VSIM_GW": null, "C2VSIM_SW": null, "CalSim2_ID": null, "Type": "CH", "Sub_Type": "STM", "Nrest_Gage": "11403700", "Strm_Code": "NFF", "RM_II": 39, "HR": "SAC" }, "geometry": { "type": "Point", "coordinates": [ -121.326511996375629, 39.91431003574661 ] } },
{ "type": "Feature", "properties": { "fid": 1380, "OBJECTID": 1380.0, "CalSim_ID": "BUK007", "Riv_Mi": 7.28, "Riv_Name": "Bucks Creek", "Comment": "Bucks Creek below Diversion Dam near Bucks Lodge", "C2VSIM_GW": null, "C2VSIM_SW": null, "CalSim2_ID": null, "Type": "CH", "Sub_Type": "SG", "Nrest_Gage": "11403530", "Strm_Code": "BUK", "RM_II": 7, "HR": "SAC" }, "geometry": { "type": "Point", "coordinates": [ -121.230866900756112, 39.904267677855636 ] } },
{ "type": "Feature", "properties": { "fid": 1381, "OBJECTID": 1381.0, "CalSim_ID": "NFF045", "Riv_Mi": 45.36, "Riv_Name": "North Fork Feather River", "Comment": "Sum of North Fork Feather River below Rock Creek Diversion Dam and Rock Creek Powerhouse near Storrie", "C2VSIM_GW": null, "C2VSIM_SW": null, "CalSim2_ID": null, "Type": "CH", "Sub_Type": "SG", "Nrest_Gage": "11403200/11408300", "Strm_Code": "NFF", "RM_II": 45, "HR": "SAC" }, "geometry": { "type": "Point", "coordinates": [ -121.277057017900546, 39.980090037260162 ] } },
{ "type": "Feature", "properties": { "fid": 1382, "OBJECTID": 1382.0, "CalSim_ID": "NFF046", "Riv_Mi": 46.06, "Riv_Name": "North Fork Feather River", "Comment": "Rock Creek Forebay Dam", "C2VSIM_GW": null, "C2VSIM_SW": null, "CalSim2_ID": null, "Type": "CH", "Sub_Type": "STM", "Nrest_Gage": null, "Strm_Code": "NFF", "RM_II": 46, "HR": "SAC" }, "geometry": { "type": "Point", "coordinates": [ -121.283231509556913, 39.986864022281821 ] } },
{ "type": "Feature", "properties": { "fid": 1383, "OBJECTID": 1383.0, "CalSim_ID": "NFF060", "Riv_Mi": 60.52, "Riv_Name": "North Fork Feather River", "Comment": "Confluence with Butt Creek", "C2VSIM_GW": null, "C2VSIM_SW": null, "CalSim2_ID": null, "Type": "CH", "Sub_Type": "STM", "Nrest_Gage": null, "Strm_Code": "NFF", "RM_II": 60, "HR": "SAC" }, "geometry": { "type": "Point", "coordinates": [ -121.131470909031492, 40.093327192866212 ] } },
{ "type": "Feature", "properties": { "fid": 1384, "OBJECTID": 1384.0, "CalSim_ID": "NFF059", "Riv_Mi": 59.2, "Riv_Name": "North Fork Feather River", "Comment": "Confluence with Caribou Powerhouses 1 and 2 tailwater.", "C2VSIM_GW": null, "C2VSIM_SW": null, "CalSim2_ID": null, "Type": "CH", "Sub_Type": "STM", "Nrest_Gage": null, "Strm_Code": "NFF", "RM_II": 59, "HR": "SAC" }, "geometry": { "type": "Point", "coordinates": [ -121.148990408538069, 40.085606283515723 ] } },
{ "type": "Feature", "properties": { "fid": 1385, "OBJECTID": 1385.0, "CalSim_ID": "CRB002", "Riv_Mi": null, "Riv_Name": "Representative Caribou No.1 and No.2 Tunnels", "Comment": "Caribou Powerhouses No. 1 and No. 2 at Caribou", "C2VSIM_GW": null, "C2VSIM_SW": null, "CalSim2_ID": null, "Type": "CH", "Sub_Type": "SG", "Nrest_Gage": "11401050", "Strm_Code": "CRB", "RM_II": 2, "HR": "SAC" }, "geometry": { "type": "Point", "coordinates": [ -121.148571814478927, 40.085977506100434 ] } },
{ "type": "Feature", "properties": { "fid": 1386, "OBJECTID": 1386.0, "CalSim_ID": "BTVLY", "Riv_Mi": 2.05, "Riv_Name": "Butt Creek", "Comment": "Butt Valley Reservoir near Caribou", "C2VSIM_GW": null, "C2VSIM_SW": null, "CalSim2_ID": null, "Type": "STR", "Sub_Type": null, "Nrest_Gage": null, "Strm_Code": null, "RM_II": null, "HR": "SAC" }, "geometry": { "type": "Point", "coordinates": [ -121.144657539102781, 40.115487447878614 ] } },
{ "type": "Feature", "properties": { "fid": 1387, "OBJECTID": 1387.0, "CalSim_ID": "NFF050", "Riv_Mi": 50.49, "Riv_Name": "North Fork Feather River", "Comment": "Confluence with East Branch North Fork Feather River", "C2VSIM_GW": null, "C2VSIM_SW": null, "CalSim2_ID": null, "Type": "CH", "Sub_Type": "STM", "Nrest_Gage": null, "Strm_Code": "NFF", "RM_II": 50, "HR": "SAC" }, "geometry": { "type": "Point", "coordinates": [ -121.225724063847636, 40.013909116006111 ] } },
{ "type": "Feature", "properties": { "fid": 1388, "OBJECTID": 1388.0, "CalSim_ID": "ALMNR", "Riv_Mi": 70.44, "Riv_Name": "North Fork Feather River", "Comment": "Lake Almanor at Prattville", "C2VSIM_GW": null, "C2VSIM_SW": null, "CalSim2_ID": null, "Type": "STR", "Sub_Type": null, "Nrest_Gage": "11399000", "Strm_Code": "NFF", "RM_II": null, "HR": "SAC" }, "geometry": { "type": "Point", "coordinates": [ -121.089768672595611, 40.175454352319974 ] } },
{ "type": "Feature", "properties": { "fid": 1389, "OBJECTID": 1389.0, "CalSim_ID": "BVT003", "Riv_Mi": 3.12, "Riv_Name": "Butt Valley Tunnel", "Comment": "Butt Valley Powerhouse near Prattville", "C2VSIM_GW": null, "C2VSIM_SW": null, "CalSim2_ID": null, "Type": "CH", "Sub_Type": "SG", "Nrest_Gage": "11400600", "Strm_Code": "BTV", "RM_II": 3, "HR": "SAC" }, "geometry": { "type": "Point", "coordinates": [ -121.190604926844713, 40.175581377157336 ] } },
{ "type": "Feature", "properties": { "fid": 1390, "OBJECTID": 1390.0, "CalSim_ID": "BTT007", "Riv_Mi": 6.94, "Riv_Name": "Butt Creek", "Comment": "Confluence with Butt Creek Powerhouse tailwater", "C2VSIM_GW": null, "C2VSIM_SW": null, "CalSim2_ID": null, "Type": "CH", "Sub_Type": "STM", "Nrest_Gage": null, "Strm_Code": "BTT", "RM_II": 7, "HR": "SAC" }, "geometry": { "type": "Point", "coordinates": [ -121.189816121805549, 40.172728804503421 ] } },
{ "type": "Feature", "properties": { "fid": 1391, "OBJECTID": 1391.0, "CalSim_ID": "MTMDW", "Riv_Mi": 9.69, "Riv_Name": "Hamilton Branch", "Comment": "Mountain Meadows Reservoir", "C2VSIM_GW": null, "C2VSIM_SW": null, "CalSim2_ID": null, "Type": "STR", "Sub_Type": null, "Nrest_Gage": null, "Strm_Code": "HMB", "RM_II": null, "HR": "SAC" }, "geometry": { "type": "Point", "coordinates": [ -121.024861618919545, 40.283563532726497 ] } },
{ "type": "Feature", "properties": { "fid": 1392, "OBJECTID": 1392.0, "CalSim_ID": "EBF018", "Riv_Mi": 18.33, "Riv_Name": "East Branch North Fork Feather River", "Comment": "Confluence with Indian Creek", "C2VSIM_GW": null, "C2VSIM_SW": null, "CalSim2_ID": null, "Type": "CH", "Sub_Type": "STM", "Nrest_Gage": null, "Strm_Code": "EBF", "RM_II": 18, "HR": "SAC" }, "geometry": { "type": "Point", "coordinates": [ -120.983113217693656, 40.038423936935132 ] } },
{ "type": "Feature", "properties": { "fid": 1393, "OBJECTID": 1393.0, "CalSim_ID": "ANTLP", "Riv_Mi": 39.82, "Riv_Name": "Indian Creek", "Comment": "Antelope Lake", "C2VSIM_GW": null, "C2VSIM_SW": null, "CalSim2_ID": null, "Type": "STR", "Sub_Type": null, "Nrest_Gage": null, "Strm_Code": null, "RM_II": null, "HR": "SAC" }, "geometry": { "type": "Point", "coordinates": [ -120.607455518210998, 40.180769755576215 ] } },
{ "type": "Feature", "properties": { "fid": 1394, "OBJECTID": 1394.0, "CalSim_ID": "EBF001", "Riv_Mi": 0.53, "Riv_Name": "East Branch North Fork Feather River", "Comment": "East Branch of North Fork Feather River near Rich Bar", "C2VSIM_GW": null, "C2VSIM_SW": null, "CalSim2_ID": null, "Type": "CH", "Sub_Type": "SG", "Nrest_Gage": "11403000", "Strm_Code": "EBF", "RM_II": 1, "HR": "SAC" }, "geometry": { "type": "Point", "coordinates": [ -121.21858104392463, 40.01055091546646 ] } },
{ "type": "Feature", "properties": { "fid": 1395, "OBJECTID": 1395.0, "CalSim_ID": "NFF058", "Riv_Mi": 58.17, "Riv_Name": "North Fork Feather River", "Comment": "Belden Reservoir Dam", "C2VSIM_GW": null, "C2VSIM_SW": null, "CalSim2_ID": null, "Type": "CH", "Sub_Type": "STM", "Nrest_Gage": null, "Strm_Code": "NFF", "RM_II": 58, "HR": "SAC" }, "geometry": { "type": "Point", "coordinates": [ -121.160697069350419, 40.076157685444905 ] } },
{ "type": "Feature", "properties": { "fid": 1396, "OBJECTID": 1396.0, "CalSim_ID": "NFF057", "Riv_Mi": 57.75, "Riv_Name": "North Fork Feather River", "Comment": "North Fork Feather River below Belden Dam", "C2VSIM_GW": null, "C2VSIM_SW": null, "CalSim2_ID": null, "Type": "CH", "Sub_Type": "SG", "Nrest_Gage": "11401112", "Strm_Code": "NFF", "RM_II": 57, "HR": "SAC" }, "geometry": { "type": "Point", "coordinates": [ -121.164906954210508, 40.07142224812452 ] } },
{ "type": "Feature", "properties": { "fid": 1397, "OBJECTID": 1397.0, "CalSim_ID": "SSJ004", "Riv_Mi": 3.59, "Riv_Name": "South San Joaquin Canal", "Comment": "Diversion to Oakdale North Main Canal", "C2VSIM_GW": null, "C2VSIM_SW": null, "CalSim2_ID": null, "Type": "CH", "Sub_Type": "CNL", "Nrest_Gage": null, "Strm_Code": "SSJ", "RM_II": null, "HR": "SJR" }, "geometry": { "type": "Point", "coordinates": [ -120.672212924387708, 37.83265282656744 ] } },
{ "type": "Feature", "properties": { "fid": 1398, "OBJECTID": 1398.0, "CalSim_ID": "61_PA3", "Riv_Mi": null, "Riv_Name": null, "Comment": null, "C2VSIM_GW": null, "C2VSIM_SW": null, "CalSim2_ID": null, "Type": "PR", "Sub_Type": "A", "Nrest_Gage": null, "Strm_Code": null, "RM_II": null, "HR": "SJR" }, "geometry": { "type": "Point", "coordinates": [ -121.022229431474244, 37.798448840681864 ] } },
{ "type": "Feature", "properties": { "fid": 1399, "OBJECTID": 1399.0, "CalSim_ID": "NMC000", "Riv_Mi": 0.09, "Riv_Name": "Oakdale North Main Canal", "Comment": "North Main Canal below Diversion Point near Knights Ferry, CA. USGS 11300800", "C2VSIM_GW": null, "C2VSIM_SW": null, "CalSim2_ID": null, "Type": "CH", "Sub_Type": "SG", "Nrest_Gage": "11300800", "Strm_Code": "NMC", "RM_II": 0, "HR": "SJR" }, "geometry": { "type": "Point", "coordinates": [ -120.672915001381909, 37.833673175426675 ] } },
{ "type": "Feature", "properties": { "fid": 1400, "OBJECTID": 1400.0, "CalSim_ID": "NMC014", "Riv_Mi": 13.67, "Riv_Name": "Oakdale North Main Canal", "Comment": "North Side Regulating Reservoir", "C2VSIM_GW": null, "C2VSIM_SW": null, "CalSim2_ID": null, "Type": "CH", "Sub_Type": null, "Nrest_Gage": null, "Strm_Code": "NMC", "RM_II": 14, "HR": "SJR" }, "geometry": { "type": "Point", "coordinates": [ -120.826180176821609, 37.811849916796398 ] } }
]
}
