Schematic_Node_ID,Schematic_Text
0,SWWWTP
1, CCWWTP
2,CLR009
3,SAC289
4,SAC287
5,COW014
6,SAC294
7,SAC269
8,SAC265
9,SAC277
10,CWD009
11,CWD018
12,SAC296
13,CLR011
14,CWD004
15,SAC281
16,SAC275
17,03_PU1
Jones Valley CSA, Shasta
Lake CSD, Mountain Gate CSD
18, SHSTA
19, Sacramento, Pitt, and 
McCloud Rivers
20, KSWCK
21,03_PA
Bella Vista WD
22,02_PA
Clear Creek CSD
23,02_SA
Anderson Cottonwood ID,
Misc. Settlement Contractors
24,03_SA
Anderson Cottonwood ID,
Misc. Settlement Contractors
25,02_NA
Non-District
26,03_NA
Non-District
27, TRNTY
28, LWSTN
29, WKYTN
30, Clear Creek
31, Trinity River
32,Lewiston
Local Inflow
33,North and Middle Forks
Cottonwood Creek
34,South Fork
Cottonwood Creek
35, Cow Creek
36,02_PU
Centerville CSD,
Clear Creek CSD,
Keswick CSA, Shasta CSD
37,03_PU2
Bella Vista WD
38,03_SU
City of Redding
39,WTP
BUK
40, WTP
JMS
41,SAC259
42,SAC247
43,SAC250
44, Paynes and Sevenmile Creeks
45,COW007
46,COW003
47,03_NU
Small Communities
48,BTL006
49, Battle Creek
50,02_NU
City of Anderson, Cottonwood WD,
Small Communities
51,PYN001
52,
WTP
CSD
53, WTP
FTH
54, Closure Term
55, Bear Creek (BCN)
56,BCN010
57,SAC257
58,BCN005
59,SAC299
60,SCW008
61,Local Inflow:
Paige Boulder and
Andrews Creek
62,SAC273
63, Balls Ferry
64,SAC271
65,TRN111
66, Trinity River Outflow
67,CCT011
68, Clear Creek Tunnel
69,SPT003
70,02_SU
City of Redding
71, Muletown Conduit
72,CLR025
73,SAC301
74,SAC254
75, Wintu Pumping Plant
76,CWD003
77,SAC240
78,ANT010
79,MLC006
80,DRC010
81,SAC228
82,SAC224
83,SAC218
84,SAC207
85,ELD012
86,THM012
87,TCC031
88,TCC022
89,STN021
90,GCC007
91,STN009
92,SAC217
93,GCC010
94,STN026
95,MLC004
96,DRC005
97,ELD005
98,THM005
99,ELD027
100,THM028
101,ELD022
102,THM021
103,ELD017
104,THM017
105,SAC232
106, Deer Creek (DRC)
107, Elder Creek
108, Mill Creek
109, Antelope Creek
110,04_NA
Non-District,
Misc. Settlement Contractors
111,06_PA
Orland Unit WUA
112,06_NA
Non-District
113,05_NA
Los Molinos MWC,
Non-District
Misc Settlement Contractors
114,04_PA2
Kirkwood WD
115,04_PA1
Corning WD, Proberta WD,
Thomes Creek WD
116, BLKBT
117, SGRGE
118, Stony Creek
119, Stony Gorge
Local Inflow
120, Black Butte
Local Inflow
121,CCL005
122,BCC006
123,BCC012
124,BCC004
125, Big Chico Creek
126,GCC015
127,GCC022
128,TCC001
129,04_NU2
City of Corning,
Gerber-Las Flores CSD,
Small Communities
130,06_NU
City of Orland
Small Communities
131,STN014
132,STN004
133,05_NU
City of Red Bluff (part)
Los Molinos CSD,
Small Communities
134,THM026
135,ANT011
136,BCC014
137,DRC012
138, Minor North-East Streams
139,SAC214
140,SAC201
141, Tehama-Colusa Canal
142, Glenn-Colusa Canal
143, GClD Stony Creek Siphon
144, Corning Canal
145, Red Bluff Diversion Dam
146, North Canal
147, South Canal
148, Northside Diversion Dam
149,SAC229
150,04_NU1
City of Red Bluff (part)
151,MNS000
152, Stony Creek WD
153,BSL001
154, 18_NA
Butte Slough IC,
Sutter Butte MWC, Non-District 
155, 18_SA
Meridian Farms WC,
Lomo Cold Storage, Sutter MWC (part),
Tisdale IDC,
Misc. Settlement Contractors
156,SBP031
157,SBP024
158,SBP028
159, 18_NU
Small communities
160,RFS18
161,BSL004
162,TCC036
163,SAC174
164,GCC027
165,TCC062
166,CBD049
167,CBD044
168,CBD041
169,TCC081
170,SAC159
171,GCC046
172,SAC169
173,SAC162
174,SAC141
175,SAC148
176,SAC129
177,SAC134
178,SAC154
179,CBD037
180,GCC036
181,GCC039
182,GCC050
183,08S_NA1
Non-District
184,07S_NA
Non-District
185,07N_NA
Non-District
186,08N_NA
Non-District
187,07N_PA
Glide WD, Holthouse WD (part),
Kanawha WD, Orland-Artois WD
188,08N_SA2
Glenn-Colusa ID (part)
189,08N_SA1
Princeton-Cordora-Glenn ID,
Provident ID, Maxwell ID (part),
Misc. Settlement Contractors
190,08S_SA1
Maxwell ID (portion), Roberts Ditch IC,
Sycamore Family Trust,
Misc. Settlement Contractors
191,08S_SA2
Glenn-Colusa ID (part)
192,08S_PR
Colusa NWR
193,08N_PR1
Sacramento NWR
194,08N_NU
Hamilton City, 
Small Communities
195,08S_NU
City of Colusa, Williams,
Small Communities
196, Funks Reservoir
197,TCC066
198,TCC085
199,08N_PR2
Delevan NWR
200,08N_PA
Colusa Drain MWC
201, Williams Wasteway
202, Intertie
203,SAC146
204,CBD038
205,07N_NU
CalWater (Willows),
Small Communities
206,SAC182
207,SAC178
208, Goose Lake FRS
209,GCC032
210,GCC042
211,GCC056
212,BTC036
213,BTC032
214,BTC003
215,BTC045
216,BTC018
217,BTC029
218,BTC024
219,BTC007
220,BTC012
221,09_SA1
Pacific Realty Associates
(M&T Chico Ranch)
222,09_NA
Llano Seco Rancho,
Dayton MWC,
Non-District
223,09_SA2
RD 1004, Carter
 MWC, Jack Baber,
Misc. Settlement Contractors
224,SAC196
225,SAC193
226,SAC185
227,BTC048
228,09_NU
Small communities
229,BTC060
230, De Sabla Powerhouse
231, Parrott-Phelan Dam (Diversion #50) 
232, Adams and Gorrill Dams (Diversion #60 & 61) 
233,BTC043
234, Durham Mutual Dam  (Diversion #56)
235, 10_NU1
CalWater
(Chico)
236, CHWWTP
237,ESL008
238, Edgar Slough
239,BTC041
240,BTC017
241,SAC188
242, M&T FRS
243, Little Chico Creek 
244,LCC038
245,BTC016
246, M&T/Llano Seco Pumping Plant
247,LCC026
248,LCC024
249,LCC029
250,LCC016
251, ORWWTP
252, YCWWTP
253,FTR028
254,FTR059
255,FTR048
256,FTR068
257,FTR063
258,FTR053
259,FTR045
260,FTR036
261,17N_NA
Non-Project, Non-District
262, 11_SA3
Biggs-West Gridley WD, Butte WD
263, 13_NA
South Feather Water and Power Agency,
Yuba County WD,
Non-District
264, 12_NA
Non-District
265, 11_NU2
City of Biggs, Gridley,
Live Oak WD,
Small Communities
266,10_NA
Non-District
267, 17N_NR
Sutter and Butte Sink Duck Clubs 
268, THRMA
269, OROVL
270, 16_PU
City of Yuba City
271,FTR039
272,FTR029
273,HON021
274, 11_NU1
Thermalito ID (Oroville)
275,JBC000
276,WEC005
277, 17N_PR
Gray Lodge WA
278,RFS11
279,RFS13
280,WWC006
281, 17S_PR
Sutter NWR
282,12_NU1
CalWater
(Oroville)
283,13_NU1
South Feather Water
and Power Agency
(Oroville)
284, WTP
CYC
285, Honcut Creek
286,10_NU2
Durham ID
Small Communities
287,WBF030
288,Philbrook Creek
289, Hendricks Diversion Dam
290,WBF015
291, Miocene Diversion Dam
292,SFF011
293,MNRRH
294, Ponderosa Reservoir
295, Miners Ranch Reservoir
296, WTP
MNR
297,LST004
298,SFF020
299, South Fork
Feather River
300, SLYCK
301, Sly Creek
302, Palermo Canal
303, Lost Creek Reservoir
304, Oroville-Wyandotte Canal
305, Miners Ranch Canal
306, Kelly Ridge Powerhouse
307, Sunset Pumps 
308,CRK005
309,MIO023
310,LDC029
311, Little Dry Creek
312, LGRSV
313,SFF029
314, South Fork Diversion Dam
315, Cox Spill
316,RVC005
317,FTR051
318, 12_SA
Misc. FRSA Diverters
319, 15N_SA
Misc. FRSA Diverters
320, Local Inflow
321, Wadsworth Canal
322, Toadtown Canal
323,TTC002
324,FTR072
325,FTR067
326, 13_NU2
Small Communities
327, 12_NU2
Small Communities
328,JCK002
329, 11_PR
Upper Butte Basin Wildlife Area
Howard Slough Unit and
Little Dry Creek
330, 17N_NU
Small Communities
331, Bangor Canal
332,HON004
333,FTR030
334,FTR031
335,LST007
336, 11_SA2
Richvale ID
337,JBC002
338,JBC008
339, 11_SA4
Sutter Extension WD
340,TAB000
341,SEC009
342, Joint Board Canal 
343, Sutter Extension Canal 
344,LDC021
345,LDC007
346,WEC000
347,BGD000
348,SFT000
349,JBC004
350,YUB023
351,YUB024
352,FDC006
353,YUB014
354, MERLC
355,YUB013
356, ENGLB
357,Local Inflow to
Englebright Reservoir
358,DER001
359, NBLDB
360, North Fork Yuba River and Small  Watersheds
361, French Dry Creek
362,YUB011
363,YUB003
364,YUB006
365, 15N_NA2
Cordua ID, Hallwood ID,
Ramirez WD
366, 15N_NU
CalWater (Marysville),
Small Communities
367, 14_NU
Small Communities
368,RFS14
369,SLT009
370, Slate Creek
371, Slate Creek Diversion Dam
372,NFY017
373, Slate Creek Diversion Tunnel
374,Local Inflow to 
Middle Fork Yuba River
375,SCT000
376,SLT008
377,CMT000
378,YUB002
379, 15N_NA1
Non-District
380,SG229_SAC250_39
381,SG209_SAC281_32
382,C_SAC294
383,D_SHSTA_WTPJMS
384,C_WKYTN
385,C_SHSTA
386,C_KSWCK
387,C_SAC296
388,C_CWD018
389,C_SAC289
390,C_CLR009
391,C_SAC277
392,C_COW014
393,C_SAC273
394,C_SAC287
395,C_SAC281
396,C_CWD003
397,C_SAC269
398,C_CWD009
399,C_SAC265
400,R_02_NA_CWD004
401,R_03_PA_SAC287
402,R_02_SA_SAC273
403,R_02_PA_SAC273
404,R_03_SA_SAC281
405,D_COW014_03_NA
406,D_WTPFTH_02_SU
407,D_WKYTN_WTPBUK
408,D_SAC289_03_SA
409,D_SAC294_03_PA
410,D_CWD009_02_NA
411,I_LWSTN
412,I_CWD018
413,I_SCW008
414,I_COW014
415,I_WKYTN
416,I_SHSTA
417,S_SHSTA
418,S_KSWCK
419,S_TRNTY
420,S_LWSTN
421,S_WKYTN
422,C_TRNTY
423,C_LWSTN
424,I_TRNTY
425,D_LWSTN_CCT011
426,D_WKYTN_SPT003
427,D_SAC296_02_SA
428,R_CCWWTP_SAC287
429,SR_03_SAC265
430,SR_02_SAC271
431,R_SWWWTP_SAC281
432,D_SAC294_WTPBLV
433,D_WTPFTH_03_SU
434,D_WTPBUK_03_SU
435,D_WTPJMS_03_PU1
436,C_SAC259
437,C_SAC254
438,C_SAC247
439,C_SAC250
440,I_PYN001
441,D_WTPCSD_02_PA
442,C_COW007
443,C_COW003
444,D_BTL006_03_NA
445,I_BTL006
446,C_PYN001
447,R_03_SU_SWWWTP
448,D_WTPCSD_02_PU
449,D_WKYTN_WTPCSD
450,D_SAC296_WTPFTH
451,CT_BENDBRIDGE
452,I1
453,S1
454,I100
455,C100
456,S3
457,I3
458,D3
459,C3
460,I4
461,S4
462,I108
463,I110
464,C110
465,C5
466,I_BCN010
467,C_BCN010
468,C_BTL006
469,D100
470,C4
471,R_02_PU_CCWWTP
472,R_03_PU2_SWWWTP
473,R_03_NA_SAC269
474,C1
475,C_BCN005
476,D_BCN005_03_NA
477,R_03_PU1_KSWCK
478,SG206_SAC294_32
479,SG205_SAC296_32
480,SG207_SAC289_32
481,SG208_SAC287_32
482,SG210_SAC277_32
483,SG216_SAC275_34
484,SG217_SAC269_34
485,SG223_SAC265_37
486,SG224_SAC259_37
487,SG228_SAC254_39
488,SG230_SAC247_39
489,SG218_CWD004_35
490,SG211_COW014_33
491,SG213_COW003_33
492,SG225_PYN001_38
493,C_SAC299
494,C_SCW008
495,I_CLR011
496,C_SAC275
497,C_SAC271
498,C_TRN111
499,C_CCT011
500,C_SPT003
501,D_CLR009_02_NA
502,C_CLR011
503,R_02_SU_CCWWTP
504,D_WKYTN_02_PU
505,S2
506,C_CLR025
507,C_SAC301
508,C_SAC257
509,SR_02_KSWCK
510,SR_02_CWD003
511,SR_02_SAC257
512,SR_03_SAC277
513,SR_03_KSWCK
514,SR_03_COW003
515,C_CWD004
516,SG220_BTL006_36
517,SG268_STN004_49
518,SG251_THM012_45
519,SG241_ELD005_42
520,SG244_MLC004_43
521,SG237_ELD027_42
522,S_BLKBT
523,D_STN014_TCC031
524,I_ELD027
525,I_THM028
526,I_ANT011
527,I_MLC006
528,I_DRC012
529,D_THM012_04_NA
530,D_ELD012_04_NA
531,D_SAC224_04_NA
532,D_SAC240_05_NA
533,D_CCL005_04_PA1
534,D_ANT010_05_NA
535,D_MLC006_05_NA
536,D_DRC010_05_NA
537,D_TCC022_04_PA2
538,D_STN026_06_PA
539,C_THM028
540,C_ELD027
541,C_ELD022
542,C_THM021
543,C_THM017
544,C_ELD017
545,C_THM012
546,C_ELD012
547,C_ELD005
548,C_SAC232
549,C_MLC004
550,C_SAC228
551,C_SAC224
552,C_DRC005
553,C_SAC218
554,C_SAC214
555,C_SAC207
556,C_BCC004
557,C_STN004
558,C_STN021
559,C_STN026
560,C_BLKBT
561,C_SGRGE
562,C_THM005
563,C_SAC240
564,C_ANT010
565,C_DRC010
566,C_MLC006
567,R_04_NA_SAC207
568,R_04_PA1_THM005
569,R_05_NA_SAC201
570,C_TCC031
571,C_GCC007
572,D_SAC207_GCC007
573,C_TCC022
574,C_GCC010
575,D_SAC240_TCC001
576,S_SGRGE
577,C_EPARK
578,S_EPARK
579,I_EPARK
580,I_SGRGE
581,I_BLKBT
582,D_TCC001_CCL005
583,C_BCC006
584,C_BCC012
585,I_BCC014
586,C_GCC015
587,C_GCC022
588,C_TCC001
589,SR_05_SAC201
590,SR_04_SAC207
591,C_STN014
592,D_STN021_06_PA
593,C_STN009
594,C112
595,D171
596,D112
597,I11301
598,S42
599,R_04_NU1_SAC240
600,C_THM026
601,C_ANT011
602,C_BCC014
603,C_DRC012
604,I_MNS000
605,I40
606,I41
607,I42
608,C142A
609,D17301
610,D42
611,S41
612,S40
613,D114
614,D_TCC022_TCCLOS
615,R_04_PA2_SAC207
616,D172
617,L172
618,SG231_SAC240_39
619,SG232_SAC232_39
620,SG236_SAC228_41
621,SG254_SAC224_46
622,SG255_SAC218_46
623,SG260_SAC214_48
624,SG261_SAC207_48
625,SG262_SAC196_48
626,SG274_SAC193_51
627,CT_BUTTECITY
628,SG238_ELD022_42
629,SG239_ELD017_42
630,SG240_ELD012_42
631,SG248_THM026_45
632,SG249_THM021_45
633,SG250_THM017_45
634,SG252_THM005_45
635,SG263_STN026_49
636,SG264_STN021_49
637,SG265_STN014_49
638,SG266_STN009_49
639,SG233_ANT010_40
640,SG243_MLC006_43
641,SG257_DRC005_47
642,SG256_DRC010_47
643,SG269_BCC012_50
644,SG270_BCC006_50
645,SG271_BCC004_50
646,C_SAC217
647,C_SAC201
648,R_04_NU2_SAC217
649,C_SAC229
650,C_MNS000
651,D_EPARK_SCKWD
652,SR_07N_SAC185
653,SR_06_SAC185
654,SR_05_SAC217
655,SR_04_SAC217
656,SR_05_SAC196
657,SR_10_SAC196
658,D_SAC136_18_SA
659,D_BSL001_18_NA
660,R_RFS18_SAC122
661,D_BSL000_SAC141
662,C_BSL001B
663,C_SBP031
664,C_SBP028
665,C_SBP024
666,D_SBP031_18_NA
667,SR_10_BSL001
668,D_SBP028_17S_PR
669,R_18_SA_RFS18
670,SR_18_RFS18
671,R_18_NA_RFS18
672,SG292_BSL001_52
673,C_BSL004
674,SR_09_SAC141
675,SR_09_BSL001
676,SR_11_BSL001
677,SR_17N_BSL001
678,SG336_SBP024_58
679,SG335_SBP028_58
680,SG334_SBP031_58
681,SG282_SAC148_51
682,R_08N_PR1_CBD049
683,R_08S_SA2_CBD037
684,R_07N_PA_CBD044
685,C_SAC174
686,C_SAC168
687,C_SAC162
688,C_SAC159
689,C_SAC154
690,C_SAC146
691,C_SAC141
692,C_SAC134
693,C_SAC129
694,C_GCC032
695,C_GCC036
696,C_GCC046
697,C_GCC050
698,C_CBD049
699,C_TCC036
700,C_TCC066
701,C_CBD044
702,C_CBD041
703,C_CBD037
704,D_SAC159_08S_SA1
705,D_CBD041_08S_SA1
706,D_TCC081_07S_PA
707,D_TCC036_07N_PA
708,D_GCC027_08N_PR1
709,D_SAC178_08N_SA1
710,R_08S_SA1_CBD031
711,D_CBD037_08S_PR
712,D_TCC062_GCC036
713,C_SAC178
714,SP_SAC148_BTC003
715,R_08N_SA1_CBD044
716,D_CBD049_08N_SA1
717,SR_08N_CBD049
718,SR_07N_CBD049
719,SR_07S_CBD038
720,SR_06_CBD049
721,D_GCC056_08S_SA2
722,D_GCC027_08N_SA2
723,D_CBD041_08S_SA2
724,D124
725,D125
726,C_TCC062
727,D_TCC085_GCC056
728,C_TCC081
729,D_SAC159_08N_SA1
730,D_GCC039_08N_PR2
731,R_08N_PR2_CBD044
732,D_CBD049_08N_PA
733,C_GCC039
734,R_08N_NA_CBD049
735,R_08N_SA2_CBD049
736,R_08N_PA_CBD044
737,R_07S_NA_CBD044
738,R_07N_NA_CBD044
739,R_08S_NA1_CBD031
740,R_08S_PR_CBD031
741,D174
742,D178
743,D122A
744,D122B
745,D145A
746,D145B
747,D143B
748,D143A
749,SG278_SAC174_51
750,SG279_SAC168_51
751,SG280_SAC162_51
752,SG281_SAC154_51
753,SG294_SAC141_53
754,SG295_SAC134_53
755,SG296_SAC129_53
756,SG318_CBD049_55
757,SG319_CBD044_55
758,SG320_CBD041_55
759,SG321_CBD037_55
760,SG322_CBD031_55
761,C_SAC148
762,C_CBD038
763,R_07N_NU_CBD049
764,C_SAC182
765,SP_SAC178_BTC003
766,SG276_SAC182_51
767,SG277_SAC178_51
768,C_GCC027
769,C_GCC042
770,SR_08S_CBD038
771,SR_08N_SAC154
772,SR_08S_SAC146
773,SP_SAC159_BTC003
774,C_BTC041
775,C_BTC045
776,C_BTC036
777,C_BTC032
778,C_BTC029
779,C_BTC024
780,C_BTC018
781,C_BTC012
782,C_BTC007
783,C_BTC003
784,D_BTC012_09_SA2
785,D_WEC005_BTC032
786,C_LDC007
787,D_BTC012_CRK005
788,SR_09_BTC017
789,SR_10_BTC017
790,C_SAC196
791,D_MTC000_09_NA
792,D_SAC162_09_SA2
793,R_10_NA_BTC032
794,D_BTC036_10_NA
795,C_SAC193
796,C_SAC185
797,SP_SAC188_BTC003
798,D_MTC000_09_SA1
799,D_ESL008_09_SA1
800,C_BTC060
801,C_TTC002
802,C_BTC043
803,D_BTC043_10_NA
804,D_MTC000_09_PR
805,R_09_NA_LCC016
806,R_09_SA1_LCC026
807,R_09_SA2_BTC007
808,R_CHWWTP_SAC195
809,R_10_NU1_CHWWTP
810,D_BTC045_ESL008
811,C118
812,SG275_SAC188_51
813,SG283_BTC043_52
814,SG284_BTC036_52
815,SG285_BTC032_52
816,SG286_BTC029_52
817,SG287_BTC024_52
818,SG288_BTC018_52
819,SG290_BTC007_52
820,SG291_BTC003_52
821,C_BTC048
822,C_BTC016
823,R_09_PR_LCC016
824,C_SAC188
825,SP_SAC193_BTC003
826,I_LCC038
827,C_LCC016
828,D_LCC038_BTC043
829,SR_09_SAC185
830,C_BTC017
831,SG289_BTC015_52
832,SR_11_BTC017
833,C_LCC038
834,C_LCC026
835,D_LCC024_09_NA
836,D_LCC029_09_SA1
837,R_11_PR_BTC017
838,C_LCC029
839,C_ESL008
840,C_LCC024
841,R_11_SA1_CRK005
842,D_CRK005_17N_NR
843,I217
844,S_THRMA
845,S_OROVL
846,C_OROVL
847,C_FTR068
848,D_FTR068_THRMF
849,C_FTR063
850,C_FTR059
851,C_FTR053
852,C_FTR048
853,C_FTR045
854,C_FTR036
855,C_FTR028
856,D_THRMA_JBC000
857,D_LST004_WPT005
858,D_SFF011_MNRRH
859,R_RFS11_WWC006
860,R_17N_NR_BTC003
861,R_12_NA_HON004
862,R_13_NA_RFS13
863,C_YUB002
864,C_THRMA
865,C_FTR039
866,D_FTR039_SEC009
867,C_FTR029
868,D_WTPCYC_16_PU
869,R_16_PU_YCWWTP
870,C_HON004
871,SR_15N_JCK002
872,SR_14_JCK002
873,R_RFS14_JCK002
874,R_15N_NA1_FTR031
875,R_11_NU1_ORWWTP
876,C_WEC000
877,D_MIO023_12_NU1
878,C_THRMF
879,D_THRMF_11_NU1
880,D_WEC005_11_SA1
881,D_JBC002_17N_PR
882,D_BGD000_17N_PR
883,R_RFS13_HON004
884,D_RFS13_12_NA
885,SR_13_RFS13
886,SR_12_HON004
887,R_RFS11_BGD000
888,R_11_SA3_RFS11
889,C_WWC006
890,R_17N_PR_CRK005
891,R_13_NU1_ORWWTP
892,R_ORWWTP_FTR063
893,R_YCWWTP_FTR028
894,R_12_NU1_ORWWTP
895,D_FTR059_12_SA
896,D_MNRRH_WTPMNR
897,S6
898,C6
899,D202
900,D7A
901,C216B
902,C216A
903,C7
904,D6
905,I200
906,D204
907,D_FTR031_WTPCYC
908,I_RVPHB
909,C_WBF030
910,C_WBF015
911,C_SFF011
912,C_SFF020
913,I_SLYCK
914,C_LST004
915,C_SLYCK
916,D_OROVL_13_NU1
917,D_WTPMNR_13_NU1
918,D_MNRRH_13_NA
919,C200A
920,C200B
921,C202
922,C203
923,R_17N_NA_BTC003
924,R_15N_NA2_JCK002
925,C_CRK005
926,I_HON021
927,SG341_FTR068_59
928,SG342_FTR063_59
929,SG343_FTR059_59
930,SG344_FTR053_59
931,SG345_FTR048_59
932,SG346_FTR045_59
933,SG347_FTR036_59
934,SG348_FTR029_59
935,D_WBF015_MIO010
936,D_MIO023_10_NA
937,I_LDC029
938,I_LGRSV
939,C_LGRSV
940,C_SFF029
941,D_SFF029_SFT000
942,D_OWC000_13_NA
943,R_JBC008_FTR048
944,S_LGRSV
945,S_SLYCK
946,C_RVC000
947,D_RVC005_11_SA2
948,C_FTR051
949,C_JBC000
950,D_LDC007_11_SA2
951,R_12_SA_FTR045
952,D_FTR045_15N_SA
953,R_15N_SA_FTR031
954,I_SFF011
955,C_FTR072
956,C_FTR067
957,D_WBF030_HKC002
958,C_JCK002
959,C230
960,D_WEC005_11_PR
961,D_RVC005_11_PR
962,D_MNRRH_13_NU2
963,C_HON021
964,R_11_SA4_DWRPS2
965,SR_11_FTR059
966,C_FTR030
967,SR_15N_FTR029
968,C_FTR031
969,SR_14_HON004
970,D_SEC009_11_SA4
971,C_JBC002
972,R_11_SA2_CRK005
973,D_JBC002_RVC005
974,C_TAB000
975,D_JBC004_11_SA3
976,C_JBC008
977,C_LDC029
978,C_LDC021
979,C_LST007
980,D_THRMA_WEC000
981,C_BGD000
982,C_SFT000
983,C_JBC004
984,SR_15N_HON004
985,D_FDC006_14_NA
986,D_YUB013_14_NA
987,C_YUB023
988,C_YUB024
989,C_ENGLB
990,C_FDC006
991,C_YUB014
992,R_RFS14_YUB014
993,C_MERLC
994,I_ENGLB
995,C_DER001
996,C_NBLDB
997,I_MERLC
998,D_YUB011_15N_NA2
999,D_YUB003_15N_NU
1000,C_YUB013
1001,C_YUB011
1002,C_YUB006
1003,R_14_NA_RFS14
1004,C_NFY017
1005,C_SCT000
1006,S_NBLDB
1007,S_ENGLB
1008,I230
1009,SG350_YUB006_60
1010,SG349_YUB011_60
1011,I_SLT009
1012,C_SLT009
1013,I_MFY013
1014,D_SLT009_SCT000
1015,C_SLT008
1016,C_CMT000
1017,C_YUB003
1018,SR_14_YUB011
1019,S_MERLC
1020, 19_SA
Sutter MWC (part),
Pelger MWC, Bardis et al.,
Misc. Settlement Contractors
1021,SBP018
1022,SBP021
1023,SBP014
1024,SBP012
1025, 19_NU
Small communities
1026,SAC083
1027,SAC082
1028,SAC085
1029,SAC081
1030, Fremont Weir 
1031, Tisdale Pumping Plant
1032,RD1500
1033,SSL001
1034, 17S_NA
Sutter Bypass-Butte Slough WUA,
Non-district
1035, Representation of Sutter Bypass
includes flow in the West and
East Borrow Canals
1036,CBD031
1037,SAC115
1038,CBD018
1039,SAC122
1040,CBD028
1041,CBD023
1042,SAC106
1043,SAC097
1044,SAC093
1045,CBD012
1046,CBD000
1047,KLR005
1048,GCC065
1049,RFS8S
1050,07S_PA
4-M WD, Colusa County WD, Cortina WD, Davis WD,
Dunnigan WD, Glenn Valley WD, Holthouse WD (part),
 La Grande WD, Myers-Marsh MWC, Westside WD
1051,SAC120
1052,08S_PA
Colusa Drain MWC (part)
1053,TCC111
1054,SAC121
1055,SAC109
1056, Knights Landing Ridge Cut
1057,CBD005
1058,SAC092
1059, Closure Term
1060,07S_NU
Arbuckle PUD, Cachville CSD,
Small Communities
1061, Pelger Pumping Plant
1062, Portuguese Bend Pumping Plant
1063,SAC091
1064,SAC099
1065, State Ranch Bend Pumping Plant 
1066,CBD001
1067,08S_NA2
Non-District
1068,GCC060
1069, Wilkins Slough Pumping Plant
1070,FTR025
1071,FTR008
1072,FTR021
1073,FTR016
1074,FTR012
1075, 11_NA
Sutter Butte MWC,
Non-District 
1076, 16_PA
Feather WD
1077,FTR003
1078,FTR018
1079,FTR014
1080, 16_SA
Garden Highway MWC,
Tudor ID, Oswald MWC,
Misc. FRSA Diverters
1081, 16_NU
Small Communities
1082, Tisdale Bypass 
1083, 22_SA2
Misc. FRSA Diverters
1084, 17S_SA
Misc. FRSA Diverters
1085,DWRPS1
1086,DWRPS2
1087, 17S_NU
Sutter CSD
Small Communities
1088, 16_NA1
Non-District
1089, 15S_SA
Plumas MWC,
Misc. FRSA Diverters
1090, 15S_NU
Olivehurst PUD,
City of Wheatland,
Linda County WD,
Small Communities
1091, 15S_NA2
Brophy WD, Dry Creek MWC,
South Yuba WD,
Wheatland WD
1092, 15S_NA1
Non-District
1093,BRR004
1094,BRR011
1095,BRR017
1096,23_NA
Camp Far West ID,
South Sutter WD,
Non-District
1097,RFS23
1098, 23_NU
Small Communities
1099, Hutchinson Creek, Dry Creek
1100,DHC001
1101,South Sutter Water District
North and South Canals
1102,BRR050
1103, RLLNS
1104,CBC000
1105, Combie Ophir Canal
1106, CMPFW
1107,BRR028
1108,BRR023
1109,BRR031
1110,BRR049
1111,LBC001
1112,DRM003
1113,BRR061
1114, Dutch Flat Afterbay
1115,BRR067
1116,BRR073
1117,BRR074
1118,DRM001
1119,DRM009
1120,DRM011
1121,DRM002
1122,DRM008
1123,CYN010
1124,LBR002
1125,TWL005
1126, Towle Canal/Alta PH Forebay
1127,BRR066
1128,BRR060
1129,WLF021
1130, Wolf Creek
1131, Local Inflow to Camp
 Far West Reservoir
1132, Lake Alta
1133,SYC002
1134, CMBIE
1135, Local Inflow to Combie Reservoir
1136,Local Inflow to 
Rollins Reservoir
1137,CCH030
1138,PTH015
1139,YBP032
1140,YBP020
1141,SAC074
1142,YBP016
1143,YBP023
1144,YBP026
1145,YBP014
1146,YBP011
1147,YBP002
1148,CCH023
1149,CCH017
1150,CCH012
1151,PTH024
1152,PTH020
1153,PTH011
1154,PTH007
1155, 20_NA2
Non-District
1156, 20_NA1
Yolo County FCWCD
1157, 25_PA1
Solano ID
(North)
1158, 25_PA2
Maine Prarie WD
1159, 25_NA
Non-District
1160, 21_PU
City of West Sacramento
1161,RFS25
1162,SAC078
1163,SAC077
1164,CCH006
1165,CCH003
1166,YBP007
1167, 20_NU1
City of Davis, Woodland,
and UC Davis
1168, 21_NA
Non-District
1169, 25_NU
CalWater (Dixon), Rio Vista,
Small Communities
1170, BRYSA
1171, CLRLK
1172,SAC075
1173, WTP
BTB
1174,PSC033
1175,PSC013
1176, WTP
CMT
1177, Suisun City
1178,SAC050
1179,SAC066
1180,SAC057
1181,SAC063
1182,SAC062
1183,SAC048
1184,SAC049
1185, Closure Term
1186,SAC053
1187, Putah Creek
1188,PTH030
1189,PSC006
1190,PTH021
1191,PSC024
1192, WTP
NBR
1193, 25_PU
City of Vacaville
1194, Solano ID
(South)
1195, Putah South Canal Terminal Reservoir
1196, WTP
WMN
1197,CSL005
1198,PSC015
1199, Solano State Prison
1200,PSC003
1201, Cache Creek
1202,CCH075
1203, INDVL
1204, North Fork Cache Creek
1205,NFC013
1206,NFC005
1207,CCH058
1208,BRC003
1209,BRC002
1210, Bear Creek (BRC)
1211,CCH032
1212,CCH053
1213,CCH083
1214, 20_PA
UC Davis
1215, City of
Fairfield
1216, 21_PA
Colusa Drain MWC
1217, Willow Slough Bypass
1218, Sacramento Weir
1219, Capay Diversion Dam
1220, Winters and West Adams Canals
1221,WLW005
1222,CCH052
1223, Lisbon Weir
1224, Representation of the Yolo
 Bypass includes the Toe 
Drain along the East Levee
1225, Representation of the Yolo Bypass
includes the Tule Canal along the East Levee
1226, RD 2035 Pumping Station 
1227,YBP034
1228, Minor Diversions Capay Valley
1229,PSC020
1230, SRWWTP
1231,SAC065
1232,SAC064
1233, Putah Diversion Dam
1234, 21_NU
Knights Landing CSD
Small communities
1235,SAC017
1236,SAC007
1237,SAC030
1238,SAC036
1239,SAC041
1240,SAC022
1241,CHIPPS
1242,BKR004
1243, Marsh Creek
1244,SAC000
1245,SJR013
1246, Delta Depletion
1247,MOK014
1248,SJR009
1249,MSH015
1250, Suisun Bay
1251,SJR023
1252,SJR022
1253,SJR026
1254,OMR002
1255,SAC011
1256,MOK004
1257,SAC003
1258, Rio Vista
1259, Delta Cross Channel
1260, Georgianna Slough
1261, Delta Net
Depletion
1262, Delta Depletion
1263, Delta Depletion
1264,NBA011
1265,NBA027
1266, WTP
AMC
1267, City of Vallejo
1268,NBA021
1269, WTP
JAC
1270,Napa, St. Helena, Calistoga
1271,NBA009
1272, WTP
FMH
1273, City of Benicia
1274, WTP
BNC

1275,VJB000
1276, Barker Slough Pumping Plant
1277, WTP
TAB
1278, Travis Air Force Base
1279,SJR006
1280,SAC029
1281, 60N_NA4
Woodbridge ID
Woodbridge Users Association
1283,FSC025
1285,FSC015
1284,FSC027
1286, 60N_NA2
Omochumne- Hartnell  WD
Galt ID, Clay WD
1291, 60N_NU1
Cities of Galt and Lodi
small communities
1287, 60N_PU
SMUD
Rancho Seco Power Plant
1293, WTP
SAC
1288,CRC002
1290, 22_SA1
Natomas Central MWD,
Pleasant Grove-Verona MWC,
Misc. Settlement Contractors
1292,RFS22
1294, 22_NA
Non-District
1289, 22_NU
Sacramento International Airport,
Northgate,
Small Communities
1295,AMR004
1296,EMD001
1297,FPT013
1298, 26S_PU4
Sacramento County WA Zone 41
(Laguna, Franklin)
1299, Pritchard Lake Pump Station
1300,FSC013
1301, 26S_PU5
Elk Grove WSC
(East Elk Grove)
1302, 26S_NU3
Florin County WD,
Elk Grove WSC
1303, WTP
VNY
1304, 26S_PU6
Cal. Am. WC,
Sacramento County WA Zone 41
(Vineyard, Sunrise Douglas, Mather, Sunrise,
Rio Del Oro, Security Park, Grantline 99, Tokay Park)
1305, WTP
FBN
1306, 26S_NU1
City of Sacramento
South of River
1307, 26S_NU2
Cal. Am. WC (Parkway, Rosemont),
Sacramento County WA Zone 41

1308,AMR007
1309, 26N_NU3
City of Sacramento
North of River
1310, 26N_NA
Non-District
1311,EMD007
1312,DCK012
1314, DCWWTP
1313, PGWWTP
1319,RFS26N
1315, 24_NA2
Placer County WA Zone 5,
Non-District
1321,ABN010
1316,ABN000
1325,CCK007
1317,CCK036
1324,CCK022
1318,CCK038
1327, 24_NA1
Nevada ID
1320,ABN026
1329,ABN024
1322, 24_NU3
Nevada ID
(North Auburn)
1323,CBC001
1328,ABN027
1331, 24_NU2
Placer County WA
(City of Loomis, Penryn, Rocklin, Lincoln, Granite Bay, part of Roseville)
1326, WTP
FSS
1330, 26N_PU1
City of Roseville
1335, 24_NA3
Placer County WA Zone 1
1332, Dutch Ravine Canal
1333,ABT002
1334, 24_NU4
Small Communities
1336, South Canal (PG&E)
1338,STH001
1337,STH005
1340,SCR002
1339,Secret Ravine, Miner's Ravine, Dry Creek
1342, Spill to Secret Ravine
1341,LBC049
1344,AMR017
1343, WTP
SJP
1346, WTP
FOL
1345, WTP
RSV
1347, WTP
COL
1350,AMR020
1349,AMR015
1348,FSC003
1352, FOLSM
1354, NTOMA
1351,Slab Creek, Minor Accretions
1353,AMR009
1356, WTP
BJM
1358, 26S_NA
Non-District
1355, WTP
EDH
1357,EDWWTP
1360, ELDID_NU3
1362,AMR022
1359, 26S_PU1
City of Folsom,
Folsom State Prison
1361, 26S_PU2
Golden State WC
1363, 26N_NU2
Carmichael WD
1364, 26N_PU2
San Juan WD
1366, 26N_PU3,
Orange Vale WC,
Citrus Heights WD,
Fair Oaks WD
1367, 26N_NU5
Golden State WC,
Sacramento County WA Zone 41,
Del Paso Manor WD,
Cal. Am WC

1369, 26N_NU1
Sacramento Suburban WD (Northridge, North Highlands)
Cal. Am. WC (Antelope, Lincoln Oaks)
Rio Linda Elverta CWD (Rio Linda, Elverta)
1365,STH007
1371, Proposed Supply to City of Folsom
1370, 26S_NU4
Aerojet/Boeing GW Remediation Program
1373,MRM001
1368, 26N_NU4
Sacramento Suburban WD
(Aracde)
1375, 26S_PU3
California Parks and Recreation
1374,NFA011
1372,RFS26S
1378,LBC043
1376, 24_NU1
Placer County WA
(City of Auburn, Bowman, Ophir, Newcastle)
1380, WTP
AUB
1381,NFA016
1379, Middle Fork
 American River
1377, PCWA Zone 3
Monte Vista, Colfax, Applegate
1382,LBC010
1384,LBC030
1383,LBC040
1385,LBC032
1387,LBC038
1388, America River Pump Station (PCWA)
1386,NFA022
1392,NFA054
1390,NFA048
1393, LKVLY
1395, North Fork
 American River
1396, Inflow to Lake 
Valley Reservoir
1391,LVC001
1394, Local Inflow North Fork
 American River
1397,BEC021
1400,WSE003
1398,BEC000
1399,STH000
1401,BEC024
1404,BEC022
1402,WSE008
1403,WSE004
1405, WTP
BWM
1408, Bowman Feeder
1406, Ragsdale Diversion
1407,D_SAC122_19_SA
1410,R_RFS18_SBP021
1409,SP_SAC122_SBP021
1411,C_SBP021
1412,C_SBP018
1413,C_SBP014
1414,R_17S_NA_SSL001
1415,D_SBP014_17S_NA
1416,SR_17S_SSL001
1417,SP_SAC083_YBP037
1418,C_SAC083
1419,C_CRC002
1420,D_SAC082_22_SA1
1421,C_SAC085
1422,D160
1423,C_FTR003
1424,C223
1425,SR_19_RD1500
1426,C_SAC082
1427,C160
1428,D_SAC083_21_SA
1429,C_SAC081
1430,R_17S_PR_SBP021
1431,R_19_SA_RD1500
1432,C_SSL001
1433,C_RD1500
1434,C_SBP012
1435,R_DWRPS2_SBP021
1436,SG331_SAC085_57
1437,SG332_SAC083_57
1438,SG368_SAC082_65
1439,C137
1440,R_17S_SA_SAC085
1441,SG339_SBP014_58
1442,SG338_SBP018_58
1443,SG337_SBP021_58
1444,R_07S_PA_CBD028
1445,R_08S_SA3_RFS8S
1446,R_RFS8S_SAC097
1447,C_SAC122
1448,C_SAC115
1454,C_SAC099
1455,C_SAC097
1451,C_SAC093
1457,C_GCC065
1458,C_CBD031
1450,C_CBD028
1449,C_CBD023
1452,C_CBD018
1453,C_CBD012
1456,D_CBD000_KLR005
1460,C_KLR006
1461,D_SAC121_08S_SA3
1459,C_CBD000
1463,C_SAC120
1462,SR_08S_CBD028
1464,SR_08S_RFS8S
1465,R_RFS8S_SAC093
1468,R_08S_PA_CBD012
1466,D_CBD028_08S_PA
1469,D126
1467,C184B
1471,C129
1470,C134
1472,C_TCC085
1473,C_SAC121
1476,C_SAC109
1474,D_SAC109_08S_SA3
1479,C_CBD005
1475,D_TCC111_07S_PA
1478,D129A
1477,R134
1480,C_SAC092
1481,D_SAC115_19_SA
1484,SG297_SAC122_53
1482,SG298_SAC115_53
1486,SG299_SAC106_53
1483,SG300_SAC097_53
1488,SG301_SAC092_53
1490,SG324_CBD028_56
1485,SG325_CBD023_56
1491,SG326_CBD018_56
1487,SG327_CBD012_56
1493,SG328_CBD005_56
1489,CT_COLUSA
1492,D_KLR005_21_PA
1495,C_SAC091
1494,D_SAC091_19_SA
1496,C_SAC106
1497,D_SAC099_19_SA
1498,C_GCC060
1501,C_CBD001
1499,SR_07S_CBD028
1500,R_08S_NA2_RFS8S
1503,C_GCC056
1502,C_FTR025
1504,C_FTR016
1505,C_FTR012
1506,C_FTR008
1507,D_DWRPS2_11_NA
1508,R_16_NA2_DWRPS1
1509,R_16_PA_DWRPS2
1510,R_11_NA_DWRPS2
1511,C_BRR004
1512,C_FTR021
1513,D_DWRPS1_16_NA2
1514,SR_15S_FTR012
1515,C_FTR018
1516,C_FTR014
1517,D_FTR021_16_PA
1518,D_FTR018_16_SA
1519,D_FTR014_16_SA
1520,D_FTR018_15S_SA
1521,SR_16_DWRPS1
1522,D206A
1523,C282
1524,R_15S_SA_FTR014
1525,R_16_SA_DWRPS1
1526,SG353_FTR025_61
1527,SG354_FTR021_61
1528,SG355_FTR016_61
1529,SG356_FTR012_61
1530,SG363_FTR008_63
1531,SG365_FTR003_64
1532,D_FTR003_22_SA2
1533,R_22_SA2_SAC083
1534,D_FTR021_16_SA
1535,D_FTR003_17S_SA
1536,D_FTR028_15S_SA
1537,D_FTR008_16_SA
1538,R_16_NA1_DWRPS2
1539,SR_11_DWRPS1
1540,I_DER001
1541,D_YUB011_15S_NA2
1542,D230
1543,C_BRR011
1544,D_BRR017_23_NA
1545,R_23_NA_RFS23
1546,R_RFS23_BRR004
1547,I285
1548,C_CMPFW
1549,R_RFS23_CCK007
1550,S_CMPFW
1551,R_15S_NA2_DHC001
1552,R_15S_NA1_DHC001
1553,R_15S_NU_OHWWTP
1554,I_DHC021
1555,SG358_BRR017_62
1556,SG359_BRR011_62
1557,I282
1558,D285
1559,D283
1560,C_DHC001
1561,C_BRR017
1562,C283
1563,C_RLLNS
1564,S_RLLNS
1565,D_CBC000_NIDBR_NA
1566,D_CMBIE_CBC000
1567,C_BRR023
1568,C_CMBIE
1569,S_CMBIE
1570,C_BRR049
1571,C_BRR031
1572,C_BRR028
1573,C_BRR050
1574,C_BRR060
1575,C_BRR066
1576,C_BRR073
1577,C_BRR074
1578,D_SYC002_BRR074
1579,C_DRM011
1580,C_DRM009
1581,C_DRM003
1582,C_DRM002
1583,D_SPLDG_DRM000
1584,C_DRM001
1585,D_DRM003_BRR074
1586,C_DRM008
1587,D_DRM009_CYN010
1588,C_LBR002
1589,C_TWL005
1590,C_BRR067
1591,C_BRR061
1592,SG360_BRR004_62
1593,I_WLF013
1594,C_WLF021
1595,I_CMPFW
1596,SR_24_BRR004
1597,I_CMBIE
1598,I_RLLNS
1599,SR_23_BRR004
1600,SR_24_BRR011
1601,SR_23_BRR011
1602,C_CCH030
1603,C_SAC074
1604,C_PTH021
1605,C_PTH020
1606,C_PTH015
1607,C_PTH011
1608,C_PTH007
1609,C_CCH023
1610,C_CCH017
1611,C_CCH012
1612,SP_SAC066_YBP020
1613,D_CCH030_20_NA1
1614,D_PSC003_25_PA1
1615,D_SAC065_WTPBTB
1616,D_SAC074_21_SA
1617,D_YBP023_21_SA
1618,R_20_NA2_WLW000
1619,R_21_SA_YBP020
1620,R_25_PA2_CSL005
1621,R_21_PU_SRWWTP
1622,C_YBP032
1623,C_YBP026
1624,C_YBP023
1625,C_YBP020
1626,C_YBP016
1627,C_YBP014
1628,C_YBP011
1629,C_YBP002
1630,C_CCH075
1631,R_20_NA1_WLW000
1632,C_BRYSA
1633,C_SAC077
1634,R_25_PA1_RFS25
1635,D_RFS25_25_PA2
1636,C_SAC078
1637,D_CSL005_25_NA
1638,SR_21_YBP023
1639,SR_20_YBP023
1640,SR_25_CSL005
1641,C_CCH006
1642,C_CCH003
1643,C_YBP007
1644,D_PSC006_25_PA2
1645,D166A
1646,C157
1647,C_SAC075
1648,D_WTPBTB_21_PU
1649,C_PSC024
1650,C_PSC006
1651,D_PSC033_VJB000
1652,D_PSC020_WTPCMT
1653,D_WTPCMT_SUISN
1654,C_SAC066
1655,C_SAC063
1656,C_SAC062
1657,C_SAC057
1658,C_SAC048
1659,C_SAC050
1660,R_SRWWTP_SAC048
1661,C_AMR004
1662,D_SAC050_FPT013
1663,D_SAC062_WTPSAC
1664,C303
1665,D167
1666,D168
1667,R169
1668,C_SAC049
1669,C_SAC053
1670,CT_FREEPORT
1671,I_PTH070
1672,C_PTH030
1673,D_PTH024_PSC003
1674,C_PTH024
1675,D_WTPNBR_25_PU
1676,D_PSC013_WTPDEF
1677,D_WTPNBR_FRFLD
1678,D_PSC024_SIDSH
1679,D_PSC024_WTPWMN
1680,D_WTPWMN_FRFLD
1681,C_PSC013
1682,C_CSL004A
1683,C_PSC015
1684,D_PSC015_CSPSO
1685,C_PSC003
1686,I_CLRLK
1687,I_INDVL
1688,C_CLRLK
1689,C_INDVL
1690,C_NFC013
1691,C_NFC005
1692,C_BRC003
1693,C_BRC002
1694,I_BRC003
1695,C_CCH032
1696,C_CCH053
1697,C_CCH058
1698,C_CCH083
1699,C400
1700,S_BRYSA
1701,C_CSL004B
1702,R_RFS25_CSL005
1703,R_25_NA_CSL005
1704,R_21_NA_YBP032
1705,R_WLWWTP_YBP032
1706,SG371_SAC075_65
1707,SG373_SAC063_65
1708,SG382_SAC057_67
1709,SG383_SAC053_67
1710,SG384_SAC048_67
1711,SG400_PTH024_69
1712,SG401_PTH020_69
1713,SG402_PTH015_69
1714,SG403_PTH011_69
1715,SG404_PTH007_69
1716,SG390_CCH030_68
1717,SG391_CCH023_68
1718,SG392_CCH017_68
1719,SG393_CCH012_68
1720,SG394_CCH006_68
1721,SG395_CCH003_68
1722,SG396_YBP032_68
1723,SG398_YBP023_68
1724,SG399_YBP020_68
1725,SG407_YBP016_70
1726,SG408_YBP014_70
1727,SG409_YBP011_70
1728,SG410_YBP007_70
1729,SG411_YBP002_70
1730,SG397_YBP026_68
1731,D165
1732,D163
1733,D_PSC003_20_PA
1734,D_NBA011_WTPNBR
1735,R_21_PA_YBP032
1736,C_WLW005
1737,R_DVWWTP_WLW005
1738,D_CCH052_20_NA1
1739,C_CCH052
1740,C_YBP034
1741,R_20_PA_PTH011
1742,S_CLRLK
1743,C_PSC020
1744,C_SAC065
1745,C_SAC064
1746,S_INDVL
1747,SR_25_PTH024
1748,SR_20_PTH024
1749,SR_25_PTH021
1750,SR_20_PTH021
1751,SR_20_CCH032
1752,SR_20_CCH017
1753,SR_07S_YBP034
1754,C_SAC017
1755,C_SAC022
1756,C_SAC029A
1757,C_SAC036
1758,C_SAC007
1759,C_CHIPPS
1760,D403A
1761,C407
1762,C_SJR022
1763,DD_SAC017_SACS
1764,C_MOK014
1765,D_SAC030_MOK014
1766,C_SAC029B
1767,DD_MOK004_MOK
1768,C_SJR013
1769,C_SJR009
1770,C_SAC041
1771,C_SJR026
1772,C_SJR028
1773,C_SJR023
1774,C_SAC011
1775,C_MOK004
1776,DD_SJR026_SJRE
1777,R_60N_NA4_SJR022
1805,C_OMR002
1781,C_SAC003
1779,I_MSH015
1783,C_MSH015
1784,I406
1802,DD_SJR013_SJRW
1804,I404
1787,D404
1803,I412
1786,D412
1780,I410
1788,D410
1791,I413
1782,D413
1799,SG385_SAC041_67
1793,SG386_SAC036_67
1806,SG387_SAC030_67
1794,SG388_SAC022_67
1795,SG389_SAC017_67
1790,SG414_SAC011_71
1792,SG417_SAC000_71
1807,SG416_SAC003_71
1798,C_NBA011
1796,D_NBA027_WTPAMC
1789,D_NBA021_VJB000
1785,C_NBA021
1801,D_NBA027_WTPJAC
1808,D_NBA009_WTPTAB
1812,C_NBA009
1797,D_WTPJAC_NAPA
1817,D_WTPAMC_AMCYN
1815,D_WTPFMH_VLLJO
1814,D_WTPBNC_BNCIA
1800,D_VJB000_WTPBNC
1819,D_VJB000_WTPFMH
1818,D_BKR004_NBA009
1811,D_WTPTAB_TVAFB
1809,SG415_SAC007_71
1825,C_SJR006
1813,SG203_SJR006_31
1821,SG202_SJR009_31
1810,SG201_SJR013_31
1816,SG171_SJR023_26
1820,C_SAC030
1822,SG197_MOK014_30
1823,D_MOK035_60N_NA4
1824,D_MOK050_60N_NA3
1829,D_FSC027_MAQ012
1826,D_FSC025_60N_PU
1827,D_FSC015_60N_NA2
1828,C_FSC025
1831,C_FSC015
1832,D502
1834,D_SAC078_22_SA1
1833,R_22_SA1_RFS22
1841,R_RFS22_EMD001
1830,R_RFS22_SAC066
1845,D_CRC002_22_SA1
1837,SR_24_CRC002
1840,SR_22_SAC066
1835,SR_26N_AMR004
1844,C_ABN000
1836,R_22_NA_RFS22
1838,SG372_SAC066_65
1843,SG379_AMR004_66
1853,I302
1842,D_WTPSAC_26S_PU4
1846,R_26S_PU4_SRWWTP
1847,C_EMD001
1848,SR_26N_EMD001
1839,SR_22_CRC002
1849,SR_26N_CRC002
1852,SR_23_CRC002
1850,C_FSC013
1854,R_26S_NU1_SRWWTP
1855,R_26S_PU5_SRWWTP
1851,R_26S_NU3_SRWWTP
1857,R_26S_NU2_SRWWTP
1860,R_26S_PU6_SRWWTP
1859,D_FPT013_WTPVNY
1858,D_WTPVNY_26S_PU5
1856,D_WTPSAC_26S_NU1
1862,D_WTPVNY_26S_PU4
1863,D_WTPFBN_26S_NU1
1861,D_WTPFBN_26S_NU2
1865,C_AMR007
1868,SR_26S_AMR007
1867,D_AMR007_WTPFBN
1864,D_WTPSAC_26N_NU3
1875,D_WTPFBN_26N_NU3
1876,C_EMD007
1866,SR_24_EMD007
1869,SR_26N_EMD007
1874,R_26N_NU3_SRWWTP
1870,C_DCK012
1873,R_DCWWTP_DCK012
1871,R_RFS26N_DCWWTP
1872,R_RFS26N_PGWWTP
1877,R_PGWWTP_CRC002
1878,R_24_NA2_ABN000
1879,SR_24_ABN000
1880,D_ABN010_24_NA2
1881,C_ABN010
1882,R_24_NA1_CCK022
1883,C_CCK007
1884,C_CCK036
1885,C_CCK022
1886,C_CCK038
1887,SR_23_ABN000
1891,SR_24_CCK022
1889,SR_24_CCK007
1888,SR_23_CCK007
1890,D_CBC001_24_NA1
1892,D_ABN024_24_NA1
1893,C_ABN024
1894,C_ABN026
1895,D_WSE004_24_NU3
1896,D_CBC001_CCK036
1897,D_WSE004_24_NA1
1898,C_ABN027
1899,SR_24_ABN010
1900,R_24_NU3_CCK038
1901,C_CBC000
1902,D_WTPFSS_24_NU2
1903,R_24_NU2_RFS26N
1904,R_26N_PU1_RFS26N
1905,R_24_NA3_SCR002
1906,C_STH004
1907,D_STH003_24_NA3
1908,D_STH003_WTPFSS
1909,D_NFA016_ABT002
1910,D300
1911,C_ABT002
1912,C_STH000
1913,D_ABT002_STH001
1914,C_STH001
1915,D_LBC049_24_NA3
1916,C_LBC049
1917,C_SCR002
1918,C_LBC043
1919,SG378_AMR009_66
1920,C_FOLSM
1921,S_FOLSM
1922,S_NTOMA
1923,I_SFA040
1924,C_AMR009
1925,C_AMR015
1926,C_AMR017
1927,C_AMR020
1928,C_NTOMA
1929,R_26N_NU2_SRWWTP
1930,D_FSC003_WTPCOL
1931,C_FSC003
1932,D_FOLSM_WTPRSV
1933,D_FOLSM_WTPFOL
1934,D_WTPFOL_26S_PU1
1935,D_WTPCOL_26S_PU2
1936,D_FOLSM_WTPSJP
1937,D_AMR017_WTPBJM
1938,D_WTPSJP_26N_PU2
1939,D_WTPRSV_26N_PU1
1940,D_NTOMA_FSC003
1941,D_WTPBJM_26N_NU2
1942,S8
1943,I9
1944,S9
1945,D9
1946,D309B
1947,D_FOLSM_WTPEDH
1948,SG376_AMR020_66
1949,SG377_AMR015_66
1950,SG375_NTOMA_66
1951,SG374_FOLSM_66
1952,C8
1953,D309a
1954,D8
1955,D302
1956,R_EDWWTP_DEE020
1957,D_WTPEDH_ELDID_NU3
1958,R_ELDID_NU3_EDWWTP
1959,C9
1960,C_AMR022
1961,R_26S_PU2_SRWWTP
1962,R_26S_PU1_SRWWTP
1963,D_WTPSJP_26N_PU3
1964,R_26N_PU3_SRWWTP
1965,R_26N_PU2_SRWWTP
1966,C_STH007
1967,R_26N_NU5_SRWWTP
1968,D_WTPSJP_26N_NU1
1969,R_26N_NU1_SRWWTP
1970,D_WTPFBN_26N_NU1
1971,D_STH005_MRM001
1972,C_STH005
1973,SR_26N_NTOMA
1974,SR_26S_NTOMA
1975,D_WTPVNY_26S_PU1
1976,R_RFS26S_AMR020
1977,C_MRM001
1978,D_WTPVNY_26S_PU6
1979,R_26N_NU4_SRWWTP
1980,D_WTPFBN_26N_NU4
1981,D_FOLSM_26S_PU3
1982,D_FSC003_FSCLOS
1983,D_FOLSM_26S_NU4
1984,C_NFA011
1985,R_26S_NU4_RFS26S
1986,R_RFS26S_SRWWTP
1987,C_NFA016
1988,C_LBC040
1989,C300
1990,D_LBC038_WTPAUB
1991,D_WTPAUB_24_NU1
1992,I300
1993,C_LBC010
1994,C_LBC032
1995,D_LBC010_PCWA3
1996,C_LBC038
1997,C_NFA022
1998,C_NFA048
1999,C_NFA054
2000,C_NNA013
2001,C_LKVLY
2002,S_LKVLY
2003,I_NFA054
2004,D_NNA013_LVC001
2005,C_LVC001
2006,C_CYN009
2007,I_NFA022
2008,C_LBC001
2009,D_LBR002_LBC001
2010,R_24_NU1_ABN027
2011,D_STH000_ABN027
2012,C_WSE003
2013,C_BEC000
2014,C_BEC021
2015,D_BRR050_BEC000
2016,C_BEC024
2017,C_WSE008
2018,C_WSE004
2019,C_BEC022
2020,D_BEC021_LBC032
2021,D_BEC022_WTPBWM
2022,D_WTPBWM_24_NU1
2023,D_LBC030_BEC021
2024,D_WSE003_LBC040
2832,09_PR
Upper Butte Wildlife Area 
and Sacramento River 
NWR - Llano Seco Units

3137,11_SA1
Western Canal WD
3014,14_NA 
Browns Valley ID
2738,D_GCC056_08S_PR
3421,08S_SA3 
RD 108, River Garden Farms,
Misc. Settlement Contractors
3177,C184A
3202,21_SA 
Conaway Conservancy Group (RD 2035), Sacramento 
River Ranch LLC, Misc.
Settlement Contractors
3273,SG370_SAC078_65
3193,SR_08N_SAC185
2375,USGS 11525500
Trinity River at Lewiston
2657,USGS 11525430
Judge Francis Carr Powerhouse
near French Gulch
3076,USGS 11371600
Spring Creek Powerhouse at Keswick
2783,USGS 11370500 
Sacramento River at Keswick
3103,USGS 11372000
Clear Creek near Igo
3175,USGS 11374000
Cow Creek near Millville
3151,USGS 11374100
Bear Creek near Millville
Discontinued
3491,USGS 11376550
Battle Creek near Cottonwood
3054,USGS 11376000
Cottonwood Creek near Cottonwood
2442,USGS 11375870
South Fork  Cottonwood Creek near Olinda,
Discontinued
2306,USGS 11375810
Cottonwood Creek near Olinda,
Discontinued
2812,USGS 11377100
Sacramento River above Bend Bridge
3483,USGS 11377500 Paynes
 Creek near Red Bluff
Discontinued
3031,USGS 11378000 Sacramento
River near Red Bluff,
Discontinued
3237,USGS 11379000
Antelope  Creek near Red Bluff
Discontinued
2486,USGS 11381500
Mill Creek near Los Molinos
3322,USGS 11379500
Elder  Creek near Pakenta
3490,USGS 11382000
Thomes Creek at Pakenta
Discontinued
3252,USGS 11384000
Big Chico Creek near Chico Discontinued
DWR A04250 (CDEC BIC)
Big Chico Creek at Chico
3291,DWR A02630 (HMC)
Sacramento  River at Hamilton City
3434,DWR A02700 (VIN)
Sacramento  River at Vina-Woodson Bridge
2873,USGS 11388000
Stony Creek at Black Butte Dam
near Orlando
Discontinued
3088,DWR A02570 (ORD) 
Sacramento River at Ord Ferry
3292,DWR AO2976 (CDR)
Colusa  Drain near Highway 20
2722,USGS 11389500,
DWR A0242000 (Col),
Sacramento River at Colusa
3326,USGS 11390500
Sacramento River below Wilkins Slough,
DWR A02280 (WLK)
3136,DWR A02945
Colusa Basin Drain at Knights Landing
2912,USGS 11391000 
Discontinued, DWR A02200 (KNL)
Sacramento River at Knights Landing
3388,USGS 11425500,
DWR A0215000 
Sacramento River at Verona
3037,USGS 11390000
Butte Creek near Chico
3302,USGS 11390010, DWR A04265
Butte Creek near Durham
2941,DWR A04158
Butte Creek below
Western Canal near Nelson
3196,DWR A04150
Butte Creek near Gridley
3486,DWR A02967
Butte Slough at Outfall Gates near Colusa
2753,DWR A02972
Butte Slough near Meridian
3215,DWR A02925 (CDEC SSK)
Sacramento Slough near Karnak
3484,DWR A02926 (CDEC SBP)
RD 1500 Karnak PP
2936,DWR A02981 Colusa Weir Spill to
Butte Basin near Colusa
3412,USGS 11389350, DWR A02986,
 Moulton Weir Spill to Butte Basin 
near Colusa
3387,DWR A02960
Tisdale Weir Spill to Sutter Bypass
3477,USGS 11389800
Toadtown Canal above Butte Canal near Sterling
3068,USGS 11396000
Lost Creek near Clipper Mills
2798,USGS 11407000
Feather River at Oroville
2581,USGS 11406920
Thermalito Afterbay
Release to Feather River
2821,USGS 11406910
Sutter-Butte Canal at Intake
2939,DWR A05165 (GrL)
Feather River near Gridley
2590,USGS 11406880 + 11406900
Western Canal at Intake + 
PG&E Co Lateral at Intake
3245,DWR A05135 (YUB) 
Feather River at Yuba City
3424,USGS 11421500,
Yuba River at Marysville,
Discontinued
2951,USGS 11421500 Yuba 
River near Marysville
3098,USGS 11420700
Dry Creek near Browns Valley
Discontinued
2859,USGS 11413250
Slate Creek Tunnel, near Strawberry Valley
3380,USGS 11413300
Slate Creek below Diversion Dam,
near Strawberry Valley
3402,USGS 11419000
Yuba River at Smartville
Discontinued
3155,USGS 11418500
Deer Creek near Smartville
3160,USGS 11409350 Camptonville
 Tunnel at Intake, near Camptonville
3094,USGS 11422500
Bear River below Rollins Dam near Colfax
3327,USGS 11421725
Alta PH near Dutch Flat
3223,USGS 11421710
Bear River near Emigrant Gap
2724,USGS 11414190
Drum Canal above Drum Forebay,
near Blue Canyon
Discontinued
3073,USGS 11414170
Drum  Canal at Tunnel Outlet
near Emigrant Gap
2920,USGS 11424000,
DWR A06650 (BRW)
Bear River near Wheatland 
2468,USGS 11451300
North Fork Cache 
Creek near Clear Lake Oaks
3060,USGS 11451500
North Fork Cache Creek near Lower Lake
Discontinued
3156,USGS 11451715
Bear Creek above Holsten 
Chimney Canyon near Rumsey
3004,USGS 11451720
Bear Creek near Rumsey
Discontinued
3005,USGS 11451000
Cache Creek near Lower Lake
3182,USGS 11451760
Cache Creek above Rumsey
Discontinued
DWR (CDEC RUM)
Cache Creek at Rumsey
2934,USGS 11452000
Cache Creek near Capay
Discontinued
3042,USGS 11452500
Cache Creek at Yolo
3024,USGS 11453000
Yolo Bypass near Woodland
3139,USGS 11454000
Putah Creek near Winters
2993,USGS 11454500
Putah Creek at Winters
Discontinued
3330,USGS 11447500 Sacramento
River at Sacramento, Discontinued, DWR
IST, Sacramento at I_Street Bridge
3238,USGS 11447650
Sacramento River near Freeport
3195,USGS 11425415
Wise Powerhouse near Auburn  
3418,USGS 11425310 (YB-250)
Halsey Powerhouse near Auburn 
3211,USGS 11422000 (YB-50)
Bear River Canal Intake near ColFax
3108,USGS 11427000
North Fork American River
at North Fork Dam
3275,USGS 111425416 
Newcastle PP near Newcastle
2613,USGS 11433930
Mormon Ravine near Newcastle
(low flow only)
2522,USGS 11446500
American River at Fair Oaks
3287,USGS 11337500
Marsh Creek near Byron
Discontinued
3114,USGS 11447810
Sacramento River at Hood /
Greene's Landing
2676,Local Inflow
3284,I_OROVL
2894,C_SFF008
2881,SFF008
2921,I_SFF008
2440,Local Inflow
2966,C_SFF018
3411,SFF018
2710,C_SFF028
3173,SFF028
3394,SFF039
2917,C_SFF039
2814,C_LST003
3221,LST003
3476,C_MFF019
2178,C_NFF020
3247,WBF006
3170,C_WBF006
3299,I_WBF006
3409,Local Inflow
2679,C_SFA030
3147,SFA030
3122,Lake Folsom Local Inflow
3467,I_FOLSM
2938,I8
2803,I_MFA023
2984,C_MFA001
3163,MFA001
3276,MFA023
3201,C_MFA023
2509, Local Inflow to Middle Fork
 American River
3343,I_MFA001
3161,I_LKVLY
2824,CYN009
3319,C_CYN010
3050,D_CYN010_TWL005
3179,C_YUB030
3317,YUB030
3181,C_SFY007
2998,SFY007
3218,Local Inflow to
South Fork Yuba River
3329,I_SFY007
2369,C_YUB039
3015,YUB039
2964,C_NFY029
3150,NFY029
3089,I_NFY029
3372, Local Inflow to 
New Bullards Bar Reservoir
3298,I_NBLDB
3435,D_OGN005_CMT000
3406,OGN005
3220,LRT000
3209,D_MFY013_LRT000
3367, Oregon Creek
3373,I_OGN005
3384,C_OGN004
3300,OGN004
3352,C_OGN005
3407,EPARK
3288,D403B
3279,City of American 
Canyon
3248,C_ORP000
3456,I_LOSVQ
3344,C_TRNSF
3462,D_CCC019_CCWD
3398,C_CCC004
3482,D_OMR021_ORP000
3479,D_VCT002_ORP000
3430,C_OMR027
3205,C_OMR024A
3349,C_OMR021
3353,C_OMR013A
3470,C_OMR024B
3230,S_LOSVQ
3368,C_OMR013B
3213,OMR021
3257,ORP000
3392,CCC004
3334, Contra Costa
Water District
3465,VCT002
3417,LOSVQ
3427,TRNSF
3303,CCC007
3256,OMR027
3415,OMR024
3449,OMR013
3376,DD_OMR027_OMR
3359, Delta Depletion
3363,C_RSL001B
3391, Indian Slough
3228, Old River
Pumping Station
3206, Pumping Plant No. 1
3478, Contra Costa Canal
3242, Victoria Canal 
Pumping Station
3332,OMR018
3419,C_OMR018
3382,RSL001
3436,D_RSL004_CCC004
3492,OMR014
3386,C_OMR014
3312,RSL004
3212,C_RSL001A
3323,LVP007
3390,C_LVP007
3404,MAQ057
3405,D_MAQ057_LVP007
3336,USGS 11313405 Old River at Bacon Island
 USGS 11312676 Middle River at Middle River
3389,MFY012
3516,MFY013
3605,C_MFY012
3590,C_MFY013
3800,I_CCH053
3777,R_26N_NA_EMD007
3525,I109
3749,D109
3916,SAC136
3506,C_SAC136
3472,CT_VERONA
3474,E_BLKBT
3468,E_BRYSA
3585,E_CLRLK
3571,E_CMBIE
3383,E_CMPFW
3554,E_ENGLB
3520,E_EPARK
3654,E_FOLSM
3533,E_INDVL
3579,E_KSWCK
3649,E_LGRSV
3617,E_LKVLY
3577,E_LOSVQ
3813,E_LWSTN
3592,E_MERLC
3253,E_NBLDB
3595,E_NTOMA
3883,E_OROVL
3607,E_RLLNS
3260,E_SGRGE
3618,E_SHSTA
4234,E_SLYCK
3614,E_THRMA
4080,E_TRNTY
3555,E_WKYTN
3616,D_SAC196_MTC000
3655,MTC000
3381,SAC195
3502,C_SAC195
3550,3Bs FRS
3379,USGS 11414196
Combined Flow Drum No 1 and 2 PP
near Blue Canyon
3846,BSL000
3712,C_BSL001A
4052,D_SBP021_DWRPS2
4032,R_DWRPS1_SBP012
3794,D_SBP012_DWRPS1
4196,USGS 11462190 
Lake Valley Canal near Emigrant Camp
3996,USGS 11433500 
Middle Fork American River
near Auburn
Discontinued
4019,USGS 11433300
Middle Fork American River
near Forest Hill
3992,USGS 11444500
South Fork American River near Placerville
3695,Old and Middle River
4049, Thomes Creek
3731,D_STN004_GCC007
3998,D_CBD028_08S_SA3
3962,USGS 11421790
Bear River below Dutch Flat Afterbay
near Dutch Flat
3914,Drum Afterbay
3610,Towle Canal Diversion Dam
4186,CCC019
4074,C_CCC007
3495,D_CHIPPS_CCC019
3958,Mallard Slough Intake
4188, Closure Term
3922,Kellogg Creek
3882,SR_26S_MOK014
3868,NFF008
3738,C_NFF008
3844,FTR074
3581,C_FTR074
4009,SFF002
3806,C_SFF002
4222, Closure Term
3966,USGS 11413000 North Fork Yuba River
 below Goodyears Bar
3817, Our House Diversion Dam
4251, Log Cabin Diversion Dam
4109,USGS 11417500
South Fork Yuba River
 at Jones Bar near Grass Valley
4005,USGS 11408870
Lohman Ridge Tunnel
at Intake near Camptonville
3910,USGS 11408880
Middle Fork Yuba River
 below Our House Dam near Camptonville
4252,USGS 11409400
Oregon Creek below Log Cabin Dam
near Camptonville
3915,USGS 11383500
Deer Creek near Vina
4174,USGS 11455000
Putah Creek near Davis,
Discontinued
4268,USGS 11397000
South Fork Feather River at Enterprise
Discontinued
4310,USGS 11406500
West Branch Feather River at Yankee Hill,
Discontinued
4177,USGS 11395150
South Fork Tunnel near Strawberry

3788,USGS 111395030
South Fork Feather River below
Little Grass Valley Dam

3890,USGS 11395200
South Fork Feather River below
Diversion Dam near Strawberry Valley 

3729,USGS 11394500
Middle Fork Feather River near Merrimac
4242,USGS 11404900 
Poe Powerhouse  below
Poe Dam  near Jarbo Gap
4215,Local Inflow to Cache Creek
3981,Spring Creek Conduit
4070,USGS 11396350 
South Fork Feather River at Ponderosa Dam
Discontinued

4200, WTP
DEF
4124,D_WTPDEF_25_PU
4198,The City of Vacaville has access to
13 mgd capacity at the North Bay
Regional water treatment plant which
is combined with 10 mgd capacity of
the City's Diatomaceous Earth Filter
water treatment plant
3685, Losses
4055,D_NBA027_NBALOS
3836, Little Chico Creek drains into Angel Slough
4064,Bear River Diversion Dam
4240,D_DRC005_05_NA
3988,D_GCC065_08S_PA
4014,Miscellaneous FRSA diverters
4068,Garden Highway MWC
4288,Tudor MWC
3819,Oswald WD
3807,D_CBC001_CBCLOS
4053,D_BEC021_BECLOS
4143,D_LBC001_LBCLOS
4241,D_SJR006_ANTOC
3576,City of Antioch
3925,CHCGO
4158,C_CHCGO
3913,D_CCC007_ANTOC
3776,SAC168
3765,C_SAC169
4015,USGS 11389000
Sacramento River at Butte City
4204,D_SEC009_17S_PR
3785,BRR072
4123,C_BRR072
3829,Upper Boarman Canal
Sealed shut 02/86
4280,YUB022
3802,C_YUB022
4111,USGS 11418000
Yuba  River below Englebright Dam
near Smartville
3751,D_CGT005_14_NA
3820,BVID diversion from North Yuba River/Colgate Tunnel
into Upper Main Canal
discontinued in 1990
4043,D_CLRLK_CLLPT
3907,Clearlake-Lakeport
4030,D_SAC281_02_NA
3877,D_SAC273_03_NA
3713,D_SAC185_09_NA
4048,D_SAC185_08N_NA
4210,D_SAC146_08S_NA1
3816,D_SAC129_08S_NA2
3750,D_SAC081_21_NA
4089,D_SAC075_22_NA
4044,USGS 11425000
Feather River near Nicolaus
Discontinued
3973,D_SAC136_18_NA
3682,CT_WILKINSSL
4085, Closure Term
4276,CT_DAVIS
4142, Closure Term
3770,CT_YOLO
4255, Closure Term
3952,CT_WHEATLAND
4243, Closure Term
3842,CT_SMARTVILLE
4003, Closure Term
3762,CT_FAIROAKS
4106, Closure Term
3781,DD_SAC000_SACW
4079, Delta Depletion
3784,DD_SAC041_SACN
4294, Delta Depletion
4205,Minor non-project diversions
aggregated with CVP
settlement contractors
3686,Thermalito Power Canal
and Thermalito Forebay
4590,CGT005
4713,C_CGT005
4083,NFY002
3774,C_NFY002
4401,D_NBLDB_CGT005
4020,WLF013
4165,C_WLF013
3843,D_WLF013_NIDDC_NA3
4455,R_GRSVL_WLF021
4805,D_SAC074_WTPDWP
4156, WTP
DWP
4390,D_WTPDWP_20_NU1
4185, Davis-Woodland Water Supply Project
4774, THRMF
4692,S_THRMF
3967,E_THRMF
4214,CT_NICOLAUS
4775, Closure Term
4338,USGS 11421770
Bear River below
Drum Afterbay near Blue Canyon
4383,USGS 11421780
Chicago Park Flume near Dutch Flat
4031,Drum Canal Wasteway
3821,South Yuba Canal Wasteway
3889, Rock Creek Reservoir
4791,HKC002
4398,C_HKC002
4493,Accretions to Hendricks Canal
and discharges to Long Ravine
not modeled in CalSim 3.0
4675,I_WBF015
4286,Local Inflow
4778, RVPHB
4672,S_RVPHB
4609,C_RVPHB
4439, West Branch
Feather River
4661,I_WBF030
4466, 20_NU2
Winters, Esparto CSD,
Madison CSD,
small communities 
4415,D_PSC003_PSCLOS
4777, Losses
4757,CT_SACSLOUGH
4705, Closure Term
4438,SG212_COW007_33
4342,D_SAC109_19_SA
4483,Closure term at Verona moved
upstream to better model flood
flows over the Fremont Weir
4462,RVC000
4117,D_THRMA_RVC000
4319,USGS 11406890
Richvale Canal at Intake
4613,D_DRM002_SYC001
4592,D_DRM003_DRMLOS
4441,D_ABN006_23_NA
4577, Closure Term
4737,CT_OROVILLE
4739,For modeling purposes, flows in
PG&E lateral have been combined
with flows in Western Canal
4324,TTC000
4514,C_TTC000
4804, Toadtown Powerhouse
4600,ABN006
4532,C_ABN006
4340,South Sutter Water District Diversions
at Aitken Ranch Dam, Tom Glenn Dam,
Davis Dam on Auburn Ravine and
Coppin Dam on Cross Canal
4375,Placer County Water Agency Diversions
at Nelson Lane Dam, Pleasant Grove Dam, and Moore Dam
4678,Nevada Irrigation District Diversions
at Auburn Ravine Dam and Hemphill Dam
4597,ABN014
4784,C_ABN014
4751,NID Lincoln Gaging Station
4417,Site of proposed
Garden Bar Dam
4753,I_BRR023
4571, Local Inflow to
Garden Bar Dam site
4318,R_02_NU_SAC281
4699, EAWWTP
4409,R_EAWWTP_CSL005
4530,R_25_PU_EAWWTP
4503, WLWWTP
4461,R_20_NU1_WLWWTP
4239, DVWWTP
4469,R_20_NU1_DVWWTP
4562,D_THRMF_12_NU1
4660,Colgate Penstock not modeled
explicitly. Simulated flows included
 in arc C_NBLDB
4687,D_LOSVQ_TRNSF
4479,C_LOSVQ
4404, EBMUD
4349,D_MAQ057_EBMUD
4761, WSWWTP
4478,SR_60N_SJR022
4685,C_SAC000
4707,D407
4808,PSC017
4768,C_PSC017
4553,D_PSC017_WTPNBR
4779,WLW000
4411,C_WLW000
4783,CGT006
4403,YUB034
4680,C_YUB034
4634,USGS 11413510
New Colgate Powerhouse near French Corral
4604,WTP
BLV
4426,D_WTPBLV_03_PU2
4677, Delta Accretion
4727,DA_SJRW_SJR013_DV
4758,DA_SACW_SAC000_DV
4582, Delta Accretion
4715, Delta Accretion
4708,DA_SACS_SAC017_DV
4408,DA_SACN_SAC041_DV
4545, Delta Accretion
4405,DA_MOK_MOK004_DV
4527, Delta Accretion
4794, Delta Accretion
4446,DA_SJRE_SJR026_DV
4798, Delta Accretion
4786,DA_OMR_OMR027_DV
4738,I409
4453,I406B
4797,D406
4607,D400B
4481,I400
4449,BTC015
4695,C_BTC015
4669, LCWWTP
4754,R_LCWWTP_FTR025
4433,R_15N_NU_LCWWTP
4471,R_15S_NU_LCWWTP
4750,AMR006
4587,C_AMR006
4732,USGS 11447000 American
River at H-Street, Discontinued, DWR
A07140
4726,C_CGT006
4734,SAC061
4361,C_SAC061
4627,MFY005
4728,C_MFY005
4684,NFA019
4843,C_NFA019
4552,WBF039
4818,C_WBF039
4581,Confluence of West Branch Feather River
and Philbrook Creek
4823,SR_15S_BRR004
4541,YBP037
4505,C_YBP037
4838,USGS 11391021 
Discontinued, DWR A02930 (YBY)
Fremont Weir Spill to Yolo Bypass
4825,R_WSWWTP_SJR028
4819,R_60N_NU1_WSWWTP
4467,KLR006
4826,C_KLR005
4846,Wallace Weir
1778,R_60N_NA3_SJR028
4836,SJR028
4845, City of Stockton DWSP
4844,D_SJR028_WTPDWS
4835,SG170_SJR028_26
4847,Tuloc
4840,C_SJR062
4837,C_SJR056
4850,C_SJR070
4848,C_CAA000
4849,CAA003
4839, Jones Pumping Plant
4842,C_CAA002
4841,SJR062
4858,SJR056
4855,CAA002
4867, Clifton Court Forebay
4874,DMC000
4851, Banks Pumping Plant
4884,SJR081
4887,SJR070
4882,SJR038
4860,MCD021
4880,C_SJR038
4881,I_TULOC
4869,SR_61_SJR043
4877,SJR053
4879, Goodwin Diversion Dam
4886,C_OMR039
4852,SJR048
4853,C_SJR033
4864,C_SJR053a
4868,SJR033
4859,C_OMR028
4866,C_SJR048
4856,SG158_SJR048_24
4862,I_NHGAN
4861,C_SJR042
4871,Melon
4873,SJR042
4885,SG169_SJR033_26
4875,C_SJR043
4872,OMR028
4888,SG160_SJR038_24
4857,C_TULOC
4854,SR_60S_SJR028
4870,SR_61_SJR053
4865,D419
4889,NHGAN
4883, Local Inflow to 
Tullock Reservoir
4878,SJR043
4863,SG159_SJR042_24
4876, Calaveras River
4890,SBA042
4891,SBA020
4892,SBA029
4893,SBA009
4894,SBA016
4895,SBA036
4896,D_SBA016_DELVE
4897,South Bay Pumping Plant
4898,Del Valle Pumping Plant
4899,S_NHGAN
4900,S_MELON
4901,S_TULOC
5125,Local Inflow to Deer Creek
5009,D_OMR028_DMC003
5014,OMR039
5158,C_SJR053b
1389,NNA013
5058,CAA000
4996,D_OMR027_CAA000
4984,C_CAA003
4979,SG157_SJR056_24
5050,SR_71_OMR039
5059,C639
5084,D418
5093,D_WTPJAC_AMCYN
5114,MOK019
5075,C_MOK019
4960,C501
5002,D409B
4947,C_SJR072
5142,YB-90, South Canal from Bear River
CDEC BEV
5037,STH004
4945,E_DELVE
5057,D420
5121,CSL004
4989,C_CSL005
5054, Closure Term
5008,CT_WOODLAND
5052,D_FPT013_FSC013
5101,D_CAA002_50_PA2
4999,SG380_AMR004_66
5146,SG234_ANT010_40
5016,SG221_BTL006_36
5023,SG357_CMPFW_62
5144,SG361_BRR004_62
5131,SG272_BCC004_50
5015,SG323_CBD031_56
5000,SG329_CBD000_56
5011,SG219_CWD003_35
5141,SG214_COW003_33
5063,SG258_DRC005_47
4948,SG242_ELD005_42
5078,SG352_FTR029_61
5132,SG362_FTR012_63
5041,SG364_FTR008_64
5076,SG366_FTR003_64
4977,SG245_MLC004_43
5120,SG226_PYN001_38
5043,SG405_PTH007_69
5012,SG222_SAC269_37
5149,SG227_SAC259_39
4962,SG235_SAC232_41
5111,SG247_SAC224_44
5124,SG259_SAC218_48
5018,SG273_SAC196_51
5079,SG293_SAC148_53
4963,SG330_SAC092_57
5090,SG367_SAC083_65
4972,SG369_SAC081_65
4988,SG381_SAC063_67
4953,SG413_SAC017_71
4990,SG418_SAC000_72
5031,SG267_STN004_49
5024,SG333_BSL001_58
5077,SG340_SBP012_58
4964,SG253_THM005_45
5103,SG406_YBP020_70
5095,SG412_YBP002_70
5128,SG351_YUB002_60
4951,S_SCOTF
5073, SCOTF
5129,DER022
4946,C_SCOTF
5122,D_DER022_DES006
4983,DER011
5021,DER004
4949,DER018
4986,D_DER011_NIDDC_NA2
5094, Tunnel Canal
4995,Newtown Canal
5047,DS Canal
4993,Lake Wildwood
4981,D_DER004_NIDDC_NA2
5010,C_DER022
4985,C_DER018
5135,C_DER011
5102,C_DER004
5028,I_DER004
4956,Local Inflow to 
Deer Creek
5152,DER027
5112,C_SYC020
5116,SYC020
4997,USGS 11414205
Deer Creek Powerhouse near Washington
5045,D_SFD003_CSD014
5067,C_SYC002
5130,C_SYC000
5019,SYC000
5147,USGS 11414200
South Yuba Canal near Emigrant Gap
5074,D_SPLDG_SYC000
5115,S_SPLDG
5134,SPLDG
5007,E_SPLDG
5044,I_SPLDG
5051,Local Inflow to 
Spaulding Reservoir
5166,WLDWD
5109,NWT013
5005,R_WLDWD_DER004
5029,D_NWT013_WLDWD
5137,D_DER018_NWT013
5004,D_NWT013_NIDDC_NA2
5126,Keystone Canal
5100,Local Inflow to Scotts Flat
5136,I_SCOTF
5164,E_SCOTF
5153,C_DER027
5161,SFD003
5160,C_SFD003
5165,I_SFD003
5183, Inflow to South Fork of Deer Creek 
Upstream from Diversion Dam
5171,Cascade Canal
5170,USGS 11414155
Spaulding No. 2 
Powerhouse 

5173,SYC001
5177,C_SYC001
5175,DER002
5186,C_DER002
5179, NIDDC_NA2
5182,R_NIDDC_NA2_DER002
5193,DES006
5185,CSD014
5218, NIDDC_NA1
5210,GRSVL
Grass Valley / Nevada City
5192,C_CSD014
5194,R_NIDDC_NA1_WLF017
5235,C_WLF017
5196,WLF017
5214,D_CSD014_GRSVL
5234,D_CSD014_NIDDC_NA1
5225,D_DES006_GRSVL
5213,D_DES006_NIDDC_NA1
5220,R_NIDDC_NA1_DER011
5200,SFY043
5217,C_SFY043
5221,C_SFY033
5215,SFY033
5246,C_SFY040
5224,SFY040
5269,C_SFY041
5249,SFY041
5265,C_SPLDG
5252,USGS 11414250
South Fork Yuba River
at Langs Crossing near Emigrant Gap

5226,D_SYC000_SFY041
5237,FDC011
5223,USGS 11414100
Fordyce Creek below  
Fordyce Dam


5242,C_FDC011
5227,FRDYC
5240,E_FRDYC
5250,I_FRDYC
5233,Inflow to 
Fordyce Lake
5231,S_FRDYC
5236,C_FRDYC
5275,USGS 11408550
Middle Yuba River below 
Milton Dam

5268,MFY044
5258,C_MFY044
5270,MFY045
5260,C_MFY045
5273,USGS 11408500
Middle Yuba River at Milton Dam
Discontinued
5238,MFY046
5271,USGS 11407900
Middle Yuba River below 
Jackson Meadows Dam
Replaced by NID YB-301



5262,C_MFY046
5267,JKSMD
5263,E_JKSMD
5266,I_JKSMD
5280,Inflow to 
Jackson Meadows 
5272,S_JKSMD
5281,C_JKSMD
5282,Jackson Meadows 
Reservoir

5285,C_LRT000
5288,BOWMN
5289,E_BOWMN
5290,I_BOWMN
5286,Local Inflow to 
Bowman Lake
5287,S_BOWMN
5291,C_BOWMN
5299,D_MFY045_MBT005
5296,MBT005
5310,USGS 11408000
Milton-Bowman Tunnel Outlet 
near Granteville
5311,C_MBT005
5303,Milton-Bowman
Tunnel


5320,CCS010
5306,C_CCS010
5315,CCS009
5322,C_CCS009
5321,USGS 11416500
Canyon Creek (South) below 
Bowman Lake

5317,D_CCS010_BSC000
5318,BSC000
5312,USGS 11416000
Bowman-Spaulding Canal Intake  
near Graniteville
5302,C_BSC000
5307,Bowman-Spaulding
Canal


5372,BSC009
5357,C_BSC010
5371,BSC011
5359,C_BSC011
5360,USGS 11416100
Bowman-Spaulding Canal  
at Jordan Creek Siphon
5350,USGS 11416200
Spaulding No. 3 Powerhouse  
near Emigrant Gap
5376,D_BSC010_SFY043
5356,I_LCBRF
5347,Texas, Fall, and Rucker Creeks
5370,Deer Creek
Dam
5335,C_SFY044
5325,SFY044
5340,BSC010
5336,C_BSC009
5346,SFA065
5367,SFA085
5339, Echo Lake Inflow
5369,I_ECHOL
5351,C_ECHOL
5364,TAHOE
5363,D_ECHOL_ELC001
5366,USGS 11434500
Echo Lake Conduit nr Phillips
5368,SLF010
5373, CAPLS
5374, Inflow to Lake 
Caples
5377,C_CAPLS
5380,S_CAPLS
5349,I_CAPLS
5379,E_CAPLS
5362,CPC008
5381,C_CPC008
5382, SILVR
5383, Inflow to Silver Lake
5384,C_SILVR
5389,S_SILVR
5396,I_SILVR
5385,E_SILVR
5388,SLF015
5391,C_SLF015
5398,USGS 11437000
Caples Lake Outlet nr Kirkwood
5400,USGS 11436000
Silver Lake Outlet nr Kirkwood
5399,C_SLF010
5403,SFA067
5404,I_SFA066
5405, South Fork American River nr Kyburz local inflow
5402,C_SFA085
5415,SFA066
5410,D_SFA066_EDC000
5418,C_EDC000
5416,C_SFA067
5421,C_SFA066
5422,USGS 11439500
South Fork American River near Kyburz
5429,USGS 11440000
Alder Creek near Whitehall
5430,D_EDC021_WTPRS1
5428, WTP
RS1
5423,D_WTPRS1_ELDID_NU3
5435,EDC007
5440,EDC004
5442,EDC021
5438,C_EDC007
5427,C_EDC004
5437,EDC000
5439,C_PLM001
5441,I_PLM001
5448,Plum Creek
5456,SFA059
5488,USGS 11440500
Plum Creek near Riverton
5475,D_EDC007_SFA059
5491,SFA063
5486,C_ALD001
5470,I_ALD002
5479,Alder Creek local inflow
5451,C_SFA065
5444,C_SFA063
5453,SFA048
5464,SLV005
5473,C_SLV005
5457,C_SFA059
5472,SFA035
5446,I_SFA030
5458, South Fork American River near Placerville Local Inflow
5495,C_SFA032
5455,D_SFA040_WRT000
5494, White Rock Tunnel
5500,WRT005
5499,C_WRT005
5496,USGS 11443460
White Rock Powerplant
5476,SFA039
5490,SFA032
5523, Chili Bar Reservoir
5474,C_SFA035
5503,RCK001
5507,C_RCK001
5502,I_RCK001
5484, Rock Creek
5505,USGS 11444201+11444280
Rock Creek near Placerville + Rock Creek Powerhouse
5530,USGS 11443500
South Fork American River near Camino
5504,C_SFA039
5506,Slab Creek Reservoir
5497,SFA046
5487,C_SFA045
5514,C_EDP003
5493,D_EDC021_EDP003
5535,USGS 11439300
El Dorado Powerhouse near Pollock Pines
5533,C_SFA046
5534,SFA045
5516,CMN006
5508,C_CMN006
5511,D_BSH003_CMN005
5519,CMN005
5498,D_SLV006_CMN005
5536,C_SFA048
5527,SLV016
5522,UNVLY
5537, Inflow to Union Valley Reservoir
5543,C_UNVLY
5521,S_UNVLY
5531,I_UNVLY
5548,E_UNVLY
5540,SLV017
5545,C_SLV017
5542, ICEHS
5550, Inflow to Ice House
5557,C_ICEHS
5529,S_ICEHS
5555,I_ICEHS
5559,E_ICEHS
5549,SSV013
5544,C_SSV013
5556,USGS 11441800
Silver Creek below Junction Dam near Pollock Pines
5554,USGS 11441500
Silver Creek near Ice House
5578,D_ICEHS_IHT002
5569,IHT002
5583,C_IHT002
5573,USGS 11440900
Jones Fork Powerplant near Kyburz
5575,RPT004
5574,C_RPT004
5565,USGS 11429300
Robbs Peak Powerhouse near Kyburz
5580,SLV014
5584,C_SLV016
5558,SLV015
5581,D_SLV015_JBT004
5591,JBT004
5585,SLV007
5586,C_JBT004
5612,C_SLV014
5590,C_SLV015
5587,SLV006
5622,Junction Reservoir
5601,Camino Reservoir
5603,C_SLV006
5595,C_CMN005
5610,USGS 11441895
Camino Powerhouse near Pollock Pines
5597,USGS 11441780
Jaybird Powerhouse near Pollock Pines
5607,USGS 11441002
Union Valley Powerplant near Kyburz
5596,C_SLV007
5599,ALD002
5619,C_ALD002
5605,D_ALD002_EDC004
5606,USGS 11441900
Silver Creek below Camino Diversion Dam
5623,C_SLV001
5628,USGS 114412000
Silver Creek near Placerville
5616,BSH003
5613, Brush Creek
5626,I_BSH003
5633,SFA044
5635,C_SFA044
5636,BSH002
5637,C_BSH003
5638,C_BSH002
5642,USGS 11442700
Brush Creek below Brush Creek Dam
5641,SFA040
5643,C_SFA040
5655,Brush Creek Reservoir
5646,LOONL
5649,S_LOONL
5644,C_LOONL
5656,GRL010
5651,C_GRL010
5653,GERLE
5657,S_GERLE
5658,C_LLT000
5660,LLT000
5659,D_LOONL_LLT000
5673,SFR005
5669,SFR006
5674,D_SFR006_RPT004
5665,I_SFR006
5667, South Fork Rubicon River
5671,I_LOONL
5675, Inflow to Loon Lake
5679,C_GERLE
5685,D_GERLE_SFR006
5754,C_SFR006
5693,C_SFR005
5721,SFR004
5745,C_SFR004
5736,RUB023
5726,C_RUB023
5683,RUB005
5700,C_RUB005
5724,RUB004
5701,MFA036
5703,MFA026
5729,C_MFA026
5772,MFA025
5712,C_MFA024
5707,MFA024
5718,C_MFA025
5725,C_STMPY
5681,STMPY
5688,S_STMPY
5687,I_STMPY
5702, Inflow to Stumpy Meadows Reservoir
5773,E_STMPY
5684, WTP
WAL
5694,D_WTPWAL_GDPUD_NU
5699,GDPUD_NU
5722,D_PLC007_GDD010
5704,PLC007
5752,C_PLC007
5770,C_PLC009
5709,C_PLC006
5774,C_BLT000
5728,BLT000
5720,D_LRB004_BLT000
5777,HHOLE
5769,S_HHOLE
5798,S_FRMDW
5747,FRMDW
5783,C_RUB041
5778,RUB041
5792,I_DCC010
5768, Duncan Creek
5766,DCC010
5750,C_DCC010
5786,DCC009
5765,DCC008
5793,C_DCC008
5782,C_DCC009
5764,D_DCC009_FRMDW
5741,I_FRMDW
5749, Inflow to French Meadows
5799,D_FRMDW_FMT002
5761,FMT002
5796,C_FMT002
5791,C_FRMDW
5781,MFA047
5788,MFA040
5759,C_MFA047
5797,RUB044
5784,C_RUB044
5808,C_RUB047
5807,RUB047
5833,I_RUB047
5828, Inflow to Rubicon Reservoir
5867,D_RUB047_RRT000
5812,RRT000
5817,LRB005
5819,C_RRT000
5818,I_LRB004
5814, Little Rubicon River
5841,LRB004
5823,LRB003
5820,C_LRB004
5854,C_LRB005
5856,RUB001
5805,C_HHOLE
5815,North Fork of Middle Fork
 American River
5864,I_NMA003
5811,C_NMA003
5852,C_MFA035
5853,C_MFA036
5824,MFA035
5857,D_MFA036_RLT007
5821,C_RUB001
5842,C_RUB002
5850,C_RUB004
5838,C_LNG012
5845,C_MFA040
5871,RLT007
5872,C_RLT007
5887,PLC009
5882,USGS 11432500
Pilot Creek near Georgetown
5890,USGS 11433040
Pilot Creek below Mutton Canyon
5886,PLC006
5888,Georgetown Divide Ditch
5898,USGS 11427765
Ralston Powerplant
5926,RUB002
5905,USGS 11433200
Rubicon River near Foresthill
5904,Interbay Dam
5862,Ralston Tunnel
5876,USGS 11427770
Middle Fork American below Interbay Dam near Foresthill
5881,MFA037
5875,MFA038
5880,USGS 11427760
Middle Fork American above Middle Fork Powerhouse near Foresthill
5900,C_MFA037
5870,MFT011
5866,C_MFT011
5885,USGS 11428600
Middle Fork Powerhouse near Foresthill
5925,C_MFA038
5901,MFT003
5947,MFT004
5891,C_MFT004
5931,C_MFT003
5928,D_HHOLE_MFT003
5893,C_NLC003
5936,NLC003
5892,C_SLC003
5918,SLC003
5894,D_NLC003_NCT001
5902,D_SLC003_SCT001
5927,C_NLC002
5957,C_SLC002
5932,NCT001
5909,C_NCT001
5889,C_SCT001
5920,SCT001
5950,NLC002
5930,SLC002
5915,LNG012
5944,USGS 11433100
Long Canyon Creek near French Meadows
5949,USGS 11433085
NF Long Canyon Creek below Diversion Tunnel
5917,USGS 11433065
SF Long Canyon Creek below Diversion Tunnel
5948,USGS 11433080
NF Long Canyon Creek Diversion Tunnel
5922,USGS 11433060
SF Long Canyon Creek Diversion Tunnel
5942,C_LRB003
5937,NMA003
5913,USGS 11433260
North Fork Middle Fork American River near Foresthill
5939,USGS 11427500
Middle Fork American River at French Meadows
6014,USGS 11427750
Duncan Canyon Creek below diversion Dam near French Meadows
5946,USGS 11427770
Duncan Canyon Creek near French Meadows
5987,USGS 11427960
Rubicon River below Rubicon Lake
5961,Rubicon Lake
6005,USGS 11427940
Rubicon-Rockbound Tunnel near Meeks Bay
5953,USGS 11428300
Buck-Loon Tunnel near Meeks Bay
5999,USGS 11430000
South Fork Rubicon River below Gerle Creek near Georgetown
5951,USGS 11429500
Gerle Creek below Loon Lake near Meeks Bay
5985,USGS 11429340
Loon Lake Powerhouse near Meeks Bay
5993,E_FRMDW
5965,E_HHOLE
5984,E_GERLE
5995,E_LOONL
5954,SLV001
6003,EDP003
5934,PLM001
5970,ALD001
5952,I_RUB002
6008,Local inflow to Rubicon River near Foresthill
5997,Local inflow to Middle Fork
 American River at Interbay Dam
5956,I_MFA036
5971,I_HHOLE
5964, Hell Hole Reservoir Local Inflow
5988,NFF027
5960,C_NFF027
5990,USGS 11404500 
North Fork Feather River
at Pulga
5975,NFF028
6016,C_NFF028
5966,NFF029
5977,C_NFF029
5994,I_NFF029
6017,Local Inflow
5972,USGS 11404400
North Fork Feather River
below  Poe Dam
5969,Poe Forebay
5981,D_NFF029_POE006
5980,Poe Tunnel
5968,C_NFF030
6009,NFF030
6018,D_NFF035_CST004
6007,Cresta Tunnel
6019,C_NFF034
6020,NFF034
6023,C_NFF035
6024,NFF035
6028,Cresta Forebay
6030,C_GZL007
6034,GZL008
6037,NFF039
6040,C_NFF038
6042,Grizzly Forebay
6032,C_GFT003
6039,C_GZL008
6038,USGS 11404300 
Grizzly Creek  below  Diversion  Dam
6035,GZL007
6033,Grizzly Forebay Tunnel
6053,USGS 11403700 
Bucks Creek Powerhouse  at Storrie
6036,BUK007
6066,USGS 11404240 
Grizzly Powerplant  near Storrie
6043,Grizzly Tunnel
6062,C_BUK007
6052,C_NFF039
6041,USGS 11403530 
Bucks Creek  below  Diversion  Dam
near Bucks Lodge
6044,C_LBUCK
6059,LBUCK
6050,Lower Bucks Lake
6046, BUCKS
6064,S_BUCKS
6055,I_BUCKS
6069,E_BUCKS
6068,C_BUCKS
6058,USGS 11404360 
Cresta Powerhouse  near Pulga
6070,GZL009
6072,I_GZL009
6075,Local Inflow
6080,NFF020
6079,C_POE006
6100,C_CST004
6095,D_GZL008_GFT003
6097,C_GZL009
6091,C_GRT003
6107,D_LBUCK_GRT003
6096,NFF038
6104,C_NFF045
6106,NFF045
6093,NFF046
6103,C_NFF046
6109,USGS 11403200 
North Fork Feather River
below  Rock Creek Diversion Dam
6110,Rock Creek Forebay
6120,I_NFF046
6114,Local Inflow
6118,C_NFF037
6116,NFF037
6123,Rock Creek Tunnel
6122,USGS 11403800
Rock Creek Powerhouse  at Storrie
6119,C_RCT007
6121,D_NFF046_RCT007
6127,NFF048
6129,C_NFF048
6134,NFF050
6135,C_NFF050
6136,EBF001
6128,C_EBF001
6140,I_EBF001
6142,Local Inflow
6143,EBF018
6144,C_EBF018
6148,C_ANTLP
6150,I_ANTLP
6151, ANTLP
6155,S_ANTLP
6157,E_ANTLP
6184,C_NFF057
6159,I_NFF058
6211,Local Inflow
6244,C_NFF058
6181,C_BTN007
6267,D_NFF058_BTN007
6323,Belden Tunnel
6197,USGS 11403050
Belden Powerhouse at Belden
6191,NFF057
6247,NFF058
6258,USGS 11401112
North Fork Feather  River
below  Belden Dam
6288,C_NFF059
6268,NFF059
6307,C_BTVLY
6275,I_BTVLY
6329,BTVLY
6300,S_BTVLY
6279,E_BTVLY
6352,C_NFF060
6411,NFF060
6309,C_BTT007
6232,BTT007
6293,I_ALMNR
6269,ALMNR
6278,S_ALMNR
6301,E_ALMNR
6341,C_ALMNR
6201,NFF069
6282,C_NFF069
6167,USGS 11399500
North Fork Feather River near Pratville
6295,D_ALMNR_BVT003
6237,C_BVT003
6376,USGS 11400600
Butt Valley Powerhouse  near Pratville
6285,S_MTMDW
6238,C_MTMDW
6241,MTMDW
6222,E_MTMDW
6289,I_MTMDW
6365,D_BTVLY_CRB002
6332,USGS 11401110
Caribou  Powerhouse  1 and 2 
at Caribou
6344,C_CRB002
6233,Belden Reservoir
6224,Local Inflow
6359,MFF087
6219, Local Inflow
6248,I_MFF087
6242, LCCWD
Little Last Chance Irrigation District
DWR
Non-District
6240,R_LCCWD_MFF095
6207,C_MFF095
6336,MFF095
6372,C_BGC002
6221,BGC002
6327,DAVIS
6246,I_DAVIS
6346,S_DAVIS
6321,C_DAVIS
6200,E_DAVIS
6178,D_BGC002_PLMAS
6236, PLMAS
Plumas County Flood Control & Water Conservation District
DWR
Non-District
6369,R_PLMAS_MFF088
6192,NLL016
6385,C_NLL016
6371,D_NLL016_LCCWD
6272,C_FRMAN
6427,I_FRMAN
6235, FRMAN
6168,S_FRMAN
6256,E_FRMAN
6313,Little Last Chance Creek
6310,MIO010
6230,D_MIO010_WBF006
6286,C_MIO010
6225,Lima Saddle PH
6319,WPT005
6176,C_WPT005
6409,WPT006
6283,C_WPT006
6389,D_WPT005_OWC000
6338,OWC000
6239,USGS 11396090
Woodleaf Powerhouse near Woodleaf

6252,SFF019
6257,C_SFF019
6276,USGS 11396200 
South Fork Feather 
River below Forbestown Dam

6287,USGS 11396290
Forbestown Powerhouse near Forbestown
6296,D_SFF019_FPT000
6297,C_FPT000
6315,FPT000
6331,D_MNRRH_KRT000
6348,C_KRT000
6353,KRT000
6379,USGS 11396329
Kelly Ridge Powerhouse near Oroville
6383,C_LLC007
6158,MFF088
6413,C_MFF088
6170,C_MFF087
6185,MFF019
6179,I_MFF019
6182, Local Inflow
6203,USGS 11392100
Middle Fork Feather River near Portola, CA
6202,LLC007
6205,USGS 11391400
Little Last Chance Creek Below
Frenchman Dam near Chilcoot, CA
6212,BSC005
6216,C_BSC005
6228,C_TFR000
6249,LCBRF
6259,S_LCBRF
6262,TFR000
6251,D_TFR000_BSC005
6294,Fuller Lake


6306,C_LCBRF
6263,Texas, Clear, Fall, Trap, and Rucker Creek Diversion Dams


6273,Lindsey, Culbertson, Blue, Rucker, and Feeley Lakes


6280,Powerhouse Bypass


6305,D_SPLDG_DRM000_NID
6316,D_SPLDG_DRM000_PGE
6274,D_BSC010_SFY043_NID
6298,D_BSC010_SFY043_PGE
6318,C_EDC014
6322,EDC014
6335,JNKSN
6337,CMP005
6351,C_JNKSN
6356,S_JNKSN
6360,D_CMP014_JNKSN
6363,CMP014
6367, Camp Creek Diversion Dam
6362, Camp Creek Tunnel
6370,I_JNKSN
6373, Sly Park and Hazel Creeks
6358, Camp Creek
6357,I_CMP014
6368,C_CMP014
6366,C_CMP005
6377,E_JNKSN
6382,D_JNKSN_WTPRSA
6384,Local Accretion
6388,I_CMP001
6392,CMP001
6417,D_EDC014_JNKSN
6421,R_GDPUD_NU_NFA011
6416,I_PLC007
6420,Local Inflow to Pilot Creek
6428,I_SLV015
6429,Local Inflow to Silver Creek
6433,I_SLV006
6434, Local Inflow to Silver Creek
6437, ECHOL
6438,S_ECHOL
6439,E_ECHOL
6441,ELC001
6442,C_ELC001
6445,(Proposed gage - EID)
Silver Fork American River below Oyster Creek
6447,SLF014
6446,Silver Lake leakage
6448,L_SILVR
6451,C_SLF014
6452, WTP
RSA
6453,D_WTPRSA_ELDID_NU3
6456,SFA011
6457,Weber Creek
6458,I_WBR001
6459,C_WBR001
6463,C_SFA011
6466,USGS 11446000
Weber Creek near Salmon Falls
6467,WBR001
6468,Lake Aloha Inflow
6469,I_ALOHA
6471,E_ALOHA
6473,ALOHA
6470,S_ALOHA
6472,C_ALOHA
6474,PYR001
6475,C_PYR001
6482,SFA079
6493,I_PYR001
6495, Inflow to Pyramid Creek
6480,USGS 11435100
Pyramid CReek at Twin Bridges
6483,C_SFA079
6488,USGS 11439000
El Dorado Canal near Kyburz
6490,USGS 11428400
Little Rubicon River below Buck Island Dam
6492,SFA017
6494,USGS 114455000
Silver Fork American River near Lotus
6496,C_SFA017
6499,I_GERLE
6501, Local Inflow to Gerle Reservoir
6508,Long Canyon Creek Local Inflow
6509,I_LNG012
6512,NF Long Canyon Creek
6513,I_NLC003
6516,SF Long Canyon Creek
6517,I_SLC003
6520,I_NNA013
6521, North Branch NF American River Local Inflow
6524,(Proposed gage - MFP)
Middle Fork American below Ralston Afterbay
6525,Ralston Afterbay
6526,C_OXB000
6527,OXB000
6528,USGS 11433212
Oxbow PH near Foresthill
6529,D_MFA026_OXB000
6534,GDPUD_NA
6535,R_GDPUD_NA_NFA011
6538,GDD010
6539,D_GDD010_GDPUD_NA
6542,WRT000
6543,C_WRT000
6546,D_WRT000_ELDID_NU2
6549,SYC003
6550,C_SYC003
6553,D_SYC003_SYCLOS
6555,C_SFY048
6556,SFY048
6557,USGS 11414100
South Yuba River near Cisco (YB316)


6560,I_SFY048
6561,South Fork Yuba River
6564,C_FRNCH
6565,FRNCH
6566,S_FRNCH
6567,I_FRNCH
6568,Inflow to French Lake
6573,CSM011
6574,SG192_CSM011_29
6576,CSM005
6577,SG_CSM005_466
6579,C_CSM011
6580,C_CSM005
6588,USGS 11336000 
Cosumnes River at McConnell
Discontinued
6589,SLF009
6590,C_SLF009
6593,I_SLF009
6594,Local inflow to Silver Fork American River
6597,Proposed point of diversion for Alder Creek Reservoir
6598,C_DEE020
6599,DEE020
6600,C_DEE023
6601,DEE023
6602,I_DEE023
6603,Deer Creek
6610,C_CSM016
6611,CSM016
6612,SG191_CSM016_29
6613,C_CSM021
6614,CSM021
6615,SG190_CSM021_29
6616,C_CSM026
6617,CSM026
6618,C_CSM033
6619,SG189_CSM026_29
6620,SG188_CSM033_29
6621,CSM033
6622,D_CSM033_RNCHO
6623, 60N_NU2
Rancho Murieta

6624,C_CSM035
6625,CSM035
6626,DWR B11150
Cosumnes River at Michigan Bar
6627,I_CSM035
6628, Cosumnes River
6647,C_LBC030
6648,LBC031
6649,C_LBC031
6653, Lake Theodore
6654, Halsey Forebay
6655, Halsey Afterbay
6656,WSE000
6657,C_WSE000
6660,YB-87 + YB-87A
6661,YB-56
6662,YB-69
6663,PCWA Boardman Fiddler Green Diversion
6664,C_WSE006
6667,WSE006
6668,Wise Forebay
6669,D_WSE006_24_NA3
6673,PCWA Middle Fiddler Green System
6674,YB-73
6675,YB-259+YB-132
6676,STH002
6677,C_STH002
6680,D_STH002_ABN026
6681,YB-136
6685,D_STH005_24_NA3
6687,YB-91
6688,C_STH003
6689,STH003
6692,D_LBC043_MRM001
6695,LBC047
6696,D_STH003_LBC047
6699,C_LBC047
6702,YB-78
6708,YB-58
6709,Newcastle PH Header Box
6710,YB-255
6711,YB-86+YB-108+YB-64
6712,YB-57
6713, Bowman Canal
6714,part of YB-76
6715, Lower Greeley Canal
6716,YB-278+part of YB-76
6717,Lower Boardman Canal used as surrogate for PCWA canal distribution system
6718, For PCWA Zone 5
6719,Drum Forebay
6720,D_CYN009_LBC001
6723,YB-96 (does not include deliveries
to Alta WTP from Alta Forebay)
6724,YB-192
6725,YB-66
6726,YB-184
6727,YB-95
6728,C_MOK022
6729,C504
6730,MOK022
6731,SG_MOK019_478
6734,R_60N_NA5_MOK028
6735, 60N_NA5
Non-District
6736,D_MOK033_60N_NA5
6740,CSM001
6741,C_DSC008
6744,C_CSM001
6748,DSC008
6749,C_DSC012
6750,DSC012
6751,C_DSC016
6752,DSC016
6753,SG185_DSC016_28
6754,C_DSC023
6755,DSC023
6756,USGS 11328000
Dry Creek near Ione
6764,C_DSC026
6765,DSC026
6766,R_60N_NA1_DSC026
6767,60N_NA1
Jackson Valley ID 
6768,C_AMADR
6769,D_AMADR_60N_NA1
6778,C_DSC028
6779,DSC028
6780,C_DSC035
6781,DSC035
6782,I_DSC035
6783, Dry Creek
6790, AMADR
6791,E_AMADR
6792,I_AMADR
6793, Jackson Creek
6794,D_PARDE_AMADR
6795, PARDE
6796,I90
6797,I_PARDE
6798,Local Inflow to Pardee Reservoir
6799,S90
6800,E_PARDE
6809,S_PARDE
6810,D_PARDE_MAQ001
6811,D90 PMI
6812,MAQ001
6813,C_MAQ001
6814,MAQ012
6820,C_MAQ012
6822,C_PARDE
6823,C90
6824,SG_CMCHE_516
6825,S_CMCHE
6826, CMCHE
6827,S91
6828,E_CMCHE
6829,I_CMCHE
6830, Local Inflow
6831,I91
6832,C_CMCHE
6833,C91
6834,MOK057
6835,USGS 11323500
Mokelumne River below Camanche Dam
6836,C_MOK057
6837,MOK055
6838,SG_MOK055_515
6848,C_MOK055
6849,MOK050
6850,C_MOK050
6851,MOK044
6852,C_MOK044
6853,MOK039
6854,C_MOK039
6855,MOK035
6856,C_MOK035
6857,MOK034
6858,USGS 11325500
Mokelumne River at Woodbridge
6859,C_MOK034
6860,MOK033
6861,C_MOK033
6862,MOK028
6863,SG_MOK028_497
6864,C_MOK028
6865,C503
6866,SG_MOK022_479
6867,SR_60N_MOK019
6885,C_MOK079
6886,MOK079
6887,I_MOK079
6888,Local Inflow to Mokelumne River
6889,C_MOK082
6890,MOK082
6891,Electra Powerhouse
6892, TBAUD
6893,C_MOK088
6894,D_TBAUD_AMADR_NU
6895,AMADR_NU
6896,Central Amador Water Project
6897,C_NFM010
6898,NFM006
6899,Electra Diversion Dam
6900,USGS 11316700
NF Mokelumne River bw Electra Diversion
6901,C_NFM006
6916,MOK088
6919,I_MFA025
6920,Local inflow Middle Fork
 American River
6923,RUB031
6924,C_RUB031
6927,USGS 11428800
Rubicon River below Hell Hole Dam
6928,C_CSM051
6929,CSM051
6932,C_CMP001
6935,OYS001
6936,C_OYS001
6939,C_SFA076
6940,SFA076
6943,C_ALD004
6944,ALD004
6947,I_ALD004
6948,Alder Creek
6951,Proposed site of Alder Creek Reservoir
6952,Rockbound Lake
6953,Buck Island Lake
6954, ELDID_NU2
6955,D_WTPRSA_ELDID_NU2
6958,SG_MOK050_514
6960,SG_MOK044_513

6962,SG_MOK035_512
6966,D_NFM006_ELT000
6970,I_CYN009
6971, Canyon Creek
6974,D_TFR000_BSC005_NID
6975,D_TFR000_BSC005_PGE
6978,D_MOK050_60N_NA5
6982,D_MOK039_60N_NA5
6985,Interstate 99 Roadbridge
Flow Requirement
6986,SR_60N_MOK035
6988,GP_60N_NA5
6989, Woodbridge Diversion Dam
6990,GP_60N_NA4
6994,D_MOK035_60N_NU1
6996,D_MOK035_WTPDWS
6997, WTP
DWS
6998,C_NCM020
6999,NFC020
7002,RNCHO
7003,S_RNCHO
7004,D_RNCHO_60N_NU2
7007,R_60N_NA2_CSM005
7010,R_26S_NA_MOK019
7013,D_BRR066_DFF005
7016,USGS 11421750 + USGS 11421760
Dutch Flat No 1 PH near Dutch Flat
Dutch Flat No 2  Flume near Blue Canyon
7017,D_BRR061_CPF001
7020,I_SFA076
7021, South Fork American River nr Forni Creek local inflow
7024,Proposed Forni Diversion Dam
7029, NIDDC_NA3
7030, NIDBR_NA
7031,D_DES006_WLF017
7034,PINES

7035,D_CBC000_PINES
7038,SG199_MOK004_30
7040,SG186_DSC008_280
7041,SG193_CSM005_29
7042,SG194_CSM005_29
7046, Local Inflow to North Fork
 American River
7047,I_NFA016
7050,DHC021
7051,C_DHC021
7054, Butte Creek
7055,I_BTC048
7058, ELDID_NU1
7059,D_WTPRSA_ELDID_NU1
7062,D_WTPRS1_ELDID_NU2
7065,D_WTPRS1_ELDID_NU1
7068,EDCOCA_NU1
7069,EDCOCA_NU3
7070,D_WRT000_EDCOCA_NU1
7073,D_WRT000_EDCOCA_NU3
7076,EDCOCA_NA1
7077,D_WRT000_EDCOCA_NA1
7080,EDCOCA_NA3
7081,D_WRT000_EDCOCA_NA3
7084,EDCOCA_NU2
7085,D_FOLSM_EDCOCA_NU2
7088,D_FOLSM_EDCOCA_NA2
7089,EDCOCA_NA2
7092,D_FOLSM_EDCOCA_NU1
7095,D_FOLSM_EDCOCA_NA1
7098,STS091
7099,C_STS091
7100,STS090
7101,C_STS090
7102,STS085
7103,C_STS085
7104,STS072
7111,UTC001
7112,C_UTC001
7113,UTC014
7114,D_UTC000_CACWD
7118,Mills Creek
7119,I_MIL003
7120,MIL003
7121,C_MIL003
7122,MIL002
7123,C_MIL002
7124,NFS003
7125,C_NFS003
7126,STS093
7135,NFS009
7136,C_NFS009
7137,NFS008
7138,C_NFS008
7139,NFS007
7140,C_NFS007
7141,NFS006
7142,C_NFS006
7143,NFS005
7144,C_NFS005
7153,BVC007
7154,C_BVC007
7156,D_BVC007_BVT000
7157,BVT000
7158,C_BVT000
7161,NFS027
7162,C_NFS027
7164,NFS033
7165,D_NFS033_SDT000
7166,SDT000
7167,C_SDT000
7168,SPICE
7169,S_SPICE
7170,E_SPICE
7171,C_SPICE
7172,HGL006
7173,C_HGL006
7182,C_NFS033
7183,NFS032
7184,C_NFS032
7187,Inflows  to NF Stanislaus River
7188,I_NFS033
7189,Highland Creek
7190,USGS 11293580
NF Stanislaus Diversion Tunnel

7191,I_SPICE
7192,MFS015
7193,C_MFS015
7194,MSF014
7195,C_MFS014
7196,MFS013
7197,C_MFS013
7198,MFS012
7199,C_MFS012
7207,MFS022
7208,C_MFS022
7209, BEARD
7210,C_BEARD
7211,MFS017
7212,C_MFS017
7213,MSF016
7214,C_MFS016
7222,MFS037
7223,C_MFS037
7224,DONLL
7225,C_DONLL
7229,Relief Creek
7230,I_RLIEF
7231,RLIEF
7232,S_RLIEF
7233,E_RLIEF
7234,C_RLIEF
7235,MFS047
7236,I_MFS047
7237,Kennedy Creek Inflow to MF Stanislaus River
7238,USGS 11292000
MF Stanislaus River at Kennedy Meadows 
7239,C_MFS047
7240,C_CFS001
7241,CFS001
7242,I_CFS001
7243,Clark Fork Stanislaus River
7255,S_DONLL
7256,D_DONLL_DPH008
7257,DPH008
7258,C_DPH008
7259,S_BEARD
7264, Inflow  to Donnells Lake
7265,Local Inflow to MF Stanislaus River
7266, Inflow to Beardsley Lake
7267,I_DONLL
7268,I_MFS022
7269,I_BEARD
7270,E_DONLL
7271,E_BEARD
7272,SFS018
7273,C_SFS018
7275,SFS026
7276,C_SFS026
7277,LYONS
7278,C_LYONS
7282,S_LYONS
7283,D_LYONS_TCN000
7284, Tuolumne Canal
7285, Tuolumne Utilities District Ditch System
7286,D_TCN000_TUDDS
7287,TUDDS
7288,USGS 11297500
Tuolumne Canal near Long Barn

7289,USGS 11297200
SF Stanislaus River near Strawberry
7290,USGS 11298000
SF Stanislaus River Near Long Barn
7291,TCN000
7292, Inflow  to Lyons Reservoir
7293,I_LYONS
7294,E_LYONS
7295,Stanislaus Tunnel
7296,D_MFS013_SPH000
7297,SPH000
7299,C_SPH000
7300,USGS 11295505
Stanislaus Powerplant near Hatherway
7301,SFS033
7302,C_SFS033
7303,SFS030
7304,C_SFS030
7308,D_SFS030_PHP000
7309,PHP000
7310,C_PHP000
7313, Inflow to PinecCrest Lake
7314,I_PCRST
7315,PCRST
7316,S_PCRST
7317,E_PCRST
7318,C_PCRST
7319,USGS 11296500
SF Stanislaus River Above Strawberry
7324, Local Inflows to SF Stanislaus
7325,I_SFS033
7326,S10
7327,I10
7328,E10
7329,C10
7330,C_STS072
7331,C_MELON
7332,Local Inflow to New Melones Reservoir
7333,I_STS072
7334,STS069
7335,E76
7336,I76
7337,C76
7338,S76
7339,STS060
7340,STS059
7341,D_STS059_UFC000
7342,UFC000
7343,C_UFC000
7344,LJC022
7349,C_STS059
7350,C520
7351,STS058
7352,SG146_STS058_23
7353,C_STS058
7354,STS053
7355,SG147_STS053_23
7356,C_STS053
7357,STS050
7358,SG148_STS050_23
7359,C_STS050
7360,STS048
7361,C_STS048
7362,SG149_STS043_23
7363,STS043
7364,C_STS043
7365,SG150_STS036_23
7366,STS036
7382,SSJ001
7383,C_SSJ001
7384,SSJ004
7385,C_SSJ004
7386,D_WDWRD_61_PA3
7387, 61_PA3
South San Joaquin ID
7388,R_61_PA3_RFS61C
7389,RFS61C
7396,C_STS036
7397,STS030
7399,C_ANG017
7400,C_ANG015
7401,ANG015
7402,ANG014
7403,C_ANG014
7409,Angels Creek
7410,I_ANG017
7411,CACWD
7412,Angels Diversion  Dam
7413,D_MIL003_UTC001
7414,Hunters Reservoir
7415,C_UTC014
7416,Murphys Forebay and Afterbay
7417,D_ANC000_ANGLS
7418,ANGLS
7419,D_NFS008_CVT000
7420,CVT000
7421,C_CVT000
7422,CVT005
7426,UTC000
7427,D_CVT005_UTC000
7428,C_CVT005
7429,CVT009
7430,C_CVT009
7433,Local Inflows to NF Stanislaus River
7434,I_NFS009
7436,Local Inflow to MF Stanislaus River
7437,I_MFS013
7438,D_MFS017_JWS004
7439,JWS004
7440,C_JWS004
7443,E92
7444,C_NHGAN
7445,CLV044
7446,C_CLV044
7447,CLV043
7448,C_CLV043
7449,CLV037
7454,C_CLV037
7455,CLV035
7456,SG161_CLV035_25
7457,USGS 11309500
Calaveras River at Jenny Lind
7458,C_CLV035
7459,CLV028
7460,SG162_CLV028_25
7461,C_CLV028
7462,CLV026
7470,Bellota Weir
7471,C_CLV026
7472,CLV023
7473,SG163_CLV023_25
7474,C_CLV023
7475,SG164_CLV016_25
7476,CLV016
7477,C_CLV016
7478,CLV010
7479,SG165_CLV010_25
7480,C_CLV010
7481,CLV009
7482,USGS 11310900
Calaveras River near Stockton
7492,C_CLV009
7493,CLV006
7494,C_CLV006
7495,CLV004
7496,C_CLV004
7501,C508
7502, 60S_NU2
Small Communities
7503,C_LJC022
7504,LJC010
7505,C_LJC010
7506,FCS007
7510,D_LJC010_60S_PA2
7511, 60S_PA2
Central San Joaquin WCD
7512,R_60S_PA2_FCS007
7515,SR_61_FCS007
7516,SR_60S_FCS007
7517,C_FCS007
7518,FCS006
7519,C_FCS006
7520,SR_60S_SJR043
7521,DWR B0-2805
 French Camp Slough near French Camp
7522, 
60S_NA2
Non-District West

7523, OID Main Canal
7524,D521
7525,S75
7526,S_WDWRD
7527,R_RFS61C_SJR056
7528,OAK001
7529,C_OAK001
7530,OAK020
7531,D_OAK020_61_PA2
7532, 61_PA2
Oakdale ID South
7533,GP_61_PA2
7534,R_61_PA2_RFS61B
7535,RFS61B
7536,R_RFS61B_STS036
7543,D_SSJ004_61_PA1
7544, 61_PA1
Oakdale ID North
7545,R_61_PA1_RFS61C
7546,C_STS030
7547,STS020
7548,SG152_STS020_23
7549,C_STS020
7550,USGS 11303000
Stanislaus River at Ripon
7551,STS017
7552,SR_61_STS017
7558,SJR072
7559,STS011
7560,C_STS011
7562,C_STS017
7568,USGS 11292700
MF Stanislaus River Above Hells Half Acre Bridge
7569,USGS 11292610
Donnell Powerhouse near Strawberry
7580, Philadelphia Canal Diversion Dan
7582,USGS 11297000
Philadephia Canal near Strawberry
7591,USGS 11293200
MF Stanislaus River BelowSand Bar Diversion Dam
7593,Local Inflow to NF Stanislaus River
7594,I_NFS005
7599,McKays Point Reservoir
7600,USGS 11295300
NF Stanislaus River Below Beaver Creek near Hathaway Pines

7601,USGS 112953400
Mill Creek Below Hunters Reservoir

7602,USGS 11295210
Beaver Creek Diversion
7603,USGS 11295270
NF Stanislaus River near MacKays Point Dam

7614,Beaver  Creek
7615,I_BVC007
7618,USGS 11295230
Beaver Creek Below Diversion Dam near Arnold
7619,USGS 11294500
NF Stanislaus River near Avery
7622,Sand Bar Diversion Dam
7623,USGS 11293000
MF Stanislaus River above San Bar Diversion Dam
7626,Collierville Tunnel
7627,USGS 11295240
Utica Canal at Pressure Tap

7629,USGS 11295250
Collierville PP

7644,E_MELON
7649,E_TULOC
7652,USGS 11300000
Stanislaus River near Knights Ferry
7653,Stanislaus River local inflows below Tulloch Reservoir
7654,I_STS059
7657,I520
7659,D_STS059_OAK001
7662,USGS 11301000
Oakland Canal near Knights Ferry
7664,DWR B03175(CDEC OBB)
Stanislaus River at Orange Blossom Bridge
7667,D_RFS61B_61_NA2
7670,SG151_STS030_23
7672,R_RFS61C_STS030
7675,D_STS030_61_NA4
7676,61_NA4
Stanislaus Riparian
7679,GP_61_NA4
7680,R_61_NA4_SJR072
7683,SR_61_SJR070
7687,SG153_STS011_23
7690,D520B
7691,D_STS059_SSJ001
7692, SSJID Main Canal
7694,SG_WDWRD
7695, Wdwrd
7696,D_WDWRD_WTPDGT
7697, WTP
DGT
7702,D_WTPDGT_61_NU2
7703, 61_NU2
Cities of Lathrop,
Manteca and Escalon
7705,R_61_NU2_MAWWTP
7706, MAWWTP
7707,R_MAWWTP_SJR056
7712,GP_61_NU2
7715,GP_61_PA1
7718,D520A1
7719,D520A
7720,SG_UFC000_599
7722, Littlejohns Creek
7723,I_LJC022
7726, Farmington Reservoir
7737,R_60S_NU1_STWWTP
7738, STWWTP
7739,R_STWWTP_SJR042
7744,SG166_CLV004_25
7748,D_CLV037_CACWD
7749, CACWD
7752,JLIND
7753,D_WTPJYL_JLIND
7754, WTP
JYL
7755,D_CLV043_WTPJYL
7762, 60S_NU1
City of Stockton
7764,D_WTPWDH_60S_NU1
7765,C_SDC001
7767,R_60S_PA1_SDC001
7768,SDC001
7771, 60S_PA1
Stockton East WD
7772,D_CLV026_60S_PA1
1282, 60N_NA3
North San Joaquin WCD

7775,D_STS004_61_NA6
7776, 61_NA6
Non-District
7777,GP_61_NA6
7782,E_WDWRD
7785,D_WTPDWS_60S_NU1
7789,E_NHGAN
7791,USGS 11308900
Calaveras River below
New Hogan Dam
7792,Local Inflow
7793,I_CLV026
7794,I506
7797,D_CLV026_WTPWDH
7798, WTP
WDH
7804,GP_60S_PA1
7805,USGS 11311000
Stockton Diverting Canal
Discontinued
7806,SR_60S_SJR038
7808,GP_60S_NU1
7813,D_LJC022_60S_PA1
7814, 60S_NA1
Non-District
East
7815,GP_60S_NA1
7816, Lower Farmington Canal
7819,D_LJC022_WTPWDH
7820,USGS 11300500
South San Joaquin Canal near Knights Ferry
7821,SG156_SJR062_24
7826,USGS 11302000
Stanislaus River below Goodwin
7827,D520C
7828,C_STS060
7831,C_STS069
7834,TUO003
7835,C_TUO003
7838,TUO030
7839,C_TUO030
7840,TUO022
7841,C_TUO022
7842,TUO017
7843,C_TUO017
7844,TUO015
7845,C_TUO015
7846,TUO010
7847,C_TUO010
7848,TUO004
7849,C_TUO004
7850,SG139_TUO030_21
7851,SG140_TUO022_21
7852,SG141_TUO015_21
7853,SG142_TUO010_21
7870,TUO054
7871,C_TUO054
7872,TUO053
7873,SG135_TUO053_21
7874,C_TUO053
7875,SG136_TUO047_21
7876,TUO047
7877,C_TUO047
7878,TUO043
7879,SG137_TUO043_21
7880,C_TUO043
7881,TUO036
7882,SG138_TUO036_21
7883,C_TUO036
7898, Pedro
7899,S81
7900,S_PEDRO
7901,E_PEDRO
7902,E81
7903,C_PEDRO
7904,C81
7908,USGS 11289650
Tuolumne River below LaGrange Dam
7909,TUO073
7910,C_TUO073
7913,Local Inflow
7914,I_PEDRO
7917,Moccasin Creek
7918,I_MOC003
7919,MOC003
7920,C_MOC003
7925,North Fork Tuolumne River
7926,I_NFT008
7927,NFT008
7928,C_NFT008
7929,TUO081
7930,C_TUO081
7937,Clavey River
7938,I_CVY009
7939,CVY009
7940,C_CVY009
7941,TUO091
7942,C_TUO091
7949,USGS 11285000 NF Tuolumne River Above Dyer Creek
7950,USGS 11283500
Clavey River nr Bucks Meadow
7951,TUO097
7952,C_TUO097
7953,TUO096
7954,C_TUO096
7959,USGS 11283000
Tuolumne River nrBucks Meadow
7960,South Fork Tuolumne River
7961,I_SFT003
7962,SFT003
7963,C_SFT003
7964,SFT002
7965,C_SFT002
7972,Middle Fork Tuolumne
7973,I_MFT000
7974,MFT000
7975,C_MFT000
7980,Jawbone Creek
7981,I_JWB001
7982,JWB001
7983,C_JWB001
7984,TUO102
7985,C_TUO102
7992,USGS 1178500
Jawbone Creek nr Tuolumne
7993,USGS 11281000
SF Tuolumne River nr Oakland Recreation Camp
7994,USGS 11282000
MF Tuolumne River at Oakland Recreation Camp
7995,TUO103
7996,C_TUO103
7999,CHY001
8000,C_CHY001
8001,CHY000
8002,C_CHY000
8007,C_CHY006
8008,CHY006
8009,C_CHY007
8010,CHY007
8015, Inflow to Cherry Lake
8016,I_LLOYD
8017,LLOYD
8018,S_LLOYD
8019,C_LLOYD
8020,CHY011
8021,C_CHY011
8028, Inflow to Lake Eleanor
8029,I_ELENR
8030,ELENR
8031,S_ELENR
8032,C_ELENR
8033,ELN003
8034,C_ELN003
8041,E_ELANR
8043,D_ELENR_ECT001
8044,ECT001
8045,C_ECT001
8050,USGS 11277100 Lake Eleanor Diversion Tunnel
8051,USGS 11277300 Cherry Creek below Valley Dam
8052,USGS 11278000
Eleanor Creek near Hetch Hetchy
8053,E_LLOYD
8055,Cherry Creek Local Inflow
8056,I_CHY006
8059,D_CHY006_LCA001
8060,LCA001
8061,C_LCA001
8062,TUO105
8067,USGS 11278200
Cherry Creek Canal near Early Intake
8068,Lower Cherry Aqueduct
8069,D_CHRRY_CHY000
8072,USGS 11278300 Cherry Creek near Early Intake
8073,USGS 11278400
Cherry Creek Below Holm PH
8074,C_TUO105
8075,TUO104
8076,C_TUO104
8081,Early Intake Diversion Dam
8082,USGS 11276900
Tuolumne River Below Early Intake
8083,D_TUO105_MNT000
8084,MNT000
8085,MNT020
8086,C_MNT000
8092,C_MNT020
8094,Priest Reservoir
8095,Moccasin Reservoir and Powerhouse
8096,I81
8097, SFPUC
8098,D_FHT015_SFPUC
8099,FHT015
8100,D_MOC003_FHT015
8105,San Joaquin Pipelines 1, 2, and 3
8106,Oakdale Portal
8107, 61_NA1
Non-District East
8108, Inflow to Hetch Hetchy Reservoir
8109,I_HTCHY
8110,HTCHY
8111,C_HTCHY
8112,TUO116
8113,C_TUO116
8114,TUO106
8115,C_TUO106
8124,S_HTCHY
8125,E_HTCHY
8127,D_HTCHY_CPT012
8128,CPT012
8129,D_CPT012_MNT000
8134,D_CPT012_TUO105
8137, Local Inflow
8138,I_TUO105
8153,C566
8156,D620C
8159, 63_NA4
Plainsburg ID, La Grande-Athlone,
Turner Island WD,
Stevinson WD, Non-District,
Merced Riparian
8165,62_NA6
Merced ID
North
8168, 62_NA2
Merced Riparian
8171,GP_62_NA6
8175,C564
8176,C562
8177,MCD036
8187,DCM019
8190, Dry Creek
8191,I_DCM027
8192,DCM027
8198,D562
8199, 63_NA2
Merced Riparian
8200,R564A
8205,C561
8214,Merced River
8215,I_MCLRE
8216, MCLRE
8217,I20
8218,E_MCLRE
8219,E20
8220,S_MCLRE
8221,S20
8222,C20
8223,I561
8246,D566
8251,D_SJR081_61_NA5
8252,61_NA5 
San Joaquin River 
Riparian
8253,R_61_NA5_RFS61A
8254,RFS61A
8255,R_RFS61A_SJR072
8262,D_TUO015_62_NA4
8263, 62_NA4
Tuolumne River
Riparian
8264,GP_62_NA4
8265,R_62_NA4_TUO003
8270,D_TUO015_61_NA3
8271, 61_NA3
Tuolumne River
Riparian
8272,R_61_NA3_TUO003
8277,GP_61_NA3
8278,DWR B04105
Tuolumne River at Tuolumne City
8279,USGS 11290000
Tuolumne River at Modesto
8238,D561
8239, 63_NA3
Merced ID South
8240,R564B
8280,SR_62_TUO017
8281,SR_61_TUO017
8284,Dry Creek
8285,I_DCT050
8286,DCT050
8287,C_DCT050
8292,R_62_NA3_TUO022
8295,SR_62_SJR081
8297, Local Inflow
8298,I_TUO054
8299, LaGrange Dam
8302,D_TUO054_TUR001
8303,TUR001
8304,USGS 11289500
Turlock Canal near LaGrange
8305,C_TUR001
8306, Trlck
8307,S_TRLCK
8308,S79
8309,D79_SEEP
8310,SG_TRLCK_666
8311,E_TRLCK
8312,E79
8319,D_TRLCK_62_NA3
8320,D79
8321,62_NA3
Turlock ID
8322,GP_62_NA3
8323, 62_NA1
Non-District East
8324,GP_62_NA1
8327,D_TUO054_MDS003
8328,D540A
8329,MDS003
8330,USGS 11289000
Modesto Canal near LaGrange
8331,C_MDS003
8332,S_MDSTO
8333, Mdsto
8334,E_MDSTO
8335,E78
8341,S78
8342,SG_MDSTO_644
8344,D_MDSTO_61_NA2
8345,D78
8346,D_MDSTO_WTPMOD
8347,D78A
8348,61_NA2
Modesto ID
8349,R_61_NA2_RFS61D
8350,RFS61D
8351, WTP
MOD
8352,D_WTPMOD_61_NU1
8353,R_61_NA2_TUO017
8354, 61_NU1
City of Modesto
8355,R_61_NU1_MOWWTP
8356, MOWWTP
8357,GP_61_NU1
8358,R_MOWWTP_TUO010
8373,GP_61_NA2
8375,D_OAK020_61_NA2
8378,R_RFS61B_TUO017
8381,Foothill Tunnel
8382,D_RFS61D_61_NA5
8385, 61_NU3
Cities of Oakdale, Ripon and Riverbank
small communities
8394,D620A
8395,62_NA5
San Joaquin River
Riparian
8396,GP_62_NA5
8397,R_62_NA5_SJR082
8401,C_SJR111
8402,SJR106
8403,SG127_SJR106_18
8410,C_SJR106
8411,SJR105
8412,USGS 1274550
San Joaquin River near Crows Landing
8413,C_SJR105
8414,SJR101
8419, 62_NU
Cities of Turlock, Ceres,
Dehli, Hilmar, Hughson,
Keyes and Denair
small communities
8420,R_62_NU_TKWWTP
8421, TKWWTP
8422,R_TKWWTP_SJR101
8427,C_SJR101
8428,SJR096
8429,SG132_SJR096_20
8430, DWR (CDEC SJP)
San Joaquin River near Patterson Landing
8431,C_SJR096
8437, Harding Drain/TID Lateral #5
8438,SJR091
8439,C_SJR091
8440,SJR090
8441,SG133_SJR090_20
8442,C_SJR090
8443,SJR087
8444,C_SJR087
8445,SJR082
8446,C_SJR082
8457,SG134_SJR081_20
8458,C_SJR081
8462,SJR075
8463,C_SJR075
8464,SG145_SJR072_22
8465,USGS 11290500
San Joaquin River at Maze Road
Bridge near Modesto
8478,Local Inflow to SF Stanislaus River
8479,I_SFS030
8482,USGS 11292500
Clark Fork Stanislaus near Dardanelle
8483,USGS 11293600
NF Stanislaus River Below Diversion Dam near Big Meadows

8484,USGS 11295000
Utica Canal near Avery
8485,C_STS093
8491,USGS 112987000 Angels Creek Below Utica Diversion Dam

8492,R_RFS61D_RFS61A
8495,R_RFS61A_SJR075
8498,R_RFS61D_STS030
8501,GP_60N_NA3
8502,R_62_NA3_SJR082
8505,USGS 11276600
Tuolumne River Above Early Intake
8506,USGS 11276500
Tuolumne River near Hetch Hetchy
8508,GP_61_PA3
8581,D_SJR180_ARY010
8582,ARY010
8584,SG66_SJR185_8
8585,SJR185
8586,C_SJR185
8589,SJR195
8590,C_SJR195
8591,SJR192
8592,SG65_SJR192_8
8593,C_SJR192
8599,C_FBW001
8601, 63_NA1
Non-District East
8602,GP_63_NA1
8603,I_BUR005
8604, Burns Creek
8609,I_BCK040
8610, Bear Creek
8659, 63_PR2
Merced and Lone Tree
units of Merced NWR
8667,EBP041
8668,C_EBP041
8669,EBP042
8670,C_EBP042
8671,EBP043
8672,C_EBP043
8673,EBP048
8512, 72_NA1
Souza & Sons
8513,D620B
8528,C_SAL006
8536,C_EBP050
8539,C587A
8540,SP_EBP041_SJR145
8541,C610
8550,C609B
8559,D_SJR166_EBP032
8560,C609A
8563,SJR180
8564,SR_64_SJR180
8565, Sack Dam
8566,C608
8567,C_SJR180
8568,SJR179
8569,DWR B07610
San Joaquin River near Dos Palos
8570,C_SJR179
8571,SJR173
8572,SG68_SJR173_8
8682, 63_NU
Cities of Merced, Atwater,
Livingston, Winton,
Planada and LeGrand
small communities
8683, MDWWTP
8684,RFS63
8691, AWWWTP
8692,ESC004
8693, 63_PR1
Arena Plains Unit
of Merced NWR
8703,C_EBP048
8704, 63_PR3
East Bear Unit
of San Luis NWR
8705,EBP050
8706,DWR Bear Creek
 below Eastside Canal
8715,C_EBP032
8716,C_EBP033
8717,EBP032
8718,EBP033
8719,DWR ELN
Eastside Bypass near El Nido
8726,C_EBP030
8729,GP_64_NA2
8730, 64_NA2
Non-District West
8731,R587B
8732,R_64_NA2_EBP030
8733,EBP030
8734,EBP022
8735,C_EBP022
8736,SG87_EBP030_11
8737,C_CHW006
8746,C_CHW017
8747,C_CHW011
8748,C582
8757,C_ESTMN
8758,C_CHW021
8759,C_CHW024
8760,C_CHW028
8761,C_CHW031
8762,I_ESTMN
8763,C53
8764,I53
8765,CHW024
8766,CHW028
8767,CHW031
8768, Chowchilla River
8769, ESTMN
8770,SG80_CHW031_11
8771,SG81_CHW028_11
8772,SG82_CHW024_11
8773,E_ESTMN
8774,CHW037
8775,C_CHW037
8776,E53
8777,I_CHW031
8778, Local Inflow
8779,USGS 11259000
Chowchilla River below Buchanan Dam
8780,S_ESTMN
8781,S53
8803,C_ASL013
8804,ASL013
8805,R_RFS64_EBP022
8806,R587A
8807,RFS64
8808,R_64_PA2_RFS64
8809, 64_PA2
Chowchilla WD
8810,GP_64_PA2
8811,D_BRS018_64_PA2
8812,BRS018
8813,D_CHW028_BRS018
8814,D_CHW028_ASL013
8815,Ash Slough
8816,D_ASL013_64_PA2
8817,D582
8833,C_BRS018
8834,EBP019
8837,C_EBP019
8840,SR_64_EBP019
8842,GP_64_NA1
8843, 64_NA1
Non-District
8845,D_CHW017_64_PA2
8850,C502
8851,C_NFM026
8853,C_MFM001
8855,MFM001
8856,C_SFM003
8857,USGS 11318500
SF Mokelumne River nr West Point
8858,SFM003
8859,MHILL_NU
8860,D_SFM005_MHILL_NU
8861,CPUD Diversion
8862,SFM005
8863,C_SFM005
8864,I_SFM005
8865,South Fork  Mokelumne River
8875,C_MFM006
8876,MFM006
8877,USGS 11317000
MF Mokelumne River nr West Point
8878,C_MFM007
8879,MFM007
8880,D_MFM007_WSPNT_NU
8881,WSPNT_NU
8882,CCWD Diversion
8889,SG_DSC028_505
8891,SG_DSC035_506
8893,Amador Canal/Amador Water System
8894,SG67_SJR180_8
8896,SR_71_SJR106
8897,SR_72_SJR106
8898,C_ORT001
8899,R_72_NA1_SJR106
8900,R_71_PA5_SJR106
8906,R619WEST
8907,R_72_XA3_SJR106
8909,C_DPC008
8910,SR_71_SJR091
8911,SR_72_SJR091
8912,R_71_PA7_SJR091
8913,R_71_PA5_SJR091
8914,R_71_PA4_SJR091
8921,C_MDC032
8922,C590
8924,Berenda Slough
8925,D_RFS64_64_NA2
8926,R585
8929,C_SJR200
8930,SJR198
8931,C_SJR198
8932,C_SJR201
8933,SJR200
8934,USGS 11254000, (CDEC MEN)
San Joaquin River near Mendota
8935,SG64_SJR198_8
8936,SJR201
8944,C_MDOTA
8945, MDOTA
8946,D_MDOTA_64_XA
8947,D607B-8B_CCC
8948,GP_64_XA
8949,64_XA
Columbia Canal Company
8950,R_64_XA_SJR185
8957,C_SJR263
8958,C605A
8959,C_SJR205
8960,C_SJR225
8961,C_SJR256
8962,C_SJR221
8963,C_SJR214
8964,C_SJR213
8965,SJR214
8966,SJR227
8967,SJR221
8968,SJR235
8969,SJR249
8970,SJR242
8971,SJR256
8972,SJR263
8973,SJR225
8974,SJR205
8975,SJR265
8976,C_SJR265
8977,C_SJR249
8978,C_SJR227
8979,C_SJR242
8980,C_SJR235
8981,SJR213
8982,C_SJR258
8983,SJR258
8984,Reclamation (CDEC SJB)
San Joaquin River below Bifurcation
8985, Chowchilla 
Bifurcation
8986,C605B
8987,D_SJR214_EBP001
8988,SR_64_SJR214
8989,SG61_SJR214_7
8990,SG60_SJR221_7
8991,C603
8992,Reclamation    (CDEC GRF)
San Joaquin River at Gravelly Ford
8993,SG59_SJR227_7
8994,SR_64_SJR227
8995,D_SJR227_64_PA3
8996,D603
8997,SG58_SJR235_7
8998,SG57_SJR242_7
8999,SG56_SJR249_7
9000,SG55_SJR256_7
9001, Little Dry Creek
9002,I_SJR258
9003,SG54_SJR263_7
9004,USGS 11251000
 San Joaquin River below Friant Dam 
9045,D_SJR205_SJR201
9046,C605C
9047, Proposed Mendota
 Pool Bypass
9048,C595
9049,C_EBP016
9050,EBP016
9051,C_EBP005
9052, Chowchilla 
Bypass
9053,EBP005
9054,SR_64_EBP005
9055,C_EBP001
9056,EBP001
9057,SLDMWA(CDEC CBP)
Chowchilla Bypass below Control Structure
9066,C_MLRTN
9067,D_MLRTN_FRK000
9068,S_MLRTN
9069,S18
9070,C18
9071,I18
9072,D18A
9073, San Joaquin River
9074, MLRTN
9075, Friant-Kern
Canal
9076,I_MLRTN
9077,I_SJR265
9078, Cottonwood Creek
9079,E_MLRTN
9080,E18
9090,C_HNSLY
9091,C_FRS036
9092,C_FRS039
9093,C_FRS046
9094,C_FRS032
9095,C_FRS025
9096,C_FRS020
9097,C_FRS016
9098,I_HNSLY
9099,C52
9100,C_FRS045
9101,FRS016
9102,FRS022
9103,FRS025
9104,FRS032
9105,FRS036
9106,FRS039
9107,FRS046
9108, Fresno River
9109, HNSLY
9110,FRS045
9111,C_FRS022
9112,FRS020
9113,FRS048
9114,C_FRS048
9115,SG75_FRS016_9
9116,SG74_FRS020_9
9117,I52
9118,S52
9119,S_HNSLY
9120,E_HNSLY
9121,E52
9122,USGS 11258000
 Fresno River below Hidden Dam
near Daulton 
9123,I_FRS046
9124, Local Inflow
9125,SG69_FRS045_9
9126,SG70_FRS039_9
9127,SG71_FRS036_9
9128, Franchi Diversion Dam
9129,C588
9130,SG72_FRS032_9
9131,SG73_FRS025_9
9132,SR_64_FRS022
9167,D_MLRTN_MDC006
9168,MDC006
9169,D18B
9170, Madera Canal
9171,D_MDC006_MDCLOS
9172,L590
9173,C_MDC006
9174,MDC019
9175,C_MDC019
9176,MDC032
9177,D_MDC032_64_PA1
9178,64_PA1
Madera ID
Madera WD
9189, Lateral 24-2, 32-2
9190, 64_NU
Cities of Madera, Chowchilla,
Madera Acres, and State Prisons
small communities
9191,GP_64_NU
9192, 64_PA3
Gravelly Ford WD
Root Creek WD
9193,R_64_PA3_EBP016
9194,GP_64_PA3
9198,R_64_PA1_EBP016
9199,R595
9200,GP_64_PA1
9203, Cottonwood Creek
9204,I_COT033
9205,COT033
9206,C_COT033
9211,D_MDC006_64_PA3
9212,D_MDC006_64_PA1
9213,D590
9214, Lateral 6-2
9219,D_FRS036_64_PA1
9220,D588
9221, Madera Main Canal
9224, Dry and Berenda Creeks
9225,I_DBC024
9226,DBC024
9227,C_DBC024
9228,DBC014
9229,D_DBC014_64_PA1
9230,C_DBC014
9239,D_EBP016_64_NA2
9240,D595
9243,FSL012
9244,C_JBP006
9245, James Bypass
9246,I607
9247,SG52_FSL005_4
9248,C_FSL005
9249,I_JBP006
9250,JBP006
9251,FSL005
9252,C_FSL012
9253,SG51_FSL012_4
9254,I_FSL012
9255, Fresno Slough
9256,USGS  11253500
James Bypass near San Joaquin
9269,D_MDOTA_91_PA
9270,D_MDOTA_91_PR
9271,D607C-8C_MWA
9272,D607B-8B_SCHII
9273,D607A_SCHII
9274,GP_91_PA
9275, 91_PA
Coelho Family Trust, Fresno Slough WD, James ID, RD 1606, Tranquility ID, 
Tranquility PUD
9276,R_91_PA_FSL012
9277,GP_91_PR
9278, 91_PR
Mendota WA
9279,R607WEST
9280,R_91_PR_FSL005
9289,D_MDOTA_90_PA1
9291,D607A_WWD
9292,D_MDOTA_73_XA
9293,73_XA
Firebaugh Canal Company
9294,GP_73_XA
9295,D607B-8B_FCC
9296,D_DMC111_73_XA
9297, Check 20
9298,DMC111
9299,D_DMC111_DMCLOS
9300, Losses
9301,D_DMC111_FBW001
9302, Firebaugh  Wasteway
9303,FBW001
9304,C_DMC111
9305,DMC116
9306, Check 21
9307,C708
9308,C_DMC116
9309,D_DMC116_DMCLOS
9310, Losses
9311, 
73_NU
Small Communities


9312,GP_73_NU
9313,C607
9329,XCC010
9330,D_XCC010_72_XA2
9331,C_XCC010
9332,D_MDOTA_XCC010
9333,GP_72_XA2
9334, 72_XA2
 Central California  ID
(South)
9335,R_72_XA2_SAL017
9336,SAL017
9344,C_DMC105
9345,DMC105
9346, Check 19
9347,D_DMC105_73_PA2
9348,D_DMC105_DMCLOS
9349, Losses
9350, 73_PA2
Eagle Field WD,
Mercy Springs WD,
Oro Loma WD
9351,GP_73_PA2
9352,R_73_PA2_SLD027
9361,R_73_XA_SLD027
9362,SR_73_SLD027
9366, 90_PA1
Westlands WD
Priority I
9367,D_CAA172_90_PA1
9368,D843
9369,CAA172
9370,D_CAA172_CAALOS
9371,D845
9372,D829
9373, Losses
9379,D837
9380,D836
9381,D_CAA109_90_PA1
9382,CAA109
9383, Check 15
End of Repayment Reach 4
9384,D826
9385,D838
9386,D_CAA109_CAALOS
9387, Losses
9388,C_CAA109
9389,C826
9390,CAA143
9391, Check 18
End of Repayment Reach 5
9392,D_CAA143_CAALOS
9393,D827
9394,D840
9395, Losses
9396,D839
9397,D_CAA143_90_PA1
9407,C_CAA143
9408,C827
9409,CAA155
9410, Check 19
End of Repayment Reach 6
9411,D_CAA155_CAALOS
9412,D828
9413,D842
9414, Losses
9415,D841
9416,D_CAA155_90_PA1
9417,C_CAA155
9418,C828
9419,CAA156
9420,C_CAA156
9421,CAA165
9422,C_CAA165
9423,D_CAA143_90_PA2
9424,GP_90_PA2
9425, 90_PA2
Westlands WD
Priority II
9426,D_CAA143_90_PU
9427, 90_PU
Avenal, Coalinga, Huron

9428,D844
9429,D_CAA156_90_PU
9430, Check 20
9431,D_CAA165_90_PU
9451,C_CAA172
9452,C830
9454,CAA185
9455,WSB027
9456,ESB407
9457,CAA181
9458,CAA173
9459,ESB355
9460,ESB415
9461,WSB014
9462,ESB324
9463,ESB408
9464,ESB425
9465,King R-8C
9466,Oso Pumping Plant
9467,ESB361
9468,D_CSTIC_VNTRA
9469,WSB031
9470,ESB414
9471,ESB420
9472,WSB001
9473,Alamo Power Plant
9474,Mojave Power Plant
9475,Castaic Lake
9476,WSB026
9477,Silverwood Lake
9478,Empire R-8C
9479,ESB347
9480,Kern River
Intertie
9481,CAA241
9482,CAA183
9483,Badger Hill PP
9484,Tulare R-8C-8D
9485,ESB413
9486,ESB403
9487,CAA194
9488,Devil Canyon Power Plant
9489,Lake Perris
9490,Warne Power Plant
9491,ESB406
9492,Los Perillas PP
9493,ESB433
9494,Pyramid Lake
9495,ESB306
9496,WSB006
9497,CAA184
9498,Pearblossom Pumping Plant
9499,WSB032
9500,I_CAA245
9501,Dudley-R R-8D
9502,Castaic Power Plant
9506,CAA087
9507,C_CAA087
9508,C824
9509,C834
9510,CAA095
9511, Check 14
9512,C_CAA095
9517,D835
9518,D_CAA109_73_PA3
9520,D824
9521,D834
9522,D_CAA087_CAALOS
9523, Losses
9524,D833
9525,D_CAA087_73_PA1
9526, 73_PA1
San Luis WD (N)
9531,CAA069
9532,C806
9533,C_CAA069
9534,CAA071
9535, Check 13
9536,D_CAA071_CAALOS
9537, Losses
9538,C_CAA071
9545,C_SLUIS
9546,D_SLUIS_PCH000
9547,I_SLUIS
9548,D_CAA069_SLUIS
9549, SLUIS
9550, Local Inflow
9551,SCVWD
9552,E_SLUIS_CVP
9553,S12
9554,S_SLUIS_CVP
9555,D11
9556,S11
9557,E12
9558,PCH000
9559,E11
9560,S_SLUIS_SWP
9561, Pacheco Tunnel
9562,SBCWD
9563,D_PCH000_SCVWD
9564,D_PCH000_SBCWD
9565,E_SLUIS_SWP
9566,D_CAA069_SLUIS_S
9567,C_SLUIS_SWP
9568,C_SLUIS_CVP
9569,D_CAA069_SLUIS_F
9570,C11
9571,D703
9572,C12
9573,D805
9588, O'Neil Forebay
9589,D_DMC070_CAA069
9590,D_CAA069_DMC070
9591,DMC070
9592,D_DMC070_73_PA1
9593,D706_SLWD_PWD
9594,GP_73_PA1
9601,C705
9602,C_DMC070
9603, Check 14
9604,DMC074
9605,D_DMC074_DMCLOS
9606, Losses
9607,C_DMC074
9608,DMC076
9609,D707
9610,D_DMC076_XCC043
9611, Wolfson Bypass
9612,XCC043
9613,C_DMC076
9614,DMC080
9625,D_DMC080_DMCLOS
9626, Losses
9629,C_DMC080
9630, Check 16
9631,DMC085
9632,D_DMC085_DMCLOS
9633, Losses
9634,C_DMC085
9635,DMC091
9636, Check 17
9637,D_DMC085_DMCLOS
9638, Losses
9639,C_DMC091
9640, Check 18
9641,DMC097
9642,D_DMC097_DMCLOS
9643, Losses
9644,D706_SLWD_PWD
9645,D_DMC091_73_PA3
9646, 73_PA3
San Luis WD (S),
Pacheco WD, Panoche WD
9661,GP_73_PA3
9662,R_73_PA3_SLD027
9666,XCC025
9667,C_XCC025
9668,XCC033
9669,D_XCC025_72_PA
9670,GP_72_PA
9671, 72_PA
Laguna WD
9672,R_72_PA_MSS014
9673,MSS014
9674,R_72_PR6_MSS014
9675, 72_PR6
Grassland WD (South)
9676,GP_72_PR6
9677,D_XCC025_72_PR6
9689, 72_PR5
Grassland WD North
9690,R_72_PR5_MSN009
9693,GP_72_PR5
9694,D_ARY010_72_PR4
9695,D_ARY010_72_PR3
9696,GP_72_PR3
9697,72_PR3
West Bear Creek
and San Luis units of
San Luis NWR
9698, 72_PR4
Los Banos WA
Salt Slough, China Island and
Gadwall units
of North Grassland WA
9699,GP_72_PR4
9704,C_SAL017
9705,SR_72_SAL006
9706,R_72_PR3_SAL006
9713,R_72_PR4_SAL006
9716,C_MSS014
9719,D_XCC033_72_PR2
9720, 72_PR2
Kesterson NWR
Freitas and Blue Goose units
of San Luis NWR
9721,GP_72_PR2
9722,R_72_PR2_MSN004
9723,MSN004
9724,SR_71_MSN004
9725,SR_72_MSN004
9726,SR_73_MSN004
9734,D_XCC033_72_PR4
9737,C_DMC097
9740, Los Banos Creek
9741,I_BANOS
9742,E_BANOS
9743, BANOS
9744,S_BANOS
9745,C_BANOS
9746,LBN025
9747,C_LBN025
9748,LBN012
9749,D_VLW008_72_PR5
9759,C_XCC033
9762,C_XCC043
9763,XCC053
9767, Dos Amigos Pumping Plant
End of Repayment Reach 3 
9768,R_73_PA1_LBN025
9769, Check 15
9772,D_DMC070_DMCLOS
9773, Losses
9774, Volta Wasteway
9775,D_DMC070_VLW008
9776,VLW008
9777,D_VLW008_72_PR1
9778, 72_PR1
Volta WA
9779,R_72_PR1_LBN012
9780,C_VLW008
9791, Check 13
9792, 72_NU
Gustine, Firebaugh
Los Banos, Newman
small communities

9793,GP_72_NU
9794, Quinto Creek
9795,I_QNT005
9796,QNT005
9797,C_QNT005
9802, Garzas Creek
9803,I_GRZ012
9804,GRZ012
9805,C_GRZ012
9806,XCC054
9807,C_XCC053
9814,CAA066
9815,D_CAA066_71_PU2
9816, 71_PU2
VA Cemetary
9817,C_CAA066
9818,CAA067
9819,D_CAA066_CAALOS
9820, Losses
9821,C803
9822,C_CAA067
9831,C702
9832,C_DMC064
9833, Check 12
9834,DMC064
9835,D_DMC064_71_PA6
9836,D_DMC064_DMCLOS
9837, Losses
9838, 71_PA6
Davis WD, Foothill WD,
Mustang WD, Quinto WD,
Romero WD, Centinella WD
9839,GP_71_PA6
9840,C_DMC058
9841, Check 11
9842,DMC058
9843,D_DMC058_DMCLOS
9844, Losses
9855,C_CAA051
9856,CAA051
9857, Check/Siphon
End of Repayment Reach 2A
9858, Losses
9859,D_CAA051_CAALOS
9860,D803
9865,C_LBN012
9866,LBN008
9867,C_LBN008
9868,C_MSN009
9869,MSN005
9870,C_MSN005
9879,
Mud Slough near Hwy 140
9880,D_XCC054_72_XA3
9881, 72_XA3 
Central California  ID (North)
9882,GP_72_XA3
9883,R_72_XA3_MSN004
9888,USGS 1274538
Orestimba Crek at
River Road near Crows Landing
9890, Orestimba Creek
9891,I_ORT014
9892,USGS 11274500
Crestimba Creek near Newman
9893,ORT014
9894,SG128_ORT014_19
9895,C_ORT014
9896,SG129_ORT009_19
9897,ORT009
9898,C_ORT009
9899,ORT001
9909,C_DMC000
9910,DMC003
9911,C_DMC003
9912,DMC007
9913,C_DMC007
9914,DMC011
9915,C_DMC011
9916,DMC016
9925,C_DMC016
9926,DMC021
9927,C_DMC021
9928,DMC024
9929,C_DMC024
9930,DMC030
9931,C_DMC030
9932,DMC034
9933,C_DMC034
9934,DMC039
9935,C_DMC039
9936,DMC044
9937,C_DMC044
9938,DMC049
9939,C_DMC049
9940,DMC054
9941,C_DMC054
9960, 71_NA3
Non-District

9961,GP_71_NA3
9962,D_DMC011_71_PA8
9963,D700_BBID
9964, 71_PA8
Byron-Bethany ID
(part that was formerly Plainview ID)
9965,GP_71_PA8
9966,D_DMC011_DMCLOS
9967, Losses
9972,D_DMC016_DMCLOS
9973,D700_TRACY
9974,D_DMC016_WTPJJO
9975, Losses
9976, WTP
JJO
9981, Check 1
9982, Check 2
9983, Check 3
9984,D_DMC021_DMCLOS
9985, Losses
9988,D_DMC024_DMCLOS
9989, Losses
9992, Check 4
9993,D_DMC030_DMCLOS
9994, Losses
9997, Check 5
9998,D_DMC034_DMCLOS
9999, Losses
10002, Check 6
10003,D_DMC034_WWW001
10004,WWW001
10005,D701_KCWD
10006,D_DMC034_71_PA3
10007, 71_PA3
Kern Canon WD
10008,GP_71_PA3
10009,R_71_PA3_WWW001
10016, Westley Wasteway
10017,D_DMC039_DMCLOS
10018, Losses
10021, Check 7
10022,D_DMC044_DMCLOS
10023, Losses
10026, Check 8
10027,D_DMC044_71_PA5
10028, 71_PA5
Del Puerto WD, Salado W
Orestimba WD, Sunflower WD
10031, 71_NU
City of Patterson
Small Communities
10032,GP_71_PA5
10033,D_DMC049_DMCLOS
10034, Losses
10037, Check 9
10038,D_DMC054_DMCLOS
10039, Losses
10042, Check 10
10043,D_GDD010_GDDLOS
10046,GDDLOS
10047,D_WTPJJO_50_PU
10048, 50_PU
City of Tracy
Mountain House CSD
10049,R_50_PU_TCWWTP
10050, TCWWTP
10055,R_TCWWTP_OMR039
10058,R_71_PA8_RFS71A
10060,RFS71A
10061,R_RFS71A_OMR039
10065,USGS 11303500
San Joaquin River near Vernalis
10066,D_RFS71A_50_PA1
10067, 50_PA1
Banta Carbona ID
Westside ID
10068,GP_50_PA1
10069,D_SJR062_50_PA1
10070,D637
10075,D_DMC021_50_PA1
10078,D_SJR090_71_NA2
10079, 71_NA2
El Solyo WD,
NBINV AP6 LLC
10080,GP_71_NA2
10083,R_71_NA2_SJR070
10086,SR_71_SJR070
10088,D_DMC030_71_PA1
10089,D701_HWD
10090, 71_PA1
Hospital WD
10091,GP_71_PA1
10094,R_71_PA1_SJR075
10097,SR_71_SJR075
10099,SR_61_SJR075
10101,D_SJR082_71_PA2
10102, 71_PA2
West Stanislaus ID
10103,R_71_PA2_SJR075
10108,C_WWW001
10111,D_DMC044_71_PA4
10112, 71_PA4
Patterson ID
10115,D_SJR096_71_PA4
10118,D_SJR102_71_NA1
10119,GP_71_NA1
10120, 71_NA1
Twin Oaks IC
10121,R_71_NA1_SJR091
10127,GP_71_PA4
10130,D_DMC034_71_PA2
10133,GP_71_PA2
10134,D_DMC054_NMW004
10135,Newman Wasteway
10139,R_71_PA6_NMW004
10142,R_71_PA6_XCC054
10145,D_XCC054_72_PR5
10148, 72_NA2

10149,GP_72_NA2
10150, 50_PA2
Byron Bethany ID
10151,R_50_PA2_OMR027
10155,CAA005
10156,C_CAA005
10157,CAA006
10158,C_CAA006
10159,CAA009
10165,D_CAA009_DMC007
10168,CA-DMC Intertie
10169,D_DMC007_CAA009
10173,D_CAA005_SBA000
10174,SBA000
10175,D801
10178,D_CAA005_CAALOS
10179, Losses
10182, Check 1
End of Repayment Reach 1
10183,C_CAA009
10184,CAA012
10185,D_CAA012_71_PU1
10186, 71_PU1
Musco Olive Products
10191, Check 2
10192,C_CAA012
10193,CAA024
10194,C_CAA024
10198, Check 4
10199,CAA046
10200,C_CAA046
10203, Check 8
10204,D_CAA046_71_PA7
10205, 71_PA7
Oak Flat
10208,D802A
10210,South Bay Aqueduct
10212, All inflow assumed to percolate 
to groundwater
10213,I_CHC000
10214, Corral Hollow and minor Creeks
10215,CHC000
10216,SG_CHC000_609
10220,I_ING008
10221, Hospital and Ingram Creeks
10222,ING008
10223,C_ING008
10228, Del Puerto Creek
10229,I_DPC008
10230,DPC008
10234, Salado Creek
10235,I_SLO007
10236,SLO007
10237,C_SLO007
10238,SLO000
10239,SG_SLO000_659
10240, All inflow assumed to 
percolate to groundwater
10245,ORG000
10246,I_ORG000
10247, Ortigalita Creek
10248,SG_ORG000_793
10249, All inflow assumed to percolate 
to groundwater
10253,I_CAP000
10254,CAP000
10255,SG_CAP000_854
10256, All inflow assumed to percolate 
to groundwater
10257, Capita Canyon
and minor streams
10261, Little Panoche Creek
10262,I_LPC007
10263,LPC007
10264,C_LPC007
10265,LPC000
10266,SG_LPC000_840
10267, All inflow assumed to percolate 
to groundwater
10274,GP_90_PA1
10277,D_ARY010_72_PR6
10280,D_ARY010_72_XA1
10281,72_XA1 San Luis Canal Company
10284,GP_72_XA1
10285,R_72_XA1_SAL017
10288, 73_NA

10289,GP_73_NA
10290,C700A
10292, Check 12
End of Repayment Reach 2B
10294,Del Valle
10295,D_WTPBJM_26S_PU2
10298,D_STH007_STHLOS
10300,C_MFM008
10303,C_BCM003
10304,MFM008
10307,BCM003
10308,D_BCM003_WSPNT_NU
10311,I_MFM008
10312,Middle Fork  Mokelumne River
10315,I_BCM003
10316,Bear Creek
10319,D_EDC021_EDCOCA_NA3
10322,D_JNKSN_EDCOCA_NA3
10325,D_JNKSN_EDCOCA_NA2
10328,D_FTR074_CULOS
10329, CULOS
MIscellaneous agricultural losses as used by DWR in calculation of unimpaired flows
10332,C_GRL001
10333,GRL001
10336,USGS 114296005
Gerle Creek below Gerle Reservoir near Meeks Bay
10337,D_GDD010_WTPWAL
10340,D_FOLSM_ELDID_NA3
10341,ELDID_NA3
10344, ELDID_NA1
10345,D_JNKSN_ELDID_NA1
10348,ELDID_NA2
10349,D_EDC021_ELDID_NA2
10352,D_JNKSN_ELDID_NA2
10355,D_TBAUD_ELT010
10356,ELT010
10357,Electra Powerhouse
10358,C_ELT010
10363,D_ELT000_TBAUD
10364,Electra Tunnel
10365,ELT000
10368,D_NFM010_ELT000
10369,West Point Powerhouse
10370,NFM010
10371,Tiger Afterbay Dam
10372,I_NFM010
10373,Local Inflow to NF Mokelumne River
10378,Inflow to Tiger Creek
10379,I_TGC003
10380,TGC003
10381,Tiger Creek Regulator
10382,C_TGC003
10383,TGC002
10384,USGS 11316605
Tiger Creek below Regulator
Reservoir nr Pioneer
10385,D_TGC003_AMADR_NU
10386,C_TGC002
10387,NFM012
10388,C_TGR021
10389,TGR021
10390,USGS 11316610
Tiger Creek Powerhouse nr West Point
10391,Tiger Creek Powerhouse
10392,D_TGC003_TGR021
10404,C_NFM012
10407,Inflow to Upper and Lower Bear River Reservoirs
10408,I_UBEAR
10409, UBEAR
10410,S_UBEAR
10411,C_UBEAR
10412, LBEAR
10413,S_LBEAR
10414,C_LBEAR
10415,BRV005
10416,USGS 11315900
Bear River below Lower Bear River Dam
10417,C_BRV005
10418,BRV003
10419,USGS 11316000
Bear River nr Salt Springs Dam
10420,C_BRV003
10421,BRV002
10422,Bear River Diversion
10423,D_BRV002_TGR006
10424,TGR006
10425,C_BRV002
10426,NFM024
10441,C_NFM013
10442,NFM013
10443,USGS 11316600
NF Mokelumne River above Tiger Creek Reservoir

10446,C_NFM024
10449,C_TGR006
10452,C_NFM029
10453,NFM029
10454,USGS 11314500
Mokelumne River bw Salt Springs Dam
10455,C_SLTSP
10456, SLTSP
10457,S_SLTSP
10458,C_TGR002
10459,TGR000
10460,Inflow to Cole Creek
10461,I_COL003
10462,NFM026
10463,D_LBEAR_COL002
10464,C_COL002
10465,D_COL002_BRT003
10466,D_SLTSP_TGR000
10467,Salt Springs Powerhouse No. 2
10468,COL001
10469,D_COL001_TGR002
10470,TGR002
10471,Bear River Tunnel
10472,Cole Creek Diversion #1
10473,Cole Creek Diversion #2
10474,C_TGR000
10475,D_TGR000_NFM029
10476,TGR001
10477,USGS 11314000
Tiger Creek Powerhouse Conduit bw Salt Springs Dam
10478,C_COL001
10479,Tiger Creek Powerhouse Conduit
10480,USGS 11313510
Salt Springs Powerhouse near West Point
10481,COL003
10482,C_COL003
10483,USGS 11315000
Cole Creek nr Salt Springs Dam
10484,COL002
10485,USGS 11315030
Cole Creek below Diversion Dam nr Salt Springs Dam
10486,BRT003
10487,C_BRT003
10488,C_TGR001
10489,Salt Springs Powerhouse No. 1
10490,USGS 11316100
Bear River below Diversion Dam
10491,C_BLUMD
10492, BLUMD
10493,S_BLUMD
10494,I_SLTSP
10495,Inflow to Salt Springs Reservoir
10531,D_UNVLY_SLV017
10534,USGS 11316670
NF Mokelumne River below Tiger Creek Reservoir

10535,C_DRM000
10536,DRM000
10539,D_DRM000_DRM001
10542,Powerplant Bypass
10543,EBTML
10544,S_EBTML
10545,I_EBTML
10546,EBMUD Terminal Reservoirs
10549,D_MAQ057_EBTML
10552,D_EBTML_EBMUD
10555,EBLOS
10556,D_EBTML_EBLOS
10559,D_CAA006_CAALOS
10560, Losses
10563,D_CAA009_CAALOS
10564, Losses
10567,D_CAA024_CAALOS
10568, Losses
10571,D_CAA046_CAALOS
10572, Losses
10575,D_CAA024_CAALOS
10578,SG198_MOK004_30
10580,SG200_SJR022_31
10582,SG144_SJR081_22
10584,SG131_SJR106_20
10589,SG78_SJR173_10
10591,SG53_FSL005_4
10593,SG63_SJR205_8
10595,SG62_SJR205_7
10598,SG167_CLV004_25
10602,SG88_EBP030_11
10607,SG76_FRS016_9
10609,SG77_FRS016_9
10612,SG154_STS011_23
10614,SG143_TUO003_21
10616,SG130_ORT001_19
10618,ESC005
10619,C_ESC004
10626,C_ESC005
10629,ESC020
10632,MID021
10636,D_MPS020_63_NA5
10637, 63_NA5
El Nido ID
10642,D_WTPFBN_26S_NU3
10645,NFF080
10646,D_MTMDW_NFF080
10649,C_NFF080
10652,Hamilton Branch Powerhouse
10653, NAPA2
10654,D_BRYSA_NAPA2
10657,PTH070
10658,C_PTH070
10661,D_PTH070_PUTAH
10662, PUTAH
10665,D_WTPDGT_50_PU
10668, 
72_PU
City of Los Banos


10669,USGS 11292860
JW Southern Powerplant
10670,USGS 11292900
MF Stanislaus River below Beardsley Dam
10671,Beardsley Afterbay Dam
10672,ALPNE
10673,S_ALPNE
10674,E_ALPNE
10676,C_ALPNE
10679,E_SLTSP
10681,E_UBEAR
10683,E_LBEAR
10685,E_BLUMD
10690,SR_26S_SAC048
10692,SR_60N_SJR038
10694,MPS020
10703,
10704,
10705,
10706,
10707,
10708,
10709,
10710,
10711,
10712,
10713,
10714,
10715,
10716,
10717,
10718,
10719,
10720,
10721,
10722,
10723,
10724,
10725,
10726,
10727,
10728,
10729,
10730,
10731,
10732,
10733,
10734,
10735,
10736,
10737,
10738,
10739,
10740,
10741,
10742,
10743,
10744,
10745,
10746,
10747,
10748,
10749,
10750,
10751,
10752,
10753,
10754,
10755,
10756,
10757,
10758,
10759,
10760,
10761,
10762,
10763,
10764,
10765,
10766,
10767,
10768,
10769,
10770,
10771,
10772,
10773,
10774,
10775,
10776,
10777,
10778,
10779,
10780,
10781,
10782,
10783,
10784,
10785,
10786,
10787,
10788,
10789,
10790,
10791,
10792,
10793,
10794,
10795,
10796,
10797,
10798,
10799,
10800,
10801,
10802,
10803,
10804,
10805,
10806,
10807,
10808,
10809,
10810,
10811,
10812,
10813,
10814,
10815,
10816,
10817,
10818,
10819,
10820,
10821,
10822,
10823,
10824,
10825,
10826,
10827,
10828,
10829,
10830,
10831,
10832,
10833,
10834,
10835,
10836,
10837,
10838,
10839,
10840,
10841,
10842,
10843,
10844,
10845,
10846,
10847,
10848,
10849,
10850,
10851,
10852,
10853,
10854,
10855,
10856,
10857,
10858,
10859,
10860,
10861,
10862,
10863,
10864,
10865,
10866,
10867,
10868,
10869,
10870,
10871,
10872,
10873,
10874,
10875,
10876,
10877,
10878,
10879,
10880,
10881,
10882,
10883,
10884,
10885,
10886,
10887,
10888,
10889,
10890,
10891,
10892,
10893,
10894,
10895,
10896,
10897,
10898,
10899,
10900,
10901,
10902,
10903,
10904,
10905,
10906,
10907,
10908,
10909,
10910,
10911,
10912,
10913,
10914,
10915,
10916,
10917,
10918,
10919,
10920,
10921,
10922,
10923,
10924,
10925,
10926,
10927,
10928,
10929,
10930,
10931,
10932,
10933,
10934,
10935,
10936,
10937,
10938,
10939,
10940,
10941,
10942,
10943,
10944,
10945,
10946,
10947,
10948,
10949,
10950,
10951,
10952,
10953,
10954,
10955,
10956,
10957,
10958,
10959,
10960,
10961,
10962,
10963,
10964,
10965,
10966,
10967,
10968,
10969,
10970,
10971,
10972,
10973,
10974,
10975,
10976,
10977,
10978,
10979,
10980,
10981,
10982,
10983,
10984,
10985,
10986,
10987,
10988,
10989,
10990,
10991,
10992,
10993,
10994,
10995,
10996,
10997,
10998,
10999,
11000,
11001,
11002,
11003,
11004,
11005,
11006,
11007,
11008,
11009,
11010,
11011,
11012,
11013,
11014,
11015,
11016,
11017,
11018,
11019,
11020,
11021,
11022,
11023,
11024,
11025,
11026,
11027,
11028,
11029,
11030,
11031,
11032,
11033,
11034,
11035,
11036,
11037,
11038,
11039,
11040,
11041,
11042,
11043,
11044,
11045,
11046,
11047,
11048,
11049,
11050,
11051,
11052,
11053,
11054,
11055,
11056,
11057,
11058,
11059,
11060,
11061,
11062,
11063,
11064,
11065,
11066,
11067,
11068,
11069,
11070,
11071,
11072,
11073,
11074,
11075,
11076,
11077,
11078,
11079,
11080,
11081,
11082,
11083,
11084,
11085,
11086,
11087,
11088,
11089,
11090,
11091,
11092,
11093,
11094,
11095,
11096,
11097,
11098,
11099,
11100,
11101,
11102,
11103,
11104,
11105,
11106,
11107,
11108,
11109,
11110,
11111,
11112,
11113,
11114,
11115,
11116,
11117,
11118,
11119,
11120,
11121,
11122,
11123,
11124,
11125,
11126,
11127,
11128,
11129,
11130,
11131,
11132,
11133,
11134,
11135,
11136,
11137,
11138,
11139,
11140,
11141,
11142,
11143,
11144,
11145,
11146,
11147,
11148,
11149,
11150,
11151,
11152,
11153,
11154,
11155,
11156,
11157,
11158,
11159,
11160,
11161,
11162,
11163,
11164,
11165,
11166,
11167,
11168,
11169,
11170,
11171,
11172,
11173,
11174,
11175,
11176,
11177,
11178,
11179,
11180,
11181,
11182,
11183,
11184,
11185,
11186,
11187,
11188,
11189,
11190,
11191,
11192,
11193,
11194,
11195,
11196,
11197,
11198,
11199,
11200,
11201,
11202,
11203,
11204,
11205,
11206,
11207,
11208,
11209,
11210,
11211,
11212,
11213,
11214,
11215,
11216,
11217,
11218,
11219,
11220,
11221,
11222,
11223,
11224,
11225,
11226,
11227,
11228,
11229,
11230,
11231,
11232,
11233,
11234,
11235,
11236,
11237,
11238,
11239,
11240,
11241,
11242,
11243,
11244,
11245,
11246,
11247,
11248,
11249,
11250,
11251,
11252,
11253,
11254,
11255,
11256,
11257,
11258,
11259,
11260,
11261,
11262,
11263,
11264,
11265,
11266,
11267,
11268,
11269,
11270,
11271,
11272,
11273,
11274,
11275,
11276,
11277,
11278,
11279,
11280,
11281,
11282,
11283,
11284,
11285,
11286,
11287,
11288,
11289,
11290,
11291,
11292,
11293,
11294,
11295,
11296,
11297,
11298,
11299,
11300,
11301,
11302,
11303,
11304,
11305,
11306,
11307,
11308,
11309,
11310,
11311,
11312,
11313,
11314,
11315,
11316,
11317,
11318,
11319,
11320,
11321,
11322,
11323,
11324,
11325,
11326,
11327,
11328,
11329,
11330,
11331,
11332,
11333,
11334,
11335,
11336,
11337,
11338,
11339,
11340,
11341,
11342,
11343,
11344,
11345,
11346,
11347,
11348,
11349,
11350,
11351,
11352,
11353,
11354,
11355,
11356,
11357,
11358,
11359,
11360,
11361,
11362,
11363,
11364,
11365,
11366,
11367,
11368,
11369,
11370,
11371,
11372,
11373,
11374,
11375,
11376,
11377,
11378,
11379,
11380,
11381,
11382,
11383,
11384,
11385,
11386,
11387,
11388,
11389,
11390,
11391,
11392,
11393,
11394,
11395,
11396,
11397,
11398,
11399,
11400,
11401,
11402,
11403,
11404,
11405,
11406,
11407,
11408,
11409,
11410,
11411,
11412,
11413,
11414,
11415,
11416,
11417,
11418,
11419,
11420,
11421,
11422,
11423,
11424,
11425,
11426,
11427,
11428,
11431,TD_OMR039_202
11433,TD_SJR075_154
11435,TD_SJR091_133
11437,TD_SJR106_127
11439,TD_MSN004_114
11441,TD_SJR091_132
11443,TD_SJR106_130
11445,TD_SJR117_125
11447,TD_MSN004_115
11450,TD_MSN004_104
11453,TD_FCS007_160
11455,TD_SJR038_167
11457,TD_SJR043_159
11459,TD_SJR043_168
11461,TD_FCS007_169
11463,TD_SJR070_156
11465,TD_STS017_152
11467,TD_SJR075_145
11469,TD_TUO017_141
11473,TD_SJR081_143
11475,TD_TUO017_140
11477,TD_EBP030_086
11479,TD_EBP030_087
11481,TD_EBP050_100
11484,TD_SJR117_124
11487,TD_SJR180_067
11489,TD_SJR227_059
11491,TD_FRS022_074
11493,TD_EBP019_088
11495,TD_EBP005_075
11497,TD_SJR028_170
11499,SG172_SJR022_26
11501,TD_MOK014_197
11503,TD_MOK019_196
11505,TD_MOK035_179
11507,USGS 11262900
Mud Slough near Gustine (Site "D")
11508,MSN009
11509,C_SLD002
11512,SLD002
11513,C_SLD027
11514,SLD027
11516,USGS 11262895
San Luis Drain Site B
11517,USGS 11262890
San Luis Drain Site A
11518,TD_WBA90_053
11520,R_64_PA1_SJR235
11523,SG155_SJR072_24
11525,STS004
11526,C_STS004
11529,R_61_NA6_SJR056
11533,C_SJR102
11536,SJR102
11537,D_TUO047_61_NA3
11540,D_TUO047_62_NA4
11543,CT_MUDSLOUGH
11544, Closure Term
11547, Closure Term
11548,CT_SALTSLOUGH
11550, Closure Term
11551,CT_STEVINSON
11554,CT_MERCED
11555, Closure Term
11558,CT_MODESTO
11559, Closure Term
11562,CT_RIPON
11563, Closure Term
11566, Closure Term
11567,CT_VERNALIS
11570,I6
11571,D201
11572,E6
11573,C220A
11574,C221
11575,C217A
11576,D7B
11577,D207A
11578,GS65
11579,I207
11580,D207B
11581,D206C
11582,D206B
11583,C136B
11584, OHWWTP
11585,R_OHWWTP_DHC001
11588,D_SAC122_18_SA
11591,SG463_SCW008_81
11593,SCW004
11594,C_SCW004
11597,SG464_SCW004_81
11599,SG465_SCW004_81
11601,SG453_CWD018_77
11603,CWD013
11604,C_CWD013
11607,SG454_CWD013_77
11608,SG455_CWD013_77
11611,NDOI
11613,C_DFF005
11616,DFF005
11617,CPF001
11618,C_CPF001
11621,Losses R-1--> 9
11622,D_SBA042_SBALOS
11624,D_SBA029_ACWD
11626,D_SBA036_SCVWD
11628,SBA019
11629,USGS 11261100
Salt Slough at Highway 165
near Stevinson
11632,I_DED044
11633,I_OWN040
11634,I_MPS038
11635,Local Inflow
11636, Owens Creek
11637, Mariposa Creek
11638,Deadman and Ditchman's Creeks
11639, Losses
11640,D_BCK033_BCK006
11641,CHW021
11642,CHW006
11643,D_DED010_63_PR2
11644,D_DED025_63_NA5
11645,D_MID021_BCK033
11646,D_MID021_63_NA3
11647,D_MID021_MPS020
11648,D_MID021_DED010
11649,D_ESC005_EBP050
11650,D_ESC005_63_PR1
11651,D_MCD021_63_NA4
11652,D_ESC020_63_NA4
11653,D_MID021_63_NA4
11654,D_MCD042_63_NA2
11655,D_MCD052_MID021
11656,D_MCD055_62_NA6
11657,D_MCD050_62_NA2
11658,D_SJR114_62_NA5
11659,R_62_NA3_MCD021
11660,D_MCD002_63_NA4
11661,D_SJR116_72_NA1
11662,D_BCK006_ESC004
11663,R_62_NA6_MCD028
11664,R_62_NA2_MCD028
11665,R_63_NA2_MCD028
11666,R_63_NA3_MCD028
11667,R_AWWWTP_ESC005
11668,R_RFS63_AWWWTP
11669,R_RFS63_MWWWTP
11670,R_63_NU_RFS63
11671,R_MDWWTP_OWN011
11672,R_63_NA4_EBP041
11673,R_63_PR2_EBP041
11674,OWN040
11675,MPS038
11676,BUR005
11677,BCK040
11678,SJR131
11679,SAL006
11681,CHW011
11682,CHW017
11683,NMW004
11684,C_NMW004
11685,C_MSN004
11686,R_63_PR1_EBP048
11687,R_63_NA4_SJR117
11688,C_DCM027
11689,C_DED044
11690,C_SJR173
11691,C_SJR114
11692,C_SJR115
11693,C_SJR116
11694,C_SJR117
11695,C_SJR119
11696,C_SJR123
11697,C_SJR127
11698,C_SJR131
11699,C_SJR134
11700,C_SJR141
11701,R_63_PR3_SJR134
11702,D_EBP048_63_PR3
11703,D_EBP042_ESC004
11704,C_SJR145
11705,C_SJR152
11706,C_SJR157
11707,C_SJR166
11708,SJR157
11709,SJR166
11710,SJR152
11711,SJR145
11712,SJR141
11713,SJR134
11714,SJR127
11715,SJR123
11716,SJR119
11717,SJR117
11718,SJR115
11719,SJR111
11720,SJR114
11721,SJR116
11722,C_MRS000
11723,C_DED038
11724,C_DED035
11725,C_DED032
11726,C_DED025
11727,C_DED019
11728,C_DED012
11729,C_DED010
11730,C_DED003
11731,DED038
11732,DED044
11733,DED035
11734,DED032
11735,DED025
11736,DED019
11737,DED012
11738,DED010
11739,DED003
11740,C_MPS020
11741,C_MPS038
11742,SG83_CHW021_11
11743,SG84_CHW017_11
11744,SG85_CHW011_11
11745,SG86_CHW006_11
11746,C_OWN011
11747,OWN011
11749,C_OWN040
11750,SG79_SJR166_10
11751,SG89_SJR166_11
11752,SG90_SJR157_11
11753,SG126_SJR111_18
11754,SG125_SJR116_18
11755,SG115_SJR116_16
11756,SG114_SJR123_16
11757,TD_SAL006_113
11758,SG91_SJR152_12
11759,El Nido Canal
11760,LeGrand Canal
11761,Fairfield Canal
11762,Casebeer Extension to DeadmanCreek
11763,Lake Yosemite
11764,Sphere-of-influence Sales
11765,Riparian Diverters
11766,Stevinson WD Diversion
11767,C_BCK006
11768,BCK006
11770,C_BCK017
11771,BCK017
11773,C_BCK027
11775,C_BCK033
11776,BCK033
11778,C_BCK035
11779,BCK035
11781,C_BCK040
11782,C_BUR005
11783,BCK027
11784,C_BCK031
11785,BCK031
11788,BCK024
11789,C_BCK024
11790,C_BCK010
11792,BCK010
11793,SR_63_EBP030
11794,SR_64_EBP030
11795,SR_63_EBP032
11796,SR_64_EBP032
11797,SR_63_EBP050
11798,SR_64_EBP050
11799,SR_63_SJR134
11800,SR_63_SJR117
11801,SR_71_SJR117
11802,SR_72_SJR117
11803,SR_62_MCD021
11804,SR_63_MCD021
11805,SR_62_MCD050
11806,SR_63_MCD050
11807,Mariposa Bypass
11808,Sand Slough
11809,Atwater Canal
11810,McSwain Dam
11811,Merced Falls Diversion Dam
11812,Crocker-Huffman Diversion Dam
11813,MCD005
11814,MCD018
11815,MRS000
11816,MCD033
11817,MCD046
11818,MCD054
11819,TD_SAL027_102
11820,SG103_SJR141_14
11821,SG102_SJR145_14
11822,SG92_SJR145_12
11823,TD_SJR134_103
11824,SG113_SJR134_16
11825,SG104_SJR134_14
11826,GP_63_NA4
11827,MCD055
11828,C_MCD056
11829,MCD056
11832,I_MCD055
11833,C_MCD055
11834,C_MCD054
11835,C_MCD052
11836,MCD052
11837,GP_63_PR3
11838,GP_63_PR1
11839,C_MCD048
11840,MCD048
11841,C_MCD050
11842,MCD050
11846,GP_63_NA2
11847,GP_63_NA3
11848,GP_62_NA2
11849,GP_72_NA1
11850,USGS 11273000
Merced River Slough near Newman
(discontinued)
11851,USGS 11272500 (CDEC MST)
 Merced River near Stevinson
11852,USGS 11271500
 Merced River near Livingston
(discontinued)
11853,USGS 11271290
Merced River at Shaffer Bridge
11854,DWR B05170(CDEC MSN)
Merced River near Snelling
11855,DWR (CDEC CRS)
Merced River at Cressey
11856,USGS 11270900
Merced River below  Merced Falls Dam near Snelling
11857,USGS  11260815(CDEC SJS)
San Joaquin River near Stevinson
(Lander Avenue)
11858,USGS 11261500
San Joaquin River at Fremont Ford
Bridge near Stevinson
11859,USGS 11274000 
San Joaquin River near Newman 
11860,C_MCLRE
11861,C_MCD028
11862,C_MCD033
11863,C_MCD036
11864,C_MCD032
11865,C_MCD002
11866,C_MCD005
11867,C_MCD009
11868,C_MCD014
11869,C_MCD018
11870,C_MCD021
11871,C_MCD042
11872,C_MCD046
11873,MCD042
11874,MCD014
11875,MCD032
11876,MCD009
11877,MCD002
11878,MCD028
11879,C_DCM019
11880,USGS 11271320
Dry Creek near Snelling
11881,SG123_MCD009_17
11882,SG122_MCD014_17
11883,SG124_MCD002_17
11884,SG121_MCD021_17
11885,TD_MCD021_121
11886,SG120_MCD028_17
11887,SG119_MCD036_17
11888,SG118_MCD042_17
11889,SG117_MCD048_17
11890,SG116_MCD052_17
11891,TD_MCD050_116
11892,TD_MCD050_117
11893,SG_EBP048_729
11894,SG110_BCK010_15
11895,SG109_BCK017_15
11896,SG108_BCK024_15
11897,SG112_BCK006_15
11898,SG111_BCK006_15
11899,SG107_BCK031_15
11900,SG106_BCK035_15
11901,SG105_BCK040_15
11902,C_SBA036
11905,C_SBA029
11908,C_SBA020
11911,C_SBA019
11914,C_SBA016
11917,C_DELVE
11920,C_SBA009
11923,C_SBA000
11926,C_WSB031
11929,C_CSTIC
11932,C_WSB027
11935,C_WSB026
11938,C_PYRMD
11941,C_WSB014
11944,C_WSB006
11947,C_WSB001
11950,C_ESB306
11953,C_ESB324
11956,C_ESB347
11959,C_ESB355
11962,C_ESB361
11965,C_ESB403
11968,C_ESB406
11971,C_SVRWD
11974,C_ESB407
11977,C_ESB408
11980,C_ESB433
11983,C_ESB413
11986,C_ESB414
11989,C_ESB415
11992,C_ESB420
11995,C_ESB425
11998,C_CAA185
11999,C_CAA194
12004,C_CAA184
12007,C_CAA173
12008,C_CAA181
12009,C_CAA183
12016,SP_MCD002_MRS000
12019, 16_NA2
Non-district
12020,Local Inflow
12022,Hamilton Branch
12024,BVT003
12025,CRB002
12026,BTN007
12027,RCT007
12028,GFT003
12029,GRT003
12030,CST004
12031,POE006
12032,SG93_DED044_13
12033,SG94_DED038_13
12034,SG95_DED035_13
12035,SG96_DED032_13
12036,SG97_DED025_13
12037,SG98_DED019_13
12038,SG99_DED010_13
12039,SG101_DED003_13
12040,SG100_DED003_13
12041,GP_63_NU
12042,GP_63_PR2
12043,GP_63_NA5
12044,GP_62_NU
12045,SG456_CWD009_78
12047,SG457_CWD004_78
12049,TD_SLD027_102
12053,Santa Clara Valley WD
12055,Alameda County WD
12057,D_SBA020_ACFCD
12058,Alameda County FCWCD
Zone 7
12061,D_SBA020_ACFCD
12064,Zone 7 Patterson Pass WTP
12065,Zone 7 Del Valle WTP
12066,Santa Clara Terminal Reservoir
12067,D_CAA173_EMPIRE
12070,Empire West Side ID
12071,D_CAA181_KINGS
12072,County of KIngs
12075,D_CAA183_TULARE
12076,Tulare Lake Bed WSD
12079,D_CAA184_DUDLEY
12080,Dudley Ridge WD
12083,CSB001
12084,D_CAA185_CSB001
12087,Check 22
12088,CSB015
12089,C_CSB009
12090,CSB009
12091,D_CSB009_CLRTA1_DDWD
12092,Devils Den WD
(SCV)
12093,Devils Den PP
12094,C_CSB004
12095,CSB004
12096,C_CSB001
12105,D_CSB004_GVWD
12106,Green Valley WD
(County of Kings)
12109,Berenda Mesa WD
(KCWA R-9, 10A, 11B
12D, 12E, 13B)
12110,D_CSB015_KERN_BMWD
12113,C_CSB015
12114,CSB103
12115,Santa Barbara County
FCWCD
12116,D_CSB103_BRBRA
12121,Check 23
12122,D_CAA194_KERN
12125,C_CAA241
12128,CAA245
12129,C_CAA245
12132,CAA262
12133,Check 32-24
12134,C_CAA262
12137,CAA278
12138,Teerink
Pumping Plant
12139,C_CAA278
12140,CAA280
12143,Chrisman Pumping Plant
12144,C_CAA280
12145,CAA293
12146,A.D Edmonson
Pumping Plant
12149,Check 37-39
12150,CAA207
12151,C_CAA207
12152, Check 24
12155,CAA210
12156,C_CAA210
12157, Check 25
12158,CAA220
12159,C_CAA220
12164,CAA238
12165,Check 28
12166,C_CAA238
12167,CAA239
12168,C_CAA239
12173, Check 26, 27
12174,Check 29
12175,Cross Valley Canal
12176,D_CAA220_CAALOS
12177,Losses R-8C --> 13B
12180,D816
12181,D854
12182,D_CAA278_CAALOS
12183,D862
12184,Losses R-14A --> 14C
12187,D_CAA280_CAALOS
12188,D864
12189, Losses R-15A -->18A
12192,C_CAA293
12193,CAA304
12196,D_CAA304_WSB001
12199,C_CAA305
12200,CAA305
12203,Check 42
12204,Carley V Porter Tunnel
12205,D_CAA305_ESB306
12208,D846
12209,D847
12210,D848
12211,D849
12212,D850
12213,D851 part
12214,D_CAA207_LCP
12215,D851 part
12216,Lost Hills WD
(KCWA R-9, 10A, 11B
12D, 12E, 13B)
12219,D869
12220,D867
12221,D868
12222,Devils Den R-31A
12223,Berenda Mesa R-31A
12224,D_CAA242_KERN
12225,KWB Local Element Demand

12228,D_CAA279_KERN
12231,CAA279
12232,C_CAA279
12235,D863
12236,TVC000
12237,D851 part
12238,D_WSB006_WSBLOS
12239,D891
12240,Losses R-29A --> 29F
12243,D_WSB026_WSBLOS
12244,Losses R-29G --> 29J
12245,D893
12248,D_WSB027_WSBLOS
12249,Losses R-30
12250,D894
12253,Ventura County WPD
12254,D896
12257,D29
12258,D_WSB032_CLRTA2
12259,Santa Clarita Valley Water
12262,Castaic Lagoon 
Reach 30)
12263,D_WSB031_MWDSC
12264,Metropolitan Water District
12267,D895
12268,D_PYRMD_VNTRA
12269,D28
12272,D_ESB406_ESBLOS
12273,D882
12274,Losses R-22A, 22B, 23
12277,D_ESB361_ESBLOS
12278,D880
12279,Losses R-17 --> 21
12282,D_ESB425_ESBLOS
12283,D889
12284,Losses R-24,25,26A,28,28J
12287,D877
12288,D878
12289,D879
12290,D881
12291,D_ESB413_MWDSC
12292,Metropolitan Water District
(Reach 26)
12295,D885
12296,D_ESB413_MWDSC
12297,D899
12298,Metropolitan Water District
(Reach 28G, 28H)
12301,D27
12302,D_PRRIS_MWDSC
12303,Metropolitan Water District
(Reach 28J)
12306,D_ESB408_DESRT
12307,D884
12308,Desert WA
(Reach 26A)
12310,D_ESB414_BRDNO
12311,D886
12312,San Bernardino Valley MWD
(Reach 26A)
12315,D_ESB415_GABRL
12316,D887
12317,San Gabriel Valley MWD
(Reach 26)
12320,D_ESB420_GRGNO
12321,D888
12322,SanGorgonio Pass WA
(Reach 26)
12325,D_ESB324_AVEK
12326,Antelope Valley - East Kern WA
(Reach 19-19C-20A-20B-21-22A)
12329,D_ESB347_PLMDL
12330,Palmdale WA
(Reach 20A, 20B)
12333,D_ESB355_LROCK
12334,Littlerock Creek ID
(Reach 21)
12337,D_ESB403_MOJVE
12338,Mojave WA
(Reach 22B, 23)
12341,D_ESB407_CCHLA
12342,Coachella Valley WD
(Reach 26A)
12345,D883
12346,D_SVRWD_CSTLN
12347,D25
12348,Crestline - Lake Arrowhead WA
(Reach 24)
12351,C_SJR278
12353,C_SJR279
12354,C_SJR280
12355,USGS 11247000
San Joaquin River 
below Kerckhoff 
powerhouse 
near Prather CA
12358,D_KRCKH_KPA008
12359,KPA008
12360,USGS 11246950
Kerckhoff Powerhouse 
near Auberry
12361,C_KPA008
12366,SJR278
12369,SJR280
12370,C_SJR287
12371,SJR287
12372,USGS 11246700
  San Joaquin River 
near Auberry
12373,C_KRCKH
12378,S_KRCKH
12379,KRCKH
12380,I_SJR288
12381, San Joaquin River
12382,E_KRCKH
12387,C_SJR289
12389,SJR289
12390,C_SJR290
12393,SJR290
12394,C_SJR295
12397,SJR295
12398,C_SJR296
12399,SJR296
12400,C_RDNGR
12401,RDNGR
12402,S_RDNGR
12403,I_RDNGR
12404,E_RDNGR
12405,C_SJR300
12406,SJR300
12407, San Joaquin River
12418,USGS 11242000
San Joaquin River above Willow Creek
near Auberry
12419,C_SJR303
12420,SJR305
12421,USGS 11238600
San Joaquin River above Stevenson Creek
near Big Creek
12422,C_BGCD6
12423,BGCD6
12424,C_SJR306
12425,SJR306
12426,I_SJR305
12427, San Joaquin River
12435,SJR303
12437,C_SJR305
12440,C_SJR307
12441,SJR307
12442,C_SJR308
12443,USGS 11235000
San Joaquin River above Big Creek
12448,USGS 11234760
San Joaquin River above Shakeflat 
Creek near Big Creek
12449,SJR312
12450,C_SJR312
12451,SJR310
12452,C_SJR310
12457,C_SJR313
12458,SJR313
12461,C_MAMTH
12462,MAMTH
12463,E_MAMTH
12464,I_MAMTH
12465,C_SJR318
12466,SJR318
12467, San Joaquin River
12468,S_MAMTH
12475,C_SJR324
12476,SJR324
12479,USGS 11226500
San Joaquin River at Miller crossing
12480,C_SSJ008
12483,C_SSJ015
12484,SSJ015
12487,C_WRM003
12488,USGS 11231700
Warm Creek below Diversion Dam 
near Lake Thomas Edison
12490,C_WRM004
12491,WRM004
12494,I_WRM004
12496,C_WWC000
12497,WWC000
12500,WWC001
12501,C_WWC001
12504,I_WWC001
12506,WWC006
12507,C_WWC006
12510,SFW000
12511,C_SFW000
12514,USGS 11246500
Willow Creek at
Mouth near Auberry
12515,SFW001
12516,C_SFW001
12519,SFW005
12520,C_SFW005
12523,I_SFW001
12525,USGS 11245000
South Fork Willow Creek 
near North Fork
12526,USGS 11243405
South Fork Willow Creek 
near Bass Lake
12527,SFW006
12528,C_SFW006
12531,I_SFW006
12533,SF Willow Creek
12535,C_NFW008
12536,NFW006
12537,C_NFW006
12541,I_NFW006
12543,C_MNZNT
12544,USGS 11244050
North Fork Willow Creek below
Manzanita Lake Dam near 
North Fork
12547,MNZNT
12548,C_NFW009
12549,I_NFW009
12550,NF Willow Creek
12555,C_NFW010
12556,NFW009
12559,NFW010
12561,BASSL
12562,S_BASSL
12563,C_BASSL
12564,NFW012
12565,C_NFW012
12566,USGS 11244000
North Fork Willow Creek 
near Bass Lake
12571,E_BASSL
12573,I_BASSL
12575,Bass Lake
12577,C_NFW023
12579,C_NFW026
12580,NFW026
12583,NF Willow Creek
12585,I_NFW026
12587,USGS 11242400
North Fork Willow Creek 
near Sugar Pine
12589,RCK001
12590,C_RCK001
12593,I_RCK001
12594,Rock Creek
12597,Ross Creek
12598,RSS001
12599,I_RSS001
12600,C_RSS001
12605,STV006
12606,C_STV006
12609,C_SHVER
12610,SHVER
12611,S_SHVER
12612,C_STV007
12613,I_SHVER
12614,Local inflows
12615,STV007
12622,E_SHVER
12623,NFS003
12624,I_NFS003
12625,C_NFS003
12626,NFS001
12627,USGS 11239300
North Fork Stevenson Creek at Perimeter Road
near Big Creek
12628,C_NFS001
12634,USGS 11241500
Stevenson Creek at Shaver Lake
12635,North Fork 
Stevenson Creek
12637,C_BGC001
12638,BGC001
12639,C_BGCD5
12640,BGCD5
12641,E_BGCRK
12642,I_BGC002
12643,Local inflows
12651,USGS 11238500
Big Creek near mouth 
near Big Creek
12652,BGC004
12653,C_BGC004
12654,BGC003
12655,C_BGC003
12660,Ely Creek
12661,ELY001
12662,C_ELY001
12666,I_ELY001
12668,C_BGC008
12669,BGCD4
12670,C_BGCD4
12674,USGS 11237000
Big Creek below
Huntington Lake
12675,BGC008
12677,HNGTN
12678,S_HNGTN
12679,C_HNGTN
12680,I_HNGTN
12681,Big Creek Inflow to Huntington Reservoir
12682,E_HNGTN
12683,C_BGC011
12690,C_PTM000
12693,C_PTM001
12696,C_PTM002
12699,Pitman Creek
12700,I_PTM002
12703,USGS 11238000
Pitman Creek at Big Creek

12704,USGS 11237700
Pitman Creek near
Tamarack Mountain
12705,USGS 11237500
Pitman Creek below
Tamarack Creek

12706,C_BSM001
12707,BSM001
12709,MFB000
12710,C_MFB000
12714,I_BSM001
12717,Balsam Creek
12718,BLSMM
12719,C_BLSMM
12722,SSJ016
12723,C_SSJ016
12726,SSJ017
12727,C_SSJ017
12730,C_SSJ020
12731,SSJ020
12734,SSJ022
12735,C_SSJ022
12738,SSJ024
12739,C_SSJ024
12740,SSJ023
12741,C_SSJ023
12746,C_SSJ026
12747,SSJ025
12748,C_SSJ025
12753,PRTLF
12754,C_PRTLF
12755,I_C61002
12756,C_C61002
12757,C61002
12763,Camp Sixty
One Creek
12765,C_BOC001
12768,C_BOC002
12769,BOC002
12772,C_CQC000
12773,CQC000
12774,C_C62001
12779,I_BOC002
12780,Bosillo Creek
12783,I_C62001
12784,Camp 62 Creek
12787,C_CQC001
12790,I_CQC001
12791,Chinquapin Creek
12794,USGS 11230670
Bolsillo Creek below
Diversion Dam near Big Creek
12795,USGS 11230650
Bolsillo Creek above
Diversion Dam near Big Creek
12796,USGS 11230600
Camp 62 Creek below 
Diversion Dam near Big Creek
12797,USGS 11230560
Chinquapin Creek below 
Diversion Dam near Big Creek
12798,HPC001
12799,C_HPC001
12800,HPC000
12801,C_HPC000
12806,Hooper Creek
12808,USGS 11230200
Hooper Creek below Diversion Dam
near Florence Lake

12809,I_HPC001
12811,USGS 11230215
South Fork San Joaquin River below Hooper Creek
near Florence Lake
12812,USGS 11230070
South Fork San Joaquin River
above Hooper Creek near Florence Lake
12813,USGS 11230000
South Fork San Joaquin
River near Florence Lake
12814,BRC000
12815,C_BRC000
12818,C_BRC001
12819,BRC001
12821,BRC002
12822,C_BRC002
12826,Bear Creek
12828,I_BRC002
12830,USGS 11230530
Bear Creek below Diversion 
Dam near Lake Thomas Edison

12831,USGS 11230500
Bear Creek near Lake 
Thomas Edison

12832,NSC001
12833,C_NSC001
12836,I_NSC001
12838,North Slide Creek
12840,I_SSC001
12841,South Slide Creek
12842,SSC001
12843,C_SSC001
12848,E_FLRNC
12849,FLRNC
12850,S_FLRNC
12851,C_FLRNC
12852,C_CRC002
12853,CRC002
12854,I_CRC002
12855,Crater Creek
12863,Upper San Joaquin River
12864,I_FLRNC
12867,C_TSC001
12868,TSC001
12869,I_TSC001
12870,Tombstone Creek
12875,MON004
12876,C_MON005
12877,MON005
12880,C_MON004
12882,I_MON005
12884,C_MON006
12885,MON006
12888,C_EDSON
12889,EDSON
12890,S_EDSON
12891,E_EDSON
12892,I_EDSON
12896,Mono Creek
12899,USGS 11231500
Mono Creek below 
Lake Thomas Edison
12900,USGS 11231600
Mono Creek below Diversion Dam
near Mono Hot Springs
12901,D_WRM004_EDSON
12904,D_HPC001_FLRNC
12907,D_TSC001_FLRNC
12910,D_SSC001_FLRNC
12913,D_NSC001_FLRNC
12916,D_MAMTH_MTB001
12917,MTB001
12918,C_MTB001
12923,USGS 11234750
Mammoth Pool Fishwater Turbine near
Big Creek
12924,D_MAMTH_MPB007
12925,USGS 11235100
Mammoth Pool Powerhouse
near Big Creek CA
12926,MPB007
12927,C_MPB007
12932,D_CQC001_WRD003
12935,D_C62001_WRD005
12938,D_RSS001_MPB007
12941,D_BOC001_WRD006
12944,D_PRTLF_PPH007
12945,PPH007
12946,C_PPH007
12951,D_BLSMM_EPS002
12952,EPS002
12953,C_EPS002
12958,USGS 11238250
Eastwood Powerhouse  above 
Shaver Lake near Big Creek
12959,D_NFS003_HCS001
12960,HCS001
12961,C_HCS001
12966,USGS 112390000
Huntington-Shaver Conduit Outlet 
near Shaver Lake
12967,D_HNGTN_HCH001
12968,HCH001
12969,C_HCH001
12974,USGS 11236080
Huntington-Shaver Conduit at
Huntington Lake
12975,D_SFW006_BCB001
12976,BCB001
12977,C_BCB001
12982,USGS 11243300
Browns Creek Canal at
Bass Lake
12983,D_BGCD5_BP8001
12984,BP8001
12987,USGS 11238550
Big Creek Powerhouse No. 8
near Big Creek
12988,D_BGCD6_BP3005
12989,BP3005
12990,C_BP3005
12995,USGS 11241800
Big Creek Powerhouse No. 3
near Shaver Lake CA
12996,D_RDNGR_BPA003
12997,BPA003
12998,USGS 11246530
Big Creek Powerhouse No. 4
near Auberry
12999,C_BPA003
13004,D_SHVER_BCPH2A
13007,D_HNGTN_BP1003
13008,BP1003
13009,C_BP1003
13014,USGS 11238100
Big Creek Powerhouse No. 1 
at Big Creek
13015,S_BLSMM
13016,C_SDS001
13017,SDS001
13018,USGS 11242350
Soquel Diversion near 
Sugar Pine CA
13021,D_NFW026_SDS001
13024,D_BASSL_PCB001
13025,PCB001
13026,C_PCB001
13031,USGS 11243500
PG&E No. 3 Conduit 
near Bass Lake
13032,D_BSM001_BGCRK
13035,C_WCN002
13036,WCN002
13037,D_SFW000_WCN002
13042,CRRLN
13043,D_CRRLN_SPA001
13044,SPA001
13045,C_SPA001
13050,USGS 11245300
Willow Creek
near North Fork CA
13051,USGS 11246610
San Joaquin Powerhouse No. 1 
near Auberry (Wishon PH) 
13052,D_ELY001_BP2004
13055,USGS 11238400
Big Creek Powerhouse No. 2A
near Big Creek
13056,D_FLRNC_WRD000
13057,WRD000
13058,C_WRD000
13063,D_MON005_MCM001
13064,MCM001
13065,C_MCM001
13070,D_MBS002_MBM004
13071,MBM004
13072,C_MBM004
13077,USGS 11231551
Mono Bear Conduit 
near Mono Hot Springs
13078,USGS 11231550
Mono Creek Conduit 
near Mono Hot Springs
13079,D_NFW006_CRRLN
13082,D_MNZNT_SP2003
13083,SP2003
13084,C_SP2003
13089,USGS 11238270
Middle Fork Balsam Creek
below Balsam Meadow Forebay
near Big Creek

13090,D_PTM001_PSB001
13091,PSB001
13092,C_PSB001
13097,USGS 11237600
Pitman Creek Shaft below
Tamarack Creek near Big Creek
13098,D_BGCD4_BP2004
13099,C_BP8001
13104,USGS 11238380
Big Creek Powerhouse No. 2 
near Big Creek CA
13105,D_KRCKH_KPM010
13106,KPM010
13107,C_KPM010
13112,USGS 11247050
Kerckhoff Powerhouse No. 2
at Millerton Lake near Auberry
13113,MBS002
13114,C_BCT001
13115,BCT001
13116,D_BRC001_BCT001
13121,USGS 11230520
Bear Creek Conduit 
near Lake Thomas Edison
13122,D_CRC002_FLRNC
13125,D_RCK001_MPB007
13128,BOC001
13129,C62001
13130,CQC001
13131,NFW008
13132,NFW026
13133,PTM001
13134,PTM000
13135,SJR279
13136,SJR309
13137,SSJ008
13138,SSJ026
13139,WRM003
13140,CT_MELON
13141, Closure Term
13144,CT_PEDRO
13145, Closure Term
13148,CT_MLRTN
13149, Closure Term
13152,C_CAA183_TVC
13155,D_CAA238_CVPCV
13156, CVP Cross Valley Canal
13159,D_CAA239_CVPRF
13160, CVP Refuge
13163,CAA240
13164,C_CAA240
13167,CAA242
13168,C_CAA242
13171,KCWA R-15A-16A
13172,CSB038
13173,C_CSB038
13176,San Luis Obispo County FCWCD
13177,D_CSB038_OBISPO
13180,Santa Barbara - San Luis Obispo Coastal Aqueduct
13181, PYRMD
13182,S_PYRMD
13183, CSTIC
13184,S_CSTIC
13185, SVRWD
13186,S_SVRWD
13187, PRRIS
13188,S_PRRIS
13189, DELVE
13190,S_DELVE
13191,SG246_SAC228_44
13193,SG215_SAC277_34
13197,Local inflows
13199,Local inflows
13201,D_SAC041_ISF001
13202,SAC041
13205,DCP North Delta Diversions
13206,BGC011
13208,SJR021
13209,Warm Creek
13211,C_SSJ013
13212,SSJ013
13215,WRD006
13216,WRD005
13217,WRD004
13218,WRD003
13219,C_SSJ021
13222,C_WRD006
13225,C_WRD005
13228,C_WRD003
13231,C_WRD004
13234,C_SSJ014
13235,SSJ014
13240,TUO033
13241,C_TUO033
13244,DWR B04150
Tuolumne River at Hickman Bridge
13245,Mono Creek
Local Infflow
13247,HCH002
13249,BP2001
13250,C_BP2001
13253,C_BP2004
13256,USGS 1123550
Portal Powerplant at Huntington Lake
13257,USGS 11229500
Ward Tunnel at Intake at Florence Lake
13258,WWC004
13259,C_WWC004
13262,BCPH2A
13263,C_BCPH2A
13266,SJR308
13267,C_SJR308
13270,BP2004
13271,C_HCH002
13273,PTM002
13274,UTICA
13275,D_UTC014_UTICA
13278,C_ANC000
13281,D_ANG015_ANC000
13284,ANG017
13285,C_ANG010
13288,ANG010
13289,Angels Canal
13290,ANC000
13291,D_UTC000_MIL003
13294,Lower Utica Canal
13295,D_NFA016_WTPWAL
13298,D_MNT000_GRVLD
13299, GRVLD